h3_index,date,city_id,temp_mean_c,dewpoint_mean_c,precip_sum_mm,wind_speed,radiation,soil_moisture,ndvi,lst_c,pm25,built_up_fraction,road_density_km_km2,building_density,building_fp_fraction,green_space_fraction,bpl_pct,slum_pct,elderly_pct,literacy_pct,heat_stress_idx,water_stress_idx,pollution_idx,vegetation_idx,urban_vulnerability_idx
88608b0105fffff,2024-01-01,mumbai,21.717188506026897,13.336946721832042,0.47171831740045567,0.6382893792949608,190.01510355287743,0.21906472671277508,0.29570352226634433,27.88871825867151,55.52332808164524,0.4697836719317801,19.54086386644215,49.647433817610015,0.44123860181538377,0.2660748111858427,0.2127766101289234,0.4482982107654206,0.08907224706920554,0.9025765929760116,0.0,0.0,0.5391181362098505,0.0,0.5341906712432715
88608b0105fffff,2024-02-01,mumbai,26.796155164984206,21.027635256821764,2.0962680155459616,10.689054400761284,250.00001515200375,0.08770142790377,0.20717872285289918,34.45188273467092,52.833357376508346,0.5269687865377743,4.191513136585197,179.79144664061312,0.5605183878701566,0.14605998212513796,0.21285584131131616,0.35437074972181215,0.029993242161797808,0.8787404476677897,0.0,0.0,0.32369230445412966,0.0,0.0
88608b0109fffff,2024-01-01,mumbai,24.18761124320119,18.83523072172074,26.384430077199063,1.7227972225667787,195.4390082691029,0.15701197247657628,0.27977996264550725,27.47131234074015,41.59969202483181,0.30986300756433777,21.584059542192403,170.66703674915593,0.5369805519392663,0.3491074124890064,0.22505668346121127,0.41490029317351745,0.1139833873013607,0.9079255235248614,0.0,0.0,0.0,0.0,0.8956341720340004
88608b0109fffff,2024-02-01,mumbai,23.744239370421283,14.457829908141854,11.198466824484406,1.323785212030517,265.927810030708,0.12344442638660653,0.2998513404596668,31.165473611944186,54.805281114360454,0.41246846504031975,1.4735613753856618,126.93339344700136,0.2327070971780615,0.20954771647442322,0.1857714347624951,0.37820663938563,0.040369476859553464,0.8533742736769899,0.0,0.0,0.48161347087219397,0.0,0.0
88608b010dfffff,2024-01-01,mumbai,21.389726257304247,12.459634727833066,2.656816096389463,4.922012229817376,190.44349961287796,0.23368626667751585,0.33152616222846687,25.389948235741915,47.92725435632287,0.3038398589357282,47.532759988735755,145.51316744698102,0.07732137874926326,0.23218849449986573,0.17166414721820505,0.4525140502077243,0.05212537519920929,0.908761348948993,0.0,0.0,0.0,0.0,2.197862890662401
88608b010dfffff,2024-02-01,mumbai,23.364237874200736,16.725192717109433,6.232055347557711,9.040369227650373,283.68861650721817,0.14778950441691943,0.1762308232238879,26.57436281583385,46.86924850294132,0.4198854281860382,0.8664524154434111,712.5515020580069,0.2886256839093078,0.006295455647207517,0.18390954027018042,0.45590139578164796,0.07710860349291293,0.9366435028345114,0.0,0.0,0.0,0.0,0.0
88608b0129fffff,2024-01-01,mumbai,24.303147919910707,14.316293966012484,4.006427778579973,1.2499116201895863,210.90483365645858,0.24378009734621875,0.34903995569606056,32.18510469754854,41.91928879830629,0.17240085155828294,3.3033157057531572,743.2299199289413,0.49988773551289833,0.0210726049989137,0.13422695285666336,0.4314210900899147,0.10192932148009952,0.9203759988770465,0.0,0.0,0.0,0.0,0.4558208166701776
88608b0129fffff,2024-02-01,mumbai,23.161216999893494,18.063849687236083,6.795475812486633,4.034408215477576,274.19736252556856,0.1310039488464395,0.3087593350763294,29.819217345744534,52.58006505550695,0.8615331098525478,15.101436784581862,133.12731542706558,0.5589480289659162,0.06266518951412803,0.15590204195232651,0.4314332013359669,0.07556522696679047,0.9621098536655668,0.0,0.0,0.30340743338662685,0.0,0.574207758149213
88608b0145fffff,2024-01-01,mumbai,21.85214177482329,15.749741005506921,5.31175924381988,9.013823070240136,217.18724252032345,0.1536875190104568,0.4088755741989172,28.809142273827018,35.422968634429736,0.20949585462105866,5.350240490632762,49.35370794449305,0.37906036978526136,0.03948248991290981,0.11299170667225865,0.4212789495123808,0.05491521204909919,0.8631189386023181,0.0,0.0,0.0,0.0,0.0
88608b0145fffff,2024-02-01,mumbai,25.703553486984127,18.979762785652277,4.67011847342392,1.3350754663064497,261.7648670397265,0.095622357042847,0.15934537407473442,29.30959584152726,45.40125243528768,0.18920029528358356,16.045143494031755,20.738466225269953,0.6302608068277233,0.4295992529925446,0.15882701105694697,0.437017179600097,0.09098622423824528,0.8576312871359203,0.0,0.0,0.0,0.0,0.1948539707176188
88608b0147fffff,2024-01-01,mumbai,24.30814547430654,15.46673748538224,2.316730326634611,10.678994912657883,203.1866020019282,0.19920172033587072,0.3498245324823474,26.42807332968043,50.410914204174645,0.41423343251206957,19.316580208702113,395.8384660761856,0.1374111448586342,0.09248881133930768,0.17145319279485086,0.4377882486361695,0.10636553863004956,0.8857456295403339,0.0,0.0,0.12969136820438118,0.0,0.7823647234584179
88608b0147fffff,2024-02-01,mumbai,25.102940107947997,14.624601781652387,16.39203808535028,0.5,235.7100862102642,0.15110444781007693,0.403548724519894,31.649473147806212,56.354203618306556,0.5698240137573681,9.7942579080592,386.3264515058568,0.18972288579977345,0.09741665261699047,0.2002631455894503,0.42112187567605464,0.06860530745197332,0.8732081028261697,0.0,0.0,0.6056586577214543,0.0,0.003388865231864142
88608b014dfffff,2024-01-01,mumbai,22.947369018222197,12.491309311429356,0.639478050200402,6.212249171087793,179.1758375635122,0.16389047991725636,0.3232545101635657,27.87305055687496,47.94407284855081,0.1872637545662436,8.68169268440915,1616.471708343399,0.3060302552458843,0.2353710079981733,0.16479649832559418,0.41090873733081207,0.1115042803869895,0.8614165498041424,0.0,0.0,0.0,0.0,1.3184691481933628
88608b014dfffff,2024-02-01,mumbai,23.603528316333772,14.187517394888966,16.024458132281246,4.935630755687182,247.99204062128112,0.14055511675528717,0.2979716324857696,29.951114452720724,53.6756480344237,0.6795565804314114,4.6078590093912934,838.2322257075468,0.3321713862731576,0.0684626972251473,0.1869391647106168,0.4268085790271155,0.13783792448082255,0.8794513303179683,0.0,0.0,0.3911470039476897,0.0,0.6355989996803852
88608b0151fffff,2024-01-01,mumbai,23.908396804815116,14.416234789820287,4.306853029830279,3.327485217024333,184.06626808654858,0.17447368426997517,0.3335688315908989,28.539559978266773,49.45191535943426,0.5236204583345531,2.0456270727536117,158.81192004740075,0.5705678602354054,0.1251436891567984,0.14625784004520528,0.4599379287557466,0.06033064664166253,0.8556827094711185,0.0,0.0,0.052890114054492794,0.0,0.0
88608b0151fffff,2024-02-01,mumbai,25.602669726136522,15.910772647586018,11.125909708124428,3.846680178761465,250.12194428792714,0.10825475847357324,0.20838741831464141,30.729802489002658,55.989675281541444,0.5109829428739958,24.491058594666605,329.5884575077157,0.382561716180527,0.06121018447312166,0.15941141270515927,0.3843619838831659,0.0938448865942318,0.8830188181290379,0.0,0.0,0.5764654698565489,0.0,1.633118380620247
88608b0155fffff,2024-01-01,mumbai,22.297716223097595,10.418846508829397,5.105742158241057,0.5831708160039331,182.16238306871298,0.2191698019605171,0.3008626087036612,25.1641438639294,42.68161145101119,0.5573566995056641,3.655233586558803,24.311499063499827,0.2403807869414209,0.04950512094956522,0.16288765011561657,0.42874580916500554,0.05433488222083482,0.9257586413820394,0.0,0.0,0.0,0.0,0.0
88608b0155fffff,2024-02-01,mumbai,23.378095840837744,14.329620938550288,25.423366629193698,6.651727899663738,265.76734463796174,0.1261892438346729,0.21879057754814857,26.317534648897478,53.79523600770034,0.2558564165610944,7.784402787750135,62.85263178021787,0.4000501806864835,0.08948518962876442,0.18535345423282873,0.423100446937906,0.07689252925764886,0.865350489960832,0.0,0.0,0.40072418579651214,0.0,0.0
88608b0161fffff,2024-01-01,mumbai,22.89020798040981,14.605044179948955,0.5921778666856246,0.5320572416147311,206.95969152816005,0.15630634099255067,0.45379445869480695,29.166270514357215,36.68318515766903,0.6707226866089081,1.3398407322668646,558.9545553424326,0.4016728133704786,0.3844251601829211,0.14180882212474297,0.35907794766282064,0.07523279388505302,0.8934814087735254,0.0,0.0,0.0,0.0,0.0
88608b0161fffff,2024-02-01,mumbai,26.22246169846311,18.11952985897276,6.589934252623499,7.07430818683046,255.71603461782757,0.12200062436137242,0.22533183184248906,28.82524904977551,42.236735700364186,0.674035494393915,1.0925143564921127,150.0462442894509,0.17176729497329618,0.14932372639270006,0.14888346484676504,0.506563134873521,0.09260623615873473,0.8477083630951479,0.0,0.0,0.0,0.0,0.0
88608b0163fffff,2024-01-01,mumbai,24.677118308897715,15.590016306239555,2.6379983713203026,1.8680023088389799,196.14616036850683,0.20639532599092422,0.29917988208364715,29.950354651594107,41.57683349713131,0.49293878112128414,0.7238041109857406,113.36659338606547,0.12237254055568027,0.0031004105010272384,0.21189342368262204,0.4792662161086281,0.06894417388321752,0.8610077704326039,0.0,0.0,0.0,0.0,0.0
88608b0163fffff,2024-02-01,mumbai,26.885991491841622,14.998064027830559,2.1125345767368713,10.711302721184815,241.2612548784596,0.0920220281109082,0.27547906083756124,30.34257747727657,51.02374898625734,0.03946902917844211,4.667347146134047,273.7946148621444,0.534909524959949,0.13096631709678588,0.22113952109107313,0.4430624572820432,0.07872204323301484,0.9043835442424242,0.0,0.0,0.17877013415781234,0.0,0.013422835834691463
88608b0165fffff,2024-01-01,mumbai,23.119272231154813,16.473674895786196,6.400034762492444,2.1169743855664795,192.9628451479223,0.19826060309720878,0.3863084146665701,29.68450828381963,41.09535301030504,0.33485368185486064,2.042819751980887,77.09577960734028,0.19014048722750215,0.5927994379208782,0.19650568361910845,0.416974940274187,0.04804113856337229,0.8333128656508916,0.0,0.0,0.0,0.0,0.0
88608b0165fffff,2024-02-01,mumbai,23.488503543332655,18.017900062915146,3.0794392770080297,1.083794076737294,263.9047161224641,0.15102958609566028,0.31181827448352506,30.190045181373918,48.09722062025262,0.6472353438581523,7.551439258224556,425.0725241187536,0.6535990008889788,0.5134445637665732,0.17130352686200592,0.4210433452217538,0.09764249876781676,0.8958650900343262,0.0,0.0,0.0,0.0,0.0
88608b0167fffff,2024-01-01,mumbai,24.84023106783209,13.701797020768783,1.3882246227378567,0.5,204.20570689014792,0.24604545327559696,0.3202730857961379,29.709646835194768,43.76240077331355,0.6202952048000988,0.6173095061569189,593.402918077747,0.4925682648414273,0.16527833537982373,0.2210985468236876,0.3558791419727033,0.07216486510565873,0.9207307763441258,0.0,0.0,0.0,0.0,0.0
88608b0167fffff,2024-02-01,mumbai,23.717857781110382,13.366203014740279,1.8267511583100076,0.5,252.5229520325611,0.12781840381442697,0.2398671270846262,26.165463447993115,57.32333234662518,0.2491373434068915,1.9383991246396708,62.703973508832355,0.31644273655653005,0.13739627191921175,0.1905091751796693,0.46616553372608716,0.10123239141341323,0.8879018549420009,0.0,0.0,0.6832711618196278,0.0,0.0
88608b0169fffff,2024-01-01,mumbai,25.82999955319331,18.87972628992263,11.001693667299362,4.653783647590771,189.10590049742294,0.19427460055399798,0.3735364163663596,33.34817555910223,41.02250920407441,0.5441735227336761,6.522827506097172,598.1356009861985,0.8037243901171206,0.4510350211585237,0.20147757815991743,0.4286857992917468,0.08736827900650461,0.8481013264363025,0.0,0.0,0.0,0.0,0.4550088201149404
88608b0169fffff,2024-02-01,mumbai,23.667152266752225,16.319447110275224,21.862058682303083,3.6224140308969837,267.66222657291956,0.0712786653611458,0.29305226206066937,29.345403985980383,50.65229951841425,0.17057398296039517,9.551347561075847,129.77348814821124,0.0806076321860966,0.02295252465316937,0.186537548265146,0.4131752806806457,0.07448562505254389,0.8529879643492257,0.0,0.0,0.14902266872537973,0.0,0.0
88608b016bfffff,2024-01-01,mumbai,24.242626428404044,18.681720389040496,23.584250482325892,1.9990008538128035,182.59731280744492,0.18726112409477985,0.32516996612364285,30.26036097104672,45.24435425900223,0.4574597764418469,3.802108769005851,152.84637947901223,0.5474933507958196,0.5261741853379623,0.17338702073023293,0.44174536804288356,0.11212419134199869,0.8715804831504426,0.0,0.0,0.0,0.0,0.0
88608b016bfffff,2024-02-01,mumbai,26.601382552980176,14.973689992660557,4.3667897679233985,0.5,260.704095265637,0.12867523122945293,0.3631088323767383,34.058649092814214,57.72602325270419,0.5553140044572668,2.894542514161883,685.3279944124898,0.2961218573867123,0.23711721522134827,0.17747499907572883,0.4296536677712385,0.0852779488837625,0.9029899171964361,0.0,0.0,0.7155205923494371,0.0,0.0
88608b016dfffff,2024-01-01,mumbai,24.849001311985077,18.4976789085037,15.929962032241258,5.599367228365186,189.12201602827028,0.21801278770967203,0.30736619938536036,30.913564385296684,40.85217571203283,0.24462671122480528,9.097332968147137,604.6702863189322,0.17249581881925027,0.2397363937415065,0.16518001911678418,0.4026871748031734,0.08600106016368207,0.8742672681029382,0.0,0.0,0.0,0.0,0.0
88608b016dfffff,2024-02-01,mumbai,24.56588806196268,14.18773829902339,31.269660085326866,2.3986371385893075,229.5129028765744,0.0997522841350517,0.22489559108412566,32.44112020098478,55.10004749566976,0.4000084368306654,4.804695659167126,7.024583473765343,0.3536449159064714,0.22401631110180925,0.18483392478319502,0.43989181582977605,0.06818649665268792,0.8398651085770912,0.0,0.0,0.5052197847795977,0.0,0.0
88608b0301fffff,2024-01-01,mumbai,24.887570590623145,13.52006026129494,5.384476864146215,1.6767380918686952,189.57261104065415,0.1712100657693721,0.3080785199238316,31.45440282268785,43.400649236665416,0.5001022850531541,9.261058685934398,73.30960720706649,0.6368952900014416,0.039057247017760026,0.18920607364697126,0.4429332979244249,0.12225627892803818,0.893801317372661,0.0,0.0,0.0,0.0,0.7550292235168328
88608b0301fffff,2024-02-01,mumbai,26.456554806341636,18.595067721882018,11.622505299944946,2.89826095683529,278.1293892298123,0.1933244130659026,0.3024577335805945,29.134307890297205,51.58313998684101,0.7448097407620625,4.360299380600121,208.5979789928816,0.6345183743735996,0.05584218880993049,0.18991173951730764,0.4081720619692065,0.04564081319306712,0.8944108781310871,0.0,0.0,0.22356886425077463,0.0,0.13068016099617932
88608b0303fffff,2024-01-01,mumbai,26.141755201166156,17.819152307865522,5.243057789508377,0.5,172.17947837480276,0.18163615316440876,0.3223507534348644,33.32394494130216,47.25031889868628,0.23512387581264624,10.279103244231653,406.4125634119097,0.3312966938851077,0.024374593001680718,0.14225085968569362,0.3824984330957537,0.03785954158841266,0.8679781899952502,0.0,0.0,0.0,0.0,0.2894423884378245
88608b0303fffff,2024-02-01,mumbai,26.04536654299303,15.815430837838148,5.208577415180753,0.5,238.47080769574052,0.051133726058921095,0.24282510278482622,30.772416944667945,52.208095546138736,0.5800544652732397,15.039782643958132,45.20264657536064,0.4510179904999574,0.018170809665515944,0.14308279602519258,0.4572071326611648,0.07310065379146086,0.9296905075869352,0.0,0.0,0.27361832051993557,0.0,0.4818981861284602
88608b0305fffff,2024-01-01,mumbai,24.57390794648133,19.209188370152397,4.855614363519759,3.131641974585893,214.12808045828308,0.235571229173065,0.32949116995793815,29.997961451048475,43.97566103172337,0.48387627041561193,17.56493863881578,54.908335064046916,0.48821194778673543,0.09126046672286155,0.20671027412745732,0.446258211583811,0.06677442350146953,0.8545236719457903,0.0,0.0,0.0,0.0,1.0331279790627432
88608b0305fffff,2024-02-01,mumbai,26.083618477592335,16.70086159123359,9.798313897321853,0.7735318201979391,260.3724656665538,0.1320504392766742,0.2502074958994071,29.27397451090278,43.26970221200898,0.7117564346471091,10.619979153949638,42.2295679043372,0.5527805104012549,0.140457844611656,0.19628277990406037,0.4165505630936074,0.12121149031934451,0.9029736637394442,0.0,0.0,0.0,0.0,0.34820367979488615
88608b0311fffff,2024-01-01,mumbai,23.532343139265393,17.53366074157498,0.9542995239211209,0.5327824025098544,167.66581135461945,0.19106406504407492,0.4023650822165604,31.11939560442949,39.096688519680036,0.39532339289976487,0.8867720281653365,81.56758777818739,0.4808197605036266,0.576007326233328,0.2298804284085368,0.44977735323083934,0.10408466709917219,0.8493699421953675,0.0,0.0,0.0,0.0,0.0
88608b0311fffff,2024-02-01,mumbai,26.55718094064848,19.949049222974743,22.543378934838017,8.532019873447895,284.429936993538,0.11110740974459862,0.2866922020835756,33.40100683079666,57.35854287493886,0.5931472898362645,0.8171493052462512,528.0283964207428,0.15957761232095144,0.04763495716466661,0.20893244186218174,0.4034296651877228,0.03565860914187826,0.8758697740005909,0.0,0.0,0.6860909907991952,0.0,0.0
88608b0319fffff,2024-01-01,mumbai,24.089918427714245,15.767711520560855,2.5482321510764687,0.5,197.29070219059378,0.2597998366947829,0.3550982248573827,28.64905593781934,49.323378669110554,0.643034442064533,3.9882332865846615,22.205238990577506,0.2537020689777612,0.05115594640455673,0.2094272482733083,0.4528304738482515,0.11770398325583337,0.8089004918584642,0.0,0.0,0.042596275771706285,0.0,0.0
88608b0319fffff,2024-02-01,mumbai,23.710225952694376,12.406899094917243,5.816792361773405,2.779680122476063,244.08981835251805,0.14417709155709665,0.3554433397671739,29.306700355882107,56.29795957476558,0.8768282058330642,4.121985385922498,632.0464427044315,0.21350166308259955,0.24503525525525213,0.16145424408243333,0.43321984486575377,0.05699945425293834,0.8965358814470243,0.0,0.0,0.601154363366879,0.0,0.0
88608b031dfffff,2024-01-01,mumbai,25.453563582804467,18.11961446028511,7.450496716173723,0.8679216946684172,215.80757976551624,0.22821986686081142,0.49214188533054176,32.09885151018569,45.123404672161726,0.7334642662329494,5.674886161145562,18.199802787586865,0.6984189346600307,0.38622573162537793,0.10287524077043336,0.4169996062989426,0.07675969072864405,0.8420520369776903,0.0,0.0,0.0,0.0,0.0
88608b031dfffff,2024-02-01,mumbai,26.19491123733326,20.9719061614428,5.872581859675697,2.9623577371042735,242.67410708404316,0.12708809534311205,0.2693383142690396,29.97770791608858,56.20399207479066,0.5385969906138083,7.65956983735244,411.7433898300255,0.23573095243052175,0.23680048362424702,0.20349070396356164,0.4450914779221021,0.10690932314377924,0.8894367278002422,0.0,0.0,0.5936289926253152,0.0,0.0
88608b0321fffff,2024-01-01,mumbai,24.041850226562268,14.059735999955024,16.491903729337956,0.946131557385248,216.95744650270572,0.22173729685239113,0.36364695558737015,26.995598378573273,45.60409053502889,0.5405301997891365,6.721215315533021,82.31975117970181,0.09984415860693693,0.05683681431554203,0.1297214421003417,0.427476413356452,0.08567902305400156,0.8856347643248744,0.0,0.0,0.0,0.0,0.0
88608b0321fffff,2024-02-01,mumbai,24.664164511656402,15.799861319207954,0.2175139292903119,2.5533106446306193,215.7276273692798,0.08500401063708937,0.27674547315676634,27.069624709573354,61.13925181886191,0.4852212052262141,0.16415346861951116,37.568042014871594,0.3911519269271983,0.23094905081355444,0.17025641634440666,0.41962979097170766,0.10851580909770556,0.9336630575584134,0.0,0.0,0.988868402953008,0.0,0.0
88608b0325fffff,2024-01-01,mumbai,22.473725809192185,11.268329267747555,6.101205346135487,2.24819034711898,195.15512462254955,0.19542064477179538,0.2441862935702866,29.207041660658554,46.53112573261536,0.20927588106089787,12.290986889441948,170.74711211673653,0.47099215768258523,0.3452540605335122,0.1629089146463683,0.40273087781656036,0.11009381444172324,0.8376000472114179,0.0,0.0,0.0,0.0,0.07107257545122996
88608b0325fffff,2024-02-01,mumbai,23.70974273822352,13.456166698957821,13.352714120883801,3.845073636557705,248.8432502269717,0.09345103640803222,0.26496890498304115,29.897477071351055,45.63702616277879,0.3497193633288911,5.837315135634156,24.039738790969377,0.16233006059072252,0.2421696767792358,0.17745324457562758,0.4036947936116246,0.06887079274395974,0.9244200530575184,0.0,0.0,0.0,0.0,0.0
88608b0327fffff,2024-01-01,mumbai,22.138280522207932,11.017383739855894,10.02312867809065,4.597156565384774,202.14955410153144,0.1755586430337096,0.31367263965792713,24.58019109495803,43.179467586200566,0.29133128639078165,22.80976798153394,221.4784118523751,0.5294700220505175,0.036736798055111854,0.18413429400922168,0.39632244844693987,0.10570970466599984,0.8603228318774315,0.0,0.0,0.0,0.0,1.9319062723688833
88608b0327fffff,2024-02-01,mumbai,26.62473352264149,16.413259524193474,27.262112055183586,4.983102717546242,253.52643571126873,0.1069683541295609,0.19545870235673302,31.31856296283076,51.66823031037487,0.24141827280448394,7.069609518989058,473.9202554417412,0.18573270959306507,0.012373305463031309,0.20851170420183546,0.3939137598404087,0.10831113936625714,0.9069891929308849,0.0,0.0,0.23038330787524955,0.0,0.08113152614390982
88608b0329fffff,2024-01-01,mumbai,23.148107619128186,17.564897190080075,4.511576537228126,2.5730350580980152,204.06676611871134,0.14381447039977657,0.3445568607265143,30.814181118194444,47.58965324422797,0.6595543322105306,9.042289822841939,113.66564646383611,0.46276835466459265,0.35993322930315585,0.22303341540250993,0.46355020450700596,0.07391108487858096,0.8861182280423263,0.0,0.0,0.0,0.0,0.0
88608b0329fffff,2024-02-01,mumbai,23.605776967957517,15.803071616688877,20.8821123964403,4.11953962935494,245.37410587476558,0.12421636955535709,0.3449591431056858,31.089364564747576,51.70536067890218,0.3946314645951003,13.305300467574298,13.170784454393662,0.637152404916583,0.05127651398228456,0.1300195700083585,0.41079022616246696,0.10781361275903162,0.8845235660821157,0.0,0.0,0.23335688692133993,0.0,0.821519400812211
88608b032bfffff,2024-01-01,mumbai,23.135080175383507,11.191890722004823,5.646675347208687,1.4966378278539063,219.7938052931,0.19395868816293038,0.40282953985072656,26.03360937267025,47.64813155646436,0.5285605925434258,2.2121253560668395,1361.6716985902865,0.2608044241431846,0.005115987510989773,0.1407216702752163,0.411416290856916,0.09958895890999003,0.8538918307576039,0.0,0.0,0.0,0.0,0.9044464568454703
88608b032bfffff,2024-02-01,mumbai,26.101815785580776,17.281116080224862,11.142428048851116,1.9132358215370684,198.17443888480054,0.09015751955701676,0.1937446280742351,32.579300012315684,59.107945114338136,0.8199945232665309,0.7464107364461074,59.957317514165254,0.4821392307883516,0.1637962582963334,0.24375205607738862,0.4530540758703412,0.08844805557452774,0.9036906027120779,0.0,0.0,0.8261915620724168,0.0,0.0
88608b032dfffff,2024-01-01,mumbai,23.458249276196025,16.152242579114404,23.776924430182852,9.664277393520214,202.09156604495183,0.21668670216863842,0.43112706087867925,27.130366467859332,45.492983899120986,0.5322555019030989,10.968546647692975,252.90160665215723,0.3102178549906085,0.053221664393063244,0.14441891654310102,0.4284006645086042,0.09868085072564127,0.9483323965444279,0.0,0.0,0.0,0.0,0.0
88608b032dfffff,2024-02-01,mumbai,24.381627206564588,15.967826233332499,3.4431597664894023,2.3657390828154874,223.2991978943927,0.13482952095094075,0.3199330922906575,32.35372823618416,61.086062151955566,0.880593944163718,22.41065176474724,392.02777843963423,0.3375606473918369,0.08657852705723876,0.14711767883311044,0.3932489244910056,0.09465754699530105,0.8841725724524356,0.0,0.0,0.9846087178150894,0.0,1.3397632582630645
88608b0363fffff,2024-01-01,mumbai,25.008428294920613,15.091433431129744,17.00159583494767,3.078208970390265,214.6333607392377,0.18007183798295406,0.330532574961234,31.09342709666738,35.37231985587657,0.8832122820619998,0.5436604209668199,313.3082602358936,0.6292488303346612,0.020309178678056664,0.2332923031222938,0.4401154786949115,0.07183690279890413,0.8396502738287768,0.0,0.0,0.0,0.0,0.4574119391910926
88608b0363fffff,2024-02-01,mumbai,24.334739049812846,16.809503068335413,7.980301665381679,2.361234905810375,264.8407699221384,0.10344402329691026,0.272140632108052,26.528600133539673,58.211034559641426,0.03745179054973331,10.73467970530478,286.41091068462276,0.34504339903512554,0.16742462712336875,0.2095040294092746,0.4086161430796519,0.10066296887711648,0.8563202024970403,0.0,0.0,0.7543626377324432,0.0,0.2948901575808247
88608b0367fffff,2024-01-01,mumbai,21.210928405070877,11.900410715775047,29.957997328955322,3.2221469259465767,204.78887324047636,0.15624692268272694,0.2965920643535093,25.649341441752366,48.47891282781408,0.3959695255813575,0.36896435116006593,216.5027655155604,0.2238922659430776,0.044043307653278595,0.19024286433976784,0.4377011368004083,0.12447474259731331,0.8897885451555965,0.0,0.0,0.0,0.0,0.0
88608b0367fffff,2024-02-01,mumbai,27.48728010400424,19.02040930700146,1.4474531886771342,0.5949687083686719,247.2795438822119,0.14124541327669163,0.22655215437390874,33.767265518858125,42.097190579671846,0.46582208625922467,18.308202426664995,930.1657764716597,0.27595180804734437,0.3014761596654458,0.15212215627352813,0.4324652563036845,0.09361377329414754,0.940361073549367,0.0,0.0,0.0,0.0,0.7196353833354953
88608b0849fffff,2024-01-01,mumbai,21.382304938811714,14.932608729916627,25.784575410501773,0.5,220.6458009850301,0.21660079542726782,0.4057816472650829,27.585273131743996,50.973356718082044,0.5056294285966801,14.738369146284183,83.46698031340718,0.21816043918844621,0.03260723263174243,0.149831512468061,0.40593997655155023,0.06444436719607427,0.8594668888363816,0.0,0.0,0.17473447820624755,0.0,0.21938124429568623
88608b0849fffff,2024-02-01,mumbai,25.821436099600643,18.294840680346645,0.7222406375687485,1.7654531456236424,275.5205220770142,0.10615397840684497,0.25956682451294466,32.573638292356875,43.313504066462194,0.17490552063872583,5.026311566566288,368.3710696480327,0.5668435623175969,0.18822661435817015,0.1379621025529184,0.40948589830750465,0.13371532499729605,0.921357880451708,0.0,0.0,0.0,0.0,0.0
88608b084dfffff,2024-01-01,mumbai,22.832780230586174,16.83025155844151,1.898987465766678,0.7413025974725378,207.0341419638916,0.1879100669957073,0.34059060997885676,27.57464752958233,48.0450485073193,0.4490208546657513,9.637381810057708,36.48665686840573,0.4308251506461754,0.4761292423833041,0.18004831398347593,0.45951397118214243,0.09550015903680689,0.8979512560561357,0.0,0.0,0.0,0.0,0.0
88608b084dfffff,2024-02-01,mumbai,26.494048851024502,19.349754449245594,0.41272932396314366,4.474265861280766,254.02935381035374,0.14168721689997918,0.2725812556451625,31.261475098657492,51.648873758911485,0.6642402190697332,14.656838986596863,507.02337310677217,0.3591420932508607,0.405218512853115,0.1813607762115779,0.43931187670641286,0.052874711508231774,0.8648537165764022,0.0,0.0,0.228833141848921,0.0,0.045626947108006424
88608b0865fffff,2024-01-01,mumbai,25.905067841382348,20.716844450613337,3.0218641284610186,0.5589914403085169,206.61537528550855,0.18594806614821877,0.32484346226040056,28.73648409649798,46.706904793941334,0.4129543411122331,13.222696101109273,108.70305325817782,0.8720825442411934,0.039759995620499713,0.22451472929547084,0.3995269974823336,0.1375721297776004,0.9050730714822122,0.0,0.0,0.0,0.0,1.6778954169941367
88608b0865fffff,2024-02-01,mumbai,25.955710828104348,17.09277305101609,6.466069821842641,6.294032842765306,282.0720065151128,0.09710269782582678,0.2287760441542108,32.77084521156705,54.49304945600982,0.20051988059598252,8.43481216040673,573.9204061568767,0.4532388853490463,0.03622322638841282,0.20428641860225405,0.3525928688773102,0.06344997709180197,0.8826000145707129,0.0,0.0,0.45660845331858074,0.0,0.6961662953479316
88608b0869fffff,2024-01-01,mumbai,25.73268937674343,20.603748403926588,14.777367663034706,14.165939750278447,185.69629486539569,0.17771430191628765,0.3310476550156026,31.873790304046707,43.33328341831941,0.8017922304346421,4.518860652456622,354.0739767418585,0.257134289688712,0.10041569285410033,0.18483083060176472,0.4290886513342042,0.16062225703607821,0.8974060624251216,0.0,0.0,0.0,0.0,0.0
88608b0869fffff,2024-02-01,mumbai,22.37100650701324,17.320243755535408,5.254962548820043,2.994846436408337,253.90930809504812,0.12964441269092225,0.22727157746084342,30.13099506804244,49.540115647352074,0.46169500404156916,6.0356945113359375,36.20910138629989,0.4404617788348527,0.007675983234031431,0.1821322865082494,0.38910974340026183,0.07930353967712049,0.9208826960463306,0.0,0.0,0.05995361863077118,0.0,0.0
88608b086dfffff,2024-01-01,mumbai,22.109737380213783,13.619419232285683,9.101601302983086,2.8103657443189123,200.002307837621,0.24587052368218265,0.3422839761836023,24.65944427959839,46.27740648239004,0.7936369583063501,10.05366125289521,6.886864662857348,0.35294210888041133,0.4083039241488816,0.17432889713633956,0.43053429930733617,0.06386574638255825,0.8434397437154122,0.0,0.0,0.0,0.0,0.0
88608b086dfffff,2024-02-01,mumbai,25.247074607654966,18.738877435650974,0.19895928167378035,2.598487960285162,246.80625544667495,0.08523031566155062,0.19239356052613116,29.47652382807913,49.661784024901635,0.07932394006123512,32.60440614912696,36.65621507938279,0.7225064061276816,0.14269769339630373,0.16774884857740074,0.37213310082697576,0.09205553629869538,0.903274517482083,0.0,0.0,0.06969740929062118,0.0,2.3985474881450792
88608b0901fffff,2024-01-01,mumbai,22.936045622917092,14.187153749440464,1.1899538325576255,1.9929597589492554,172.54125229951654,0.1941215107590953,0.4094041869531878,27.79673061887878,41.73602638395266,0.15850652562496106,24.9100923849375,163.66039156311848,0.4878289185899754,0.013505186222771099,0.14723686567393235,0.4711290270831656,0.07613314375620614,0.8570518629558334,0.0,0.0,0.0,0.0,1.9102350809001463
88608b0901fffff,2024-02-01,mumbai,26.908874973160124,15.91667843776094,12.119513631013286,1.056974517077613,278.38628817695366,0.06202403375955054,0.3523509202735124,32.32611085914312,45.363701883060294,0.5248162658065341,12.40269204877264,38.90788427191855,0.4685019088689442,0.19555520629946274,0.2089439961362112,0.4071694384226314,0.10983047841756428,0.926766611482724,0.0,0.0,0.0,0.0,0.06543759202432946
88608b0905fffff,2024-01-01,mumbai,21.770408316638168,11.986291179274325,53.65160852286984,1.550551760739525,187.5898340127512,0.17484142335343694,0.29444787900016206,29.206960868824762,44.86713798710006,0.23268025261092123,12.666754371367807,51.45857231228032,0.6767393514667741,0.2763093020603884,0.22164509763782542,0.3921715898614705,0.10513254800869909,0.9229155151774461,0.0,0.0,0.0,0.0,0.3303707116880857
88608b0905fffff,2024-02-01,mumbai,25.916864269296457,20.807570098178402,5.357687028234331,1.7192227333602415,261.48958547191756,0.13151765039176222,0.2747724340238231,28.854605660221573,49.275009730338276,0.4958996567973134,10.24753467532925,1106.4611286451739,0.4143558577873628,0.011267703746984563,0.17979112976266756,0.4450787109060191,0.0789332566195557,0.845392651989536,0.0,0.0,0.038722657800231604,0.0,1.6965471093944682
88608b0907fffff,2024-01-01,mumbai,23.151729503773637,11.570028879502395,0.434777637239115,1.4888844066008988,231.98287131318813,0.19571360360354992,0.37461659852605633,27.663689685311102,41.486865657964785,0.3552673770069212,0.3266479794289663,91.63568450400332,0.6007416567686472,0.2732380988262106,0.21973619543538553,0.40648397487744,0.103851893303431,0.8324107219422432,0.0,0.0,0.0,0.0,0.0
88608b0907fffff,2024-02-01,mumbai,24.52857012073067,13.512642800980245,6.568997887843045,0.5,242.05387157932046,0.17502954633961057,0.2956038582886354,31.704267583530143,60.1127327264043,0.8779328488167195,2.149794031505381,83.43857134315101,0.734417946465594,0.051427030167416406,0.20640969349881227,0.38774964235174386,0.12303627098982439,0.8698412995163034,0.0,0.0,0.90665980161638,0.0,0.40448098196714183
88608b0909fffff,2024-01-01,mumbai,24.546123082380618,14.402761686094669,10.602277836426273,11.253247128191182,250.29255458484576,0.19354720369955422,0.3346669785106449,31.671839800458798,37.77014360063165,0.9611167701072242,2.947996930231342,87.56401844116921,0.2603999551066531,0.10398024197151082,0.13428276236335673,0.36910577200723915,0.06841463977447385,0.9210108859813317,0.0,0.0,0.0,0.0,0.0
88608b0909fffff,2024-02-01,mumbai,26.59291670344648,19.936634316155725,2.282767780248565,4.469856301798968,271.305064967083,0.16845487021600664,0.21592392704712915,30.76498805389253,56.79446886699321,0.5138641870321976,7.771308540081431,39.130738411046465,0.564981069699176,0.02879277514947025,0.1766278118102193,0.4119765469974135,0.11423647379109558,0.87689690353017,0.0,0.0,0.6409172228836482,0.0,0.44857809671842713
88608b090dfffff,2024-01-01,mumbai,25.697708054779532,14.637740088222984,5.376645651855671,0.6134877986826663,188.06383673292476,0.17993863421568496,0.3950841233875797,32.261816972249974,41.895444281198,0.5477864578692073,14.683100821154646,471.3857816853484,0.1275635039608541,0.1230812358287361,0.13531503771005537,0.4007377288453031,0.047044112883324746,0.8617797464596115,0.0,0.0,0.0,0.0,0.13060928767703417
88608b090dfffff,2024-02-01,mumbai,24.713465925871148,14.902496421507601,22.190080785200013,0.5959017602345056,272.9462496074019,0.14076781641072741,0.27662026139428114,31.736721129344225,56.00292992251284,0.7457955618733256,0.6202320993629385,190.86946540505355,0.15620903714806267,0.00805986898027404,0.1292029392724494,0.41639448575346066,0.06698166613386118,0.8542752764666474,0.0,0.0,0.5775269654521824,0.0,0.0
88608b0921fffff,2024-01-01,mumbai,22.228201077791628,10.284971911255598,12.467122235323147,3.01796840809859,219.1373925957884,0.16219640470543645,0.3584102659082069,26.425560581619617,40.43304940394299,0.531600616730117,0.06667600540183942,338.759707187543,0.25911662661886153,0.11227894312862084,0.15510455744858265,0.4193966003606698,0.07806176953679206,0.8837663975377282,0.0,0.0,0.0,0.0,0.0
88608b0921fffff,2024-02-01,mumbai,24.47475221441649,13.690863849599294,16.652489688968473,5.3554198673011575,261.74979260514704,0.09813919392171187,0.19575740526044316,30.45977857439732,46.65048098249073,0.5476062453904068,10.051404230533997,256.2915133017214,0.16911795544398878,0.02495191503817041,0.1978706812923116,0.3920865939053056,0.0797510851748853,0.9137874341065169,0.0,0.0,0.0,0.0,0.0
88608b0923fffff,2024-01-01,mumbai,21.75050682576952,15.32940613269355,10.197383122152061,3.6375477452026175,212.18540648034354,0.22645386862365152,0.33002708613108744,25.00249244944663,41.80443017688248,0.5932854545896765,1.523432715278756,5.055297935119528,0.5710623904804983,0.2039657610346935,0.25329202417151964,0.3971942310865321,0.126650624271002,0.9216468529270312,0.0,0.0,0.0,0.0,0.0
88608b0923fffff,2024-02-01,mumbai,25.61953802958203,18.371546793678693,6.353678919665827,0.5,273.45250987917893,0.11035395754125614,0.19919686631584846,27.859262473751357,48.32282805837804,0.7034914252012824,10.664483525402527,59.5412504824805,0.08483519460020195,0.022761541692591945,0.17025970314075595,0.4193239943297037,0.10246808657530038,0.9390390526834839,0.0,0.0,0.0,0.0,0.0
88608b0925fffff,2024-01-01,mumbai,24.66721817583737,18.834620107503888,6.004189908602374,2.025305638465123,184.11352309842366,0.2380214543387233,0.3285941536605343,29.364678068144396,48.60834569113916,0.4740030979954254,12.944607142649922,101.81725632455942,0.4581027746041021,0.29773498222734257,0.18077409301471034,0.4043118506771047,0.06198774863017602,0.8462781478509871,0.0,0.0,0.0,0.0,0.0
88608b0925fffff,2024-02-01,mumbai,24.68523955545271,12.939591303828365,2.4082189348294785,1.378240174893345,280.1320158176582,0.1110564525296982,0.30572903328693385,32.424954799171566,54.85255485466953,0.5108217574712078,14.177284406811479,376.55202188849455,0.46607301294842457,0.009261700882044225,0.2443098034118833,0.40087052106090276,0.10202627162948948,0.9008738389372928,0.0,0.0,0.48539938006698136,0.0,1.269041745934026
88608b0927fffff,2024-01-01,mumbai,24.956484187727135,18.20667097752713,2.309155345683106,0.8304443287807237,220.7207016778451,0.2346323870936349,0.31293427258584566,26.977468197103683,55.23806749175163,0.5582681086335923,16.698647742622022,30.659394100265427,0.19817516277276423,0.3303153268811468,0.21005786656483247,0.4554266005111706,0.09640349542995634,0.8617619444029297,0.0,0.0,0.5162730919394403,0.0,0.0
88608b0927fffff,2024-02-01,mumbai,26.290911761712707,21.12195478674865,7.538132687648279,1.736625949754167,261.7519710496564,0.13889809445944096,0.20633933699383533,29.20221255351197,41.79029475265058,0.3290071888941449,3.4241318204427773,190.42519052399902,0.29257475311904085,0.3628686992506372,0.19668525881837015,0.43825896212870136,0.09370397569286723,0.8813618452584426,0.0,0.0,0.0,0.0,0.0
88608b0929fffff,2024-01-01,mumbai,23.007266473621556,11.421067452156647,7.28606455249949,3.1463651849708723,196.2403900476854,0.1376017308296007,0.4043676761810474,27.641061414212743,51.71812157494116,0.7138927185516659,3.8236033093157977,500.40371269804797,0.11007398606918688,0.24888737448240697,0.18990336303951869,0.40321436268039956,0.07910545362752008,0.8723198189790902,0.0,0.0,0.23437884104072726,0.0,0.0
88608b0929fffff,2024-02-01,mumbai,24.620530542606684,15.497032712319278,13.434162991086751,3.1461513494062334,284.49830502353115,0.1478877037963366,0.29714693144031235,30.733699859864842,52.111861261707894,0.2021849857096198,9.288715295435079,351.57070085572974,0.8473983784046526,0.24931529448013678,0.14603954619229953,0.4296932206133768,0.01744007983173769,0.8370361554470086,0.0,0.0,0.265911414743103,0.0,0.6997766425468179
88608b092bfffff,2024-01-01,mumbai,22.98143078327006,17.26334589529064,9.534160585143587,4.8574532523589795,204.17483054524564,0.2282680675362351,0.296820272770626,27.407877919273268,51.82950069116615,0.8330408147990922,1.9662602104455977,469.74024842633446,0.6275949999778215,0.3754803740778538,0.24888314157376198,0.3695201663582993,0.03410113152634795,0.8441862915004905,0.0,0.0,0.24329861801345284,0.0,0.0
88608b092bfffff,2024-02-01,mumbai,25.985990174338436,19.58661125945157,12.913036017624735,0.5,263.1680475373986,0.06916839555664411,0.34745791204397947,33.83159577457465,43.840943178702275,0.7741944022580488,19.43465161788888,75.1494406191659,0.26426935115330863,0.22010113242982407,0.17734227664986424,0.4324595440186837,0.1457040461223576,0.916949787216532,0.0,0.0,0.0,0.0,0.3555707692920033
88608b092dfffff,2024-01-01,mumbai,22.105388517182668,14.381240900022277,12.435314435808282,0.8757354960963839,189.25103831226687,0.19409345316904109,0.3825342535029815,28.72885725295098,45.931902175714235,0.517665955208905,0.5521521877790564,13.265981841840373,0.7065522613159346,0.12982156698968647,0.20454817467046413,0.3849256848000948,0.12184929669695141,0.8384794398990701,0.0,0.0,0.0,0.0,0.035640713560457754
88608b092dfffff,2024-02-01,mumbai,24.378440376568033,17.95862059400103,21.431079176332716,1.0077634737189767,231.6612791930395,0.09170773441273816,0.33777071285555343,27.788338192658387,59.859145744308734,0.3172799902745573,2.662074212492288,42.29679565806727,0.3916763625024937,0.1271596099925417,0.1479807717517,0.3831494371917716,0.11008755217501,0.882890153558691,0.0,0.0,0.8863513326668707,0.0,0.0
88608b0935fffff,2024-01-01,mumbai,23.84438135516291,16.141390101367715,6.184102363583575,0.5,192.9935091264724,0.21440337085330835,0.3570358644445448,31.488818077213864,36.142776264510985,0.7084851005216664,23.217602384170892,208.8825564997759,0.3750791156967407,0.05315976121577034,0.17906838225821087,0.36185048579431495,0.11404584885157154,0.909824589394115,0.0,0.0,0.0,0.0,1.3745759624189293
88608b0935fffff,2024-02-01,mumbai,23.150058147378076,16.710204088448414,14.876802293961198,5.784629279567207,242.3692222772204,0.16774521063943265,0.2797881376111782,30.286279009970684,45.80139982987147,0.29930358276080826,7.083257359779204,1097.5418132667753,0.3492809173769961,0.16551835820834893,0.1739832566636804,0.40066303578196616,0.0548937176679564,0.8724414670134348,0.0,0.0,0.0,0.0,0.613114488517208
88608b093dfffff,2024-01-01,mumbai,23.555577576740195,14.415291934365452,2.824739089201475,1.8714123484282639,214.376441518903,0.20503424139494228,0.39970250565660936,28.58575939337595,42.000741648616305,0.8788643500621385,8.672850190585159,237.80851064035141,0.5037505754109156,0.012493519748601752,0.18529651205752445,0.396909972378061,0.06682909277622225,0.8496727063290054,0.0,0.0,0.0,0.0,0.6320564336978367
88608b093dfffff,2024-02-01,mumbai,27.18045638424029,15.619306347677664,0.5626099062357275,0.8464219775834494,227.57069764668165,0.11343639975692607,0.3117173276816107,31.413005176237668,56.84204557029891,0.24345149782939304,2.124229846480521,163.24278000074906,0.2190319334995306,0.023607020050033376,0.14578899401665596,0.460916145278564,0.11310274198642789,0.906580828122685,0.0,0.0,0.6447273948168416,0.0,0.0
88608b0941fffff,2024-01-01,mumbai,23.85981057572685,17.771884207452793,5.687250124180787,0.5,213.88859545187364,0.19257155602592313,0.3842699941456134,29.822447342786575,43.438661863235495,0.38683201140913565,0.3448547448756389,61.56279943256911,0.6285682805345328,0.33026026154272875,0.22738280471769656,0.42056377611087087,0.07631416286840853,0.8917014782681245,0.0,0.0,0.0,0.0,0.0
88608b0941fffff,2024-02-01,mumbai,25.945593923038434,19.57791438209359,3.2621809554914383,2.302690961685351,253.41684115343597,0.1469337253221039,0.27139718683429664,32.25886683553645,54.8386348539934,0.8588564291885622,2.8191140016665295,43.771451607511516,0.5004175658255174,0.09378081619784812,0.17786909940865844,0.41272271827489954,0.05480757530005046,0.8456812114770569,0.0,0.0,0.48428459925618306,0.0,0.0
88608b0943fffff,2024-01-01,mumbai,22.933977627167057,16.681713382331978,10.588950646639159,2.5199378489940503,178.34166896868413,0.19087602477097815,0.33717028749146,28.85222311085879,45.82476870251391,0.3319531699999769,11.435753250465948,60.05802726059127,0.25003182490415066,0.056300103144349786,0.16014082138882513,0.46506436013783775,0.12432893317359722,0.8975543613077743,0.0,0.0,0.0,0.0,0.034900490353397505
88608b0943fffff,2024-02-01,mumbai,23.473514069048036,15.604043459025414,14.795656492782623,1.293372311969344,252.69995657908473,0.10417308834346606,0.290329058858577,25.844009135860535,53.609594856277255,0.792896372590566,1.204293122272454,273.22669390584286,0.21456877499490462,0.3435532186787618,0.13975317184274139,0.4412401736063806,0.05741461255101335,0.8977201485578002,0.0,0.0,0.3858571467700136,0.0,0.0
88608b0945fffff,2024-01-01,mumbai,21.81643560291029,13.593732876140397,1.860503512547833,2.0161107528961897,181.85693547059591,0.21508809800320916,0.3166157942121938,28.439890147552667,42.24233902859987,0.18193742958551856,43.134001174467485,757.8473641732093,0.02864774537716126,0.16981960677199207,0.17410793181383452,0.39735942354849224,0.07541199539922629,0.8368238660011628,0.0,0.0,0.0,0.0,2.9335834949415673
88608b0945fffff,2024-02-01,mumbai,26.367052629373653,21.12299117706035,4.4146252392283065,10.045971475984636,240.5339535298173,0.08692878661337347,0.3416218396447118,30.467649634431098,52.76490780455879,0.8522648463788453,3.935663936881362,725.3056236455294,0.7037225750650145,0.07172331805348281,0.1601607725854613,0.41385000808694417,0.10963006261507205,0.9200561624167691,0.0,0.0,0.3182105324993659,0.0,0.8480859611346756
88608b0947fffff,2024-01-01,mumbai,23.165588465367094,15.544590578226838,2.6484905284541806,0.6171054525128123,185.72321393381344,0.1510156750536802,0.3257367466296507,28.259934483675973,50.76860845933638,0.8179278243023732,1.3234322177024478,505.0964487805669,0.22649570236142927,0.09796239623837594,0.15298659821529131,0.3709424288956104,0.11003888418427646,0.8608782165075747,0.0,0.0,0.1583372498436528,0.0,0.0
88608b0947fffff,2024-02-01,mumbai,26.702645837099872,19.528331320384748,4.371748076192433,4.948676945148483,269.42275658974364,0.09181762334893695,0.34760358527997515,31.150408913791058,45.77754769478874,0.7353470979522113,16.589705232882427,127.40543643825347,0.6501564801797793,0.2572539373398099,0.15931355738012062,0.3900405261233459,0.11609537761562073,0.9045052044047238,0.0,0.0,0.0,0.0,0.7206610778795887
88608b0949fffff,2024-01-01,mumbai,25.758999778794948,15.415430662948594,1.1259726412382005,0.5,217.9356672452275,0.15824859802389643,0.43589194094072414,31.18070150603726,48.919675992668786,0.6821636633372655,6.6574865471244715,108.13571490857622,0.4380568141205842,0.3095599566226091,0.19903457795720705,0.38340169597602014,0.09756501534601417,0.8565105614452481,0.0,0.0,0.010265817789989065,0.0,0.0
88608b0949fffff,2024-02-01,mumbai,25.609847778834745,15.104884640478463,16.16420866816737,0.8577660016528705,264.5079478052867,0.13676880342329142,0.2379753474153082,29.855403558919228,53.916493595397895,0.45471196439948974,8.511835825481619,87.3151061092907,0.6060214278717196,0.008330910918484731,0.19844083244524846,0.4347479383247144,0.08343477237805401,0.9116226804214527,0.0,0.0,0.41043507842316973,0.0,0.5283788972378504
88608b094bfffff,2024-01-01,mumbai,24.34457313999322,17.818534778495334,7.695980940141154,3.101946419357178,202.73161155051662,0.17860583774319339,0.3182314055344924,31.179452440595043,42.30275869818986,0.49349739142395566,1.8984340329327751,421.48775639015383,0.7704810177350377,0.3631873622991312,0.11258967349187832,0.43496125199978836,0.10930864631903221,0.8937784648945838,0.0,0.0,0.0,0.0,0.0
88608b094bfffff,2024-02-01,mumbai,26.478064529366236,14.807206517397795,0.7676167735152816,2.2495247074644675,242.6087354789497,0.10592354815222439,0.3020020236234993,33.68274428964099,48.967227394063244,0.6223224885620176,16.536208352597587,511.34332497694504,0.612460169088762,0.06221797897279917,0.1879277457492003,0.4056720814703182,0.07474697815400756,0.8763618603323348,0.0,0.0,0.01407396342406211,0.0,1.662726521731801
88608b094dfffff,2024-01-01,mumbai,22.758352317217593,17.2781955486957,0.513704971570969,1.0253685546481563,205.94418587039914,0.21484934332047956,0.31817236441008084,25.50363298349451,39.4201097743592,0.8088767588942856,8.361265666683071,46.09136340889294,0.46261172381451643,0.11552905107355232,0.1474057385505556,0.4287988149423017,0.09210119390848093,0.8216842326469348,0.0,0.0,0.0,0.0,0.1630969456143272
88608b094dfffff,2024-02-01,mumbai,23.903869965270967,18.33196410768225,8.540847886335893,8.45858322262557,250.61935233623885,0.09807082896233105,0.1916734841778489,31.06904199439068,56.252421495459345,0.6226978073183566,8.030628983979566,642.4490699169236,0.6655927662353396,0.448472621028288,0.21425107192605888,0.4300592594598359,0.0719526274149235,0.9052183022533166,0.0,0.0,0.5975074542788471,0.0,0.10435726522800078
88608b0955fffff,2024-01-01,mumbai,25.195350158406576,17.10030051916698,0.04044942935237439,1.6926231024446783,190.98047811281742,0.2353452521876847,0.30179356985359657,29.466149458855384,44.899356778822614,0.4847144402665774,1.1158633998413818,166.97643045833368,0.5970825231795769,0.0034524401959227587,0.2243203799487949,0.4461560718280708,0.10803009377031239,0.8493784016007941,0.0,0.0,0.0,0.0,0.3867181650739834
88608b0955fffff,2024-02-01,mumbai,23.46989712267814,12.77029798712766,6.150826934350393,3.968670312587305,265.00313174716774,0.13951659698301125,0.34224293283931806,29.5545995648195,56.52726630326169,0.34068400782551017,7.7235630614030075,317.33978307313566,0.34626034389512167,0.09052190643848407,0.15782983500859762,0.4010046434413473,0.14952058062541226,0.8672358045818177,0.0,0.0,0.61951835246874,0.0,0.2679641887114951
88608b0959fffff,2024-01-01,mumbai,22.707552210911164,15.387555184621466,7.6550430773247005,4.420813190463912,212.78371151168017,0.18602320747189108,0.33621144578822976,30.36955313419712,39.59364402899298,0.552674258007424,4.754843434871052,1049.036912639927,0.5157852445791861,0.014674962588173595,0.22450633192948216,0.45944998642855694,0.09659492842543997,0.874872231136296,0.0,0.0,0.0,0.0,1.4073363119827755
88608b0959fffff,2024-02-01,mumbai,24.211514229376064,12.922661468683653,14.619075423385814,0.982269046402483,242.3936782263141,0.13190844212197908,0.34667226027940334,32.170837180797136,53.436679824962624,0.3622627976550086,1.4981164661351922,66.73589688889678,0.6557612000793278,0.44797574443622334,0.1337878443820842,0.38792435709664363,0.13838846421378165,0.8826460109530592,0.0,0.0,0.3720092768386107,0.0,0.0
88608b095dfffff,2024-01-01,mumbai,26.214328498110916,15.285910254550659,10.966150198147593,2.6796007398021837,199.046604665392,0.1751167325224618,0.3652661698247207,30.70281908072029,45.44233876039212,0.53689750846953,2.846161977847586,87.95212370073068,0.2934240252404684,0.47991851868691915,0.20903748035577233,0.40530026567358907,0.05767926215765824,0.8393021921686588,0.0,0.0,0.0,0.0,0.0
88608b095dfffff,2024-02-01,mumbai,23.66228640287606,13.831073401918019,0.3870146540655745,0.5,261.5029877982812,0.11380159065252538,0.18114804213906727,28.19815718144939,49.00889786885816,0.5723489871624934,9.744960018963544,163.85793183222444,0.10546262914063174,0.04814016815441694,0.1672434096162064,0.3989710540666713,0.06817817546395556,0.9144959193746169,0.0,0.0,0.017411136083678284,0.0,0.0
88608b0961fffff,2024-01-01,mumbai,23.913854530115874,12.88603471127585,3.7135081019582032,7.024406271239622,200.32632391636807,0.22205533085002904,0.278656081389534,28.878255926459552,46.52480214043016,0.5845099457738157,11.835828809202274,435.47306645634075,0.7647443857637205,0.025688921316660385,0.154821192786259,0.38962612082558445,0.10428899213629322,0.9101587046539249,0.0,0.0,0.0,0.0,1.437831040798335
88608b0961fffff,2024-02-01,mumbai,26.33831483874249,15.206074451082747,22.920848788798818,0.8594490998356963,258.8170796746295,0.08273679257543805,0.2765922023987739,30.25645703082178,50.901681437403646,0.7371561837075677,0.20176812953685813,71.90764103170831,0.5337063524077201,0.5897596797462457,0.15303368256576722,0.3921208754892689,0.058400972818405034,0.8485912547917552,0.0,0.0,0.16899437593413677,0.0,0.0
88608b0963fffff,2024-01-01,mumbai,21.280687245601364,15.7059344261714,19.007298930045902,0.5,191.71044392989015,0.26105242170671716,0.3597701626116325,26.681670196475217,42.45948115037081,0.7439102088048783,9.556092600954154,271.7156526684928,0.3952612365376402,0.0071393597981903685,0.17933755049225492,0.4169086102769745,0.05937966962415148,0.8414677467639963,0.0,0.0,0.0,0.0,0.5529750530954405
88608b0963fffff,2024-02-01,mumbai,27.116960465784725,19.983539672900882,9.015205251818191,1.6223255188619294,232.82186206337695,0.1484912343274866,0.3167667302091911,33.57928191183633,57.92554470465,0.3932644346120786,3.6493802072498167,83.96951789711692,0.22939429807120781,0.045964406471777845,0.1775027241466053,0.3768972894455825,0.1371894140113342,0.8914036129558306,0.0,0.0,0.731499232806917,0.0,0.0
88608b0965fffff,2024-01-01,mumbai,25.29482748628202,16.854346916563642,4.524564644937821,1.8284821533761804,224.35208332696453,0.20016474867568504,0.33535775209999247,31.68680593044559,40.16915129856901,0.9659523675736099,21.58734510325381,274.3946851625329,0.5421928464413939,0.01042704768864081,0.1636953175424342,0.41779417620136144,0.03349096162444073,0.8932092604147238,0.0,0.0,0.0,0.0,1.5589175567902682
88608b0965fffff,2024-02-01,mumbai,26.065554144921578,14.778159843105943,20.64166381225011,5.903483700859644,248.82821338248093,0.14815103683411368,0.27541264347027977,32.83113860540625,50.27821217396162,0.37591335484150445,3.9019867977020826,53.11949979205746,0.1879846439295663,0.05960250493464591,0.19617172311104805,0.42958935036792134,0.10815466803429147,0.9033237597171647,0.0,0.0,0.1190639494076923,0.0,0.0
88608b0967fffff,2024-01-01,mumbai,19.371886423689624,12.680784619849705,10.859873338415369,1.402037808830313,234.24254203367187,0.16695827318666676,0.3059005547874583,25.242878834181038,48.467707679822006,0.5962661310605326,9.994140788950174,56.060548781819286,0.5133387569623827,0.1345646339178828,0.21176467671583102,0.41242729413620355,0.05139729780762899,0.8731197231502448,0.0,0.0,0.0,0.0,0.1562631990453816
88608b0967fffff,2024-02-01,mumbai,24.68616814401748,16.700771876119685,0.9134739455202999,2.383754441275425,229.98673001178213,0.12317182227704516,0.2745263408250979,29.234875561572416,56.04637126629794,0.48178685598921484,5.156654733295143,284.7342654802524,0.44339493328859964,0.211350906827469,0.17556302472015117,0.40926754125172554,0.09044889291558421,0.8831935004846901,0.0,0.0,0.5810059578440402,0.0,0.0
88608b0969fffff,2024-01-01,mumbai,25.113072275127717,17.655222588419356,1.0834663959463346,2.7538290789535895,174.6784844527151,0.23071729594275014,0.36339301737563595,31.723601942863812,48.50221085511007,0.25365418899072534,4.376710855465579,20.862327115415408,0.3921971531141193,0.017468349666319563,0.21888665855954703,0.4605689259518666,0.042000877753627194,0.8622122326459858,0.0,0.0,0.0,0.0,0.0
88608b0969fffff,2024-02-01,mumbai,23.34913577895086,15.604707944543051,0.2993349461363098,0.5,246.57207810235917,0.13389160592034083,0.29520619991222274,29.8926749168736,57.41264080502683,0.27922618452482134,0.4748312225831752,206.22091264504255,0.3525512273226501,0.009194267539570424,0.19866432051904365,0.4234428807378141,0.09508327421757076,0.9143098723666533,0.0,0.0,0.6904234140345893,0.0,0.0
88608b096bfffff,2024-01-01,mumbai,25.737917871303253,16.940313300875122,4.2084048480204785,8.424222401966587,204.35180067614814,0.17095789312367196,0.2509266825833208,29.32384390131712,41.756154684244855,0.5994200336324206,37.75150487935798,461.4274541932363,0.3915481401739814,0.052475573787402176,0.16905929134479972,0.4669994965490153,0.09946367994965166,0.8483755695242949,0.0,0.0,0.0,0.0,3.2540809465356864
88608b096bfffff,2024-02-01,mumbai,25.213538745190384,16.333804166504333,2.719078061162985,11.349717026602447,222.7549134849944,0.06708306866087671,0.22209637627033701,29.347865279808378,56.63953268920003,0.4792807959217561,18.488751907741463,324.15206363045024,0.4777519327475276,0.11752784852410207,0.19545603016720103,0.4726268688313596,0.11850047783224418,0.9048939914542612,0.0,0.0,0.6285091862807184,0.0,1.3067102342472552
88608b096dfffff,2024-01-01,mumbai,23.84132237744617,15.799071298178994,11.75867506164227,7.718238388685705,169.54827824737123,0.19412907317697664,0.37647435567473453,29.200362078114363,39.05853151246799,0.69364740141308,2.8144061275463006,710.6686975158901,0.25711147906273896,0.10985397082341299,0.19075542664142092,0.4172074985787279,0.05869532653116854,0.8550586027120117,0.0,0.0,0.0,0.0,0.0
88608b096dfffff,2024-02-01,mumbai,25.062175301157314,15.388472558576883,3.187551046335069,0.5,252.65020749624261,0.16894475819695642,0.3258804301818619,31.357424430047,45.627575648911716,0.8072137233544414,9.816204634998,404.47996797528765,0.3656424424527713,0.23920574433547526,0.16879594824044444,0.4260167038507851,0.0,0.8819130158421018,0.0,0.0,0.0,0.0,0.0
88608b09adfffff,2024-01-01,mumbai,23.62645200619457,15.669406183213022,0.37314484805895715,2.660872569805082,239.47642384123947,0.1657721961761731,0.31010622822825484,28.14054645218388,52.37334036323918,0.6497699010599792,17.48734185098327,452.3307286658249,0.604476998813,0.0899838927436374,0.19675970148066332,0.4518685753119343,0.05276083102653718,0.8962951829223104,0.0,0.0,0.2868519226923333,0.0,1.4887254077670236
88608b09adfffff,2024-02-01,mumbai,24.77172262344831,19.00494284336711,0.5547707726991422,3.049711631058126,260.7748439143189,0.16876271167649465,0.3177350847387249,31.165011555820236,50.59367918834107,0.16757387561884848,6.207774974980297,762.8515874649821,0.42227924782155735,0.15630984080224428,0.18827293975116008,0.3571818605581813,0.04805108263388125,0.818504672737889,0.0,0.0,0.14432806988097796,0.0,0.5153873188258334
88608b0a01fffff,2024-01-01,mumbai,22.43435210339024,12.180226741003077,4.651609321878372,0.5,191.01947913728816,0.23608371875964246,0.3585135301851611,25.629931204278808,49.97475410641715,0.5491063574645784,4.882177875638083,142.31098999060958,0.45257754446060267,0.0014764461324580024,0.19475319921993012,0.3789338117707147,0.06109366254701446,0.9716422103774143,0.0,0.0,0.09476156333378001,0.0,0.0
88608b0a01fffff,2024-02-01,mumbai,23.89985855679715,13.481265356333079,19.000526874643874,1.4076632514410548,232.52032186501884,0.14771779729384155,0.3509668215058046,26.68638395861236,52.06730549605594,0.47193539625574543,0.4639480509895466,205.84661703730362,0.38819236499583426,0.3414578316817136,0.17403309754244212,0.3776815529830826,0.10449888959529598,0.8537583677731224,0.0,0.0,0.2623431740716504,0.0,0.0
88608b0a03fffff,2024-01-01,mumbai,23.16014297018749,16.39076542125585,40.909417813851405,0.5,196.8576250389293,0.17319483097991692,0.3465861551265052,27.48837716346057,49.05942980409799,0.7349995048479211,11.272508741526302,637.3721356692888,0.4196906617288507,0.04431103798574489,0.15677954524437765,0.40611842570141754,0.11891926984804743,0.8406186334561778,0.0,0.0,0.021457977247590233,0.0,1.2312660636764907
88608b0a03fffff,2024-02-01,mumbai,28.428807768534032,22.13602667023347,7.4589152277817945,10.056251028807889,249.24345154145277,0.06091484026161413,0.34225856166991375,34.22883426479705,55.628447004985,0.5611996688585439,4.30754019824518,93.74444020005556,0.3665345703827221,0.003420017065988585,0.16112918422809105,0.34748953534651483,0.03396126296218634,0.8503945898711474,0.0,0.0,0.547536566734201,0.0,0.0
88608b0a05fffff,2024-01-01,mumbai,22.589504944980067,14.223557125736662,23.973803094633762,7.909924967209654,188.77730813728007,0.22966346002913074,0.2747427921776423,25.128441291666263,40.42659137289717,0.7730209649609443,0.7881619155956603,88.83578667321623,0.18531644683761303,0.2159405203146146,0.1620052788711726,0.4175059211732525,0.060751781714553456,0.8034955883376212,0.0,0.0,0.0,0.0,0.0
88608b0a05fffff,2024-02-01,mumbai,26.224620265010405,16.123579460509834,1.8391515377401821,0.5555340272829186,248.29130822890758,0.12980192581400202,0.23362585491905336,30.78471206849641,46.69203167210877,0.31107171104545955,0.7062098637368462,287.4109842655193,0.4093055076562709,0.3008689195988105,0.18814205195688546,0.44291288993514527,0.08741566667445422,0.904058534194396,0.0,0.0,0.0,0.0,0.0
88608b0a09fffff,2024-01-01,mumbai,24.31760348725471,16.868771655174214,3.5102977951206906,7.796746356548807,197.88357124397083,0.20974712847661275,0.41099869408051826,26.7189703475219,51.92065678598183,0.5896095793417614,11.05564203679634,716.7676453661167,0.7039538327086795,0.17341967450069334,0.15056345259004159,0.4213965325649053,0.06435270001277578,0.92401199294467,0.0,0.0,0.25059883786631965,0.0,0.9990903830180962
88608b0a09fffff,2024-02-01,mumbai,24.29586990814038,19.14445376866105,27.74453068696515,3.5817417715064073,250.25302768056855,0.08374878820438054,0.2804479153002113,32.15899452851332,48.83710987870797,0.46762659297146275,18.028409341874713,195.37179671972783,0.3375416538264273,0.08516770026148718,0.20409024630511663,0.47095961488923044,0.13466159514065176,0.9002889175162105,0.0,0.0,0.0036535250461018367,0.0,1.0118914021847365
88608b0a0bfffff,2024-01-01,mumbai,20.49359317618707,11.780586069634769,7.864675876485924,0.5,224.87824853118585,0.19059825785601694,0.3570300851028478,27.625216109308525,47.22698617201834,0.14778504433576506,2.885172103310979,256.8060573227895,0.13516663974740675,0.07327552644204473,0.16115709970274322,0.4200514993739189,0.10472462243650696,0.9038618701854245,0.0,0.0,0.0,0.0,0.0
88608b0a0bfffff,2024-02-01,mumbai,24.43648241065136,18.15069237449828,4.681543383860238,4.807009251628472,254.46502694101662,0.08828284313424617,0.24582000864867148,30.71029975006047,42.26886916417651,0.6278100559457066,0.48677417312526117,31.33078782941733,0.7585652367143558,0.335576411500485,0.1946306235285682,0.45231400390222387,0.09967559561002796,0.9113842837562444,0.0,0.0,0.0,0.0,0.0
88608b0a0dfffff,2024-01-01,mumbai,23.457403665603714,18.318154421571254,9.015140576653906,0.5,194.8615691321321,0.19710529353232445,0.3047781364918619,29.437474072112202,45.403852619216,0.5538155631847606,0.474628031093941,329.68577758829446,0.4193119507415729,0.2920251415109493,0.1864724076739417,0.3929514324304542,0.12225067144424509,0.845935684808106,0.0,0.0,0.0,0.0,0.0
88608b0a0dfffff,2024-02-01,mumbai,26.11516263253838,18.16336073612824,16.121943560323253,5.01914875077016,238.82919440398098,0.1644412240983858,0.21316774843643144,33.87708040835852,59.18511908216239,0.8194639177801764,1.1059167259445173,187.46947810043474,0.23491296606612483,0.3429852040111553,0.1954566105974901,0.39063060788881543,0.12805044851400674,0.903800215685116,0.0,0.0,0.83237202573943,0.0,0.0
88608b0a19fffff,2024-01-01,mumbai,24.966764422021676,17.10136846890011,40.757711701094415,1.111082110046258,198.5266112612831,0.18230023076369498,0.34378554444954057,29.3772827247054,48.54474528142429,0.4207597246360811,15.477241048653696,533.1680836792593,0.7527647838874117,0.08965481794791956,0.19128381731194863,0.4254503871260388,0.09676648208927635,0.8899808253829391,0.0,0.0,0.0,0.0,1.8554445906676582
88608b0a19fffff,2024-02-01,mumbai,23.823101523098384,15.949236067323678,24.906392994021267,1.0680135009196232,245.4106118819656,0.15638155342328192,0.2994703389651077,28.304826590610684,52.27778571971454,0.2115448997279518,13.62806731780899,181.5837734928832,0.45450909601726014,0.24348379255427374,0.14871054201134198,0.4443765651192969,0.04505494978424506,0.9432674390363041,0.0,0.0,0.2791994458381772,0.0,0.0
88608b0a1dfffff,2024-01-01,mumbai,25.41451094247893,14.950873053077661,9.093581569153287,2.4184778067687933,228.482435850135,0.24755014652814122,0.29979600892680075,31.212856220079082,33.805051177732196,0.9161629610309368,32.53805256771207,99.99218345175967,0.30567485604917216,0.3261275969278817,0.21410765143752947,0.41999493138587596,0.10453722731603066,0.901428923622062,0.0,0.0,0.0,0.0,1.335179390649308
88608b0a1dfffff,2024-02-01,mumbai,27.730104769005095,17.30379465923468,1.4398040323201284,5.843113267397908,250.5564211580847,0.12632357979768113,0.2791640179022175,29.91807805664298,49.43452335160975,0.30288587628121816,1.3369680631567167,183.8599070835834,0.30666062903624963,0.10095757749973577,0.17147752303011884,0.4125904088564018,0.08546466795181817,0.9220499208660969,0.0,0.0,0.05149727816065098,0.0,0.0
88608b0a2dfffff,2024-01-01,mumbai,20.79993167101213,13.64169584060964,0.9813347685925451,1.0093180805980817,204.21635085973503,0.2077795138510841,0.42853755099499496,23.408143677730216,33.122877713569515,0.6136487359770335,13.186522585258215,440.3300312718,0.4047763262979898,0.21095448874766887,0.17996597188875962,0.41221402927544853,0.14802418721603827,0.8540687909321223,0.0,0.0,0.0,0.0,0.8036319157596065
88608b0a2dfffff,2024-02-01,mumbai,25.5975744996154,14.98061131412195,44.957441695654616,4.792586391709378,247.81644004458533,0.10592564688756187,0.22958295682319785,32.13179229832274,41.49002576780772,0.8097340237258236,4.070519130257039,396.0766535537061,0.27996160426665706,0.009077529806808721,0.15611595417160373,0.4121402140314248,0.13197847969906232,0.8928775695760928,0.0,0.0,0.0,0.0,0.0
88608b0a41fffff,2024-01-01,mumbai,22.297378913353565,15.933341580554481,1.1646475888475158,4.542792895979592,209.45281465616344,0.18265946393335375,0.35958006735076403,24.835651673754384,37.36864394150547,0.7771582192293475,4.556090969347561,91.78381250024056,0.32807504387546105,0.0830051825315263,0.2529703616162317,0.42794683725717586,0.08712265854731037,0.8953830645121598,0.0,0.0,0.0,0.0,0.0
88608b0a41fffff,2024-02-01,mumbai,24.51188742431274,19.471714683600965,4.730185461517002,1.5190743117696004,245.85772782426866,0.09198000618553237,0.23297680172293217,29.871604835616186,57.55362843479947,0.4709764886333108,0.5321340337094584,1812.6889858820093,0.272793152232947,0.1618160704562773,0.1775140708742482,0.4897985188744931,0.05966203621107152,0.8383575048633423,0.0,0.0,0.7017143836176547,0.0,0.97419336945917
88608b0a43fffff,2024-01-01,mumbai,24.18756597421914,18.44750280003843,1.528912653067454,4.494018356534832,206.79464880904865,0.22499235813600815,0.25167475533923145,32.12901050669731,49.72372554706712,0.26035741841742616,6.225504383923761,116.14880521453337,0.5798955365696805,0.00795168114389051,0.18582877804438216,0.4404302829383744,0.10424888000130783,0.8689646263906037,0.0,0.0,0.07465798522077279,0.0,0.5343539676007127
88608b0a43fffff,2024-02-01,mumbai,26.72092923260348,15.315277794991523,25.285182767949628,1.5956961930875786,258.69077311803557,0.13373989942166128,0.21534177133579946,33.97089196635413,61.442691274175715,0.5674143160364091,4.820126337230287,795.0771545716215,0.4687198776028087,0.2059967085907179,0.1991789059923136,0.3937534125865819,0.11170201113488357,0.8550498935690704,0.0,0.0,1.0131692984696947,0.0,0.5257916487703349
88608b0a45fffff,2024-01-01,mumbai,23.72358567801019,12.35363575267747,11.766810522258332,0.5,202.93404154398064,0.2242882916448642,0.4244434593357739,28.14319019040223,49.66849804403033,0.8092232892908099,2.1844377093628893,151.36298706081752,0.6882837864867545,0.27975209389302597,0.17739879155936583,0.4355441408069173,0.11836039950856808,0.9107866030908935,0.0,0.0,0.07023510033404441,0.0,0.0
88608b0a45fffff,2024-02-01,mumbai,26.411419431677,17.458527246420793,1.3759901242131514,3.2996146187390405,260.24214475513526,0.12148572697560378,0.24258441689774363,31.66964696295208,51.957654862021016,0.7976338574656832,4.773692420105769,1195.9613664608878,0.28955805281491237,0.017954173391740366,0.2526664528224822,0.4263406088558993,0.092304315955809,0.9009986951244098,0.0,0.0,0.25356182229171964,0.0,1.0262081858110323
88608b0a47fffff,2024-01-01,mumbai,24.574439929402793,15.599588361603777,9.948746968323634,0.5,179.15387509262473,0.22914278239668176,0.2906360501081891,27.868142170992794,39.85197657558645,0.44356315530584917,3.7292889898991604,218.5871095471841,0.7710263283307642,0.45532199246173755,0.22192031562985537,0.428604835807634,0.08659865913796692,0.8984339520254425,0.0,0.0,0.0,0.0,0.0
88608b0a47fffff,2024-02-01,mumbai,25.43184707867901,13.6969585757847,4.217927481153687,9.230779748319135,260.61487402957056,0.14432953329303294,0.27176490225125643,29.682697845773415,54.25904483579811,0.577890981082512,2.838289539437497,237.8669730420553,0.5408652371455898,0.0980606841091517,0.1829829369417613,0.41704307200034363,0.10600791888775034,0.9322441252710487,0.0,0.0,0.43786823438328765,0.0,0.0
88608b0a49fffff,2024-01-01,mumbai,23.083120894586063,14.354197147145847,3.0565795525654806,0.5,211.44577840541803,0.19513164411113448,0.3370687684570247,25.92485300634792,43.609600305726474,0.019999944885734762,6.9426365341161045,276.8427938303925,0.8288358636021709,0.010818822759648086,0.14041118592227217,0.39882881607146087,0.1043125868668183,0.9135294783611242,0.0,0.0,0.0,0.0,0.9519943202977362
88608b0a49fffff,2024-02-01,mumbai,25.66304170869677,15.61139206750909,16.677665240744517,0.5,247.19976752499028,0.10876121022689908,0.25335442387427676,30.058915682059393,61.00767509729367,0.6932854667605216,0.001479654646312678,31.516309371979958,0.6907831442272119,0.40119296699903934,0.15883902311412562,0.43597483734085885,0.11701628954649719,0.8411124206745848,0.0,0.0,0.9783311043016137,0.0,0.0
88608b0a4bfffff,2024-01-01,mumbai,20.724868671718284,11.694765746574774,3.342733048176449,4.140449262098457,197.74092316285098,0.18452785615406725,0.3174682848101084,28.265112684423926,55.42824259489772,0.8491390340842463,8.406016195219477,305.71378596528547,0.7509454948415192,0.12104982258340742,0.211461338625549,0.42402657928724174,0.05702452765723705,0.9084658878069587,0.0,0.0,0.5315032316938406,0.0,0.71195902640054
88608b0a4bfffff,2024-02-01,mumbai,21.48271301736257,11.362990814305897,7.851484140654934,0.8443482165202647,220.79351996009527,0.12227927678849274,0.2871179327786318,25.80846411797765,49.95884419397825,0.4350933158965865,14.16900007944407,62.35739609260846,0.40467734539236594,0.3493878831847303,0.16696091048210576,0.39211032400024226,0.09181682190962825,0.8111464685882249,0.0,0.0,0.0934874207887457,0.0,0.008880266318631624
88608b0a4dfffff,2024-01-01,mumbai,26.236635790351983,15.071129672147476,8.042307775577743,3.978141775932591,197.92774422432524,0.15199819604071313,0.45484928162877397,31.50476126369462,38.83201871095355,0.6626663277700786,2.562409206123107,560.7167520651885,0.5546315036196731,0.2795997385201149,0.21871984998331923,0.36705390916566033,0.049909065912841145,0.8697576616151591,0.0,0.0,0.0,0.0,0.0
88608b0a4dfffff,2024-02-01,mumbai,26.2052840127858,20.68976249428068,0.9257900942849187,0.5,249.43223363555123,0.13378716098024593,0.2898621590416155,29.732989237773197,43.78617176091326,0.5088614277846926,16.904798630860892,286.63813690554434,0.1863214865086238,0.09668300402172764,0.21540802766127887,0.44661579340066665,0.10995243778832257,0.908503719843467,0.0,0.0,0.0,0.0,0.5652427867325118
88608b0a51fffff,2024-01-01,mumbai,25.630758930765513,19.782616955082577,2.2551215572652414,1.141015860562832,174.59162685899273,0.22699450586407796,0.2988827607871119,32.417012471632574,41.64629663505449,0.5751300716232656,19.271547973066088,8.506041013703477,0.3168821119841961,0.23887989110699895,0.20445903498597257,0.41142788478643505,0.10756952884303278,0.8766992803621013,0.0,0.0,0.0,0.0,0.40125633243205905
88608b0a51fffff,2024-02-01,mumbai,23.408023834612536,15.255382316059476,7.050278843321998,0.5,221.871378625352,0.17690435981581965,0.22832048576716196,30.919232109564117,55.29667079085418,0.5858114540191673,8.189501936844826,692.047898200646,0.5631867413994187,0.1628327361660981,0.17651068766454583,0.44471016565787824,0.08211107589399205,0.83768093677376,0.0,0.0,0.5209663268615488,0.0,0.9660582815815211
88608b0a53fffff,2024-01-01,mumbai,20.707322234639083,11.976987920389814,1.568824357826455,4.322391288348554,197.33336205171847,0.21668895803419216,0.3293422412605669,23.160632086581764,46.26779593447613,0.7531583846839333,2.5770389844969297,745.1008985843334,0.47684914747046664,0.3153382611917375,0.17468435918754036,0.4274999997059372,0.1499550586497307,0.8709852968381209,0.0,0.0,0.0,0.0,0.03431479272636418
88608b0a53fffff,2024-02-01,mumbai,24.29151317594718,19.08387152937625,1.467799577094146,7.277190566580486,300.9732988476913,0.16066141303050763,0.35320055270359124,28.990380146329024,55.108197809960664,0.36824241381671285,0.5070027723439412,182.07199774348163,0.40171007033111666,0.23244185696820985,0.2049183799624018,0.45555697427512304,0.11883210351447362,0.8562388996212719,0.0,0.0,0.5058725012689761,0.0,0.0
88608b0a55fffff,2024-01-01,mumbai,24.04427003139277,12.619050477801967,0.12859763882746186,6.418186979468502,190.93580493165106,0.28614785586646335,0.3843294903238207,31.190316242795436,48.06575384231377,0.9194038371514597,1.8316532330501438,178.42854349371925,0.24554077221236995,0.07786162276709464,0.1982973292790793,0.4222874965983977,0.059725418106224074,0.8720597670559309,0.0,0.0,0.0,0.0,0.0
88608b0a55fffff,2024-02-01,mumbai,24.72803980425402,18.796948639109644,2.1133834926037585,3.3919858351040686,239.58984156758697,0.11325094960432797,0.19288762689651606,30.734460744465032,45.643892324659,0.31469696106075556,17.326985166938666,8.775673626243261,0.055421244799390146,0.37423738123775774,0.2045930923988632,0.46415746000845065,0.07086374725584449,0.9013961308392743,0.0,0.0,0.0,0.0,0.0
88608b0a57fffff,2024-01-01,mumbai,23.973252711364765,13.39044454346828,0.8641402498199344,4.791878097451202,211.46408544876024,0.192364068692952,0.3194653030830903,28.837479687155508,45.22865110295751,0.9092629511926634,0.5058483391834603,285.7473653434063,0.4593549290384335,0.7205069140639946,0.22355608042633607,0.43027056521637985,0.037987552346681656,0.8918617751384446,0.0,0.0,0.0,0.0,0.0
88608b0a57fffff,2024-02-01,mumbai,25.31633090023275,15.494672710272823,9.332990301643228,0.5,264.1110583543478,0.1263328526455551,0.31818486871635915,32.64232682493467,46.505915914949725,0.542044035833851,4.453749415391768,62.25074430804895,0.1263251969211224,0.46342338903732094,0.21845130928304918,0.3955504241371006,0.044947897438746005,0.9170563051803786,0.0,0.0,0.0,0.0,0.0
88608b0a59fffff,2024-01-01,mumbai,26.06279315068911,18.628651683832857,1.6086178602061652,7.997506670917901,236.64938202697505,0.23295506150309006,0.34864821143402003,30.201448093184368,41.421903636566334,0.32396549040805345,5.613813809682994,119.49336384985467,0.8304507201325981,0.07006465910471034,0.17128270866224665,0.3499077483895765,0.11617474246070678,0.9094870724178575,0.0,0.0,0.0,0.0,0.5880281780975695
88608b0a59fffff,2024-02-01,mumbai,24.391569609429666,17.52901458100364,1.9407682757311797,1.4553644138698514,238.55834549269565,0.13322630880701203,0.2539294731557593,30.71280195535044,49.52091730091447,0.6607465622932034,12.212832713242728,342.69164926789654,0.061045288995878945,0.0408677867508202,0.11576816068972585,0.37245955999192676,0.058046125469624565,0.8969737210978733,0.0,0.0,0.05841612242616282,0.0,0.0
88608b0a5bfffff,2024-01-01,mumbai,23.89247056187475,17.349213716137367,26.331213913848227,2.3013520133605945,199.41908993858954,0.22906393494651095,0.32129436840811854,30.8927056679283,49.114934482894725,0.6408647605547845,11.191179983998849,174.49103319629566,0.4873814152515994,0.027315156327314627,0.22178263060639677,0.33546758964222256,0.04554921005268755,0.8867507428940282,0.0,0.0,0.02590305970640216,0.0,0.5117534902373951
88608b0a5bfffff,2024-02-01,mumbai,24.79680092872378,16.739112312727016,25.20073402212962,5.710382939756487,246.34070724485287,0.1422464903799293,0.19668747621073418,28.985989220979597,53.63999374973189,0.9293606864437818,2.7624676521837532,229.41932990723836,0.34168222980027485,0.10225917151898956,0.20510558166755133,0.43844765072499337,0.07879571614122045,0.8529321112440681,0.0,0.0,0.3882916368164714,0.0,0.0
88608b0a5dfffff,2024-01-01,mumbai,24.714266943311596,14.224981881859097,34.16208843198466,0.5,176.3965426391443,0.1787941106367382,0.33567860294630386,27.374345974375398,43.784284145405145,0.6778103053452135,1.9721205419091719,218.290863562629,0.7168395219906881,0.024156463097712796,0.23317966178050992,0.423731064279072,0.02772084275738005,0.8746221006711881,0.0,0.0,0.0,0.0,0.323771740217799
88608b0a5dfffff,2024-02-01,mumbai,24.67869892473511,16.49040630130218,19.26901111933037,1.2057007479094985,233.2435012630878,0.13536268780742683,0.2633917462182573,26.851515766420714,45.922122069797005,0.5145095299472707,0.534119342268784,981.6091292249466,0.4712542034212318,0.008262136983411253,0.1753872813283625,0.44498574308916505,0.0942029864674393,0.8346648550609482,0.0,0.0,0.0,0.0,0.9096697155519424
88608b0a61fffff,2024-01-01,mumbai,24.110429843026505,13.319983559531423,2.3786858010036234,1.7425702921233008,192.3346882157968,0.24142686251281684,0.2844237132864671,32.09117387641443,43.63198935479827,0.8970902256168966,0.42465183380799004,1119.3585700543733,0.5030048393229606,0.3769921420198778,0.1900441577997267,0.3924448486414173,0.048216662325471935,0.8540110621719648,0.0,0.0,0.0,0.0,0.0
88608b0a61fffff,2024-02-01,mumbai,26.71340878222736,17.20765577117202,16.993561591218903,0.5,242.0496840944699,0.10427576278634507,0.26164947022239116,29.46200343907176,46.098728778115316,0.8562824769700635,35.57203281540703,49.34148806669126,0.22050112982748407,0.18860678078172477,0.17933021382664902,0.45325975154395176,0.062208585286822486,0.8537062060613909,0.0,0.0,0.0,0.0,1.7280186951522023
88608b0a63fffff,2024-01-01,mumbai,23.769225182987007,16.154255673638204,13.62216731438907,0.5,177.65458160488856,0.16126908859809022,0.43633794381324187,27.557751955565465,51.14979967384737,0.5684644081573946,6.262421684754319,190.44604911956137,0.4041433100965677,0.14435738303854134,0.21341537009268707,0.4208951116379918,0.08791231648498318,0.8689871958854817,0.0,0.0,0.1888648813480354,0.0,0.0
88608b0a63fffff,2024-02-01,mumbai,26.993724422389825,17.473404528372832,12.04786093504579,3.2607704256676895,256.9222427801023,0.09182381798866232,0.25123406275655996,31.03050058755534,40.69669709873981,0.6642276322736349,0.8014830466538075,156.99808898718356,0.853798285205651,0.11289025502545204,0.16975300736836374,0.422285122822814,0.11307899054374736,0.8920796772444652,0.0,0.0,0.0,0.0,0.26468655914536526
88608b0a65fffff,2024-01-01,mumbai,25.357172633336972,15.194708620638702,6.945415542347114,2.466579607799604,201.30504353220385,0.17202423794760113,0.40742840085750803,27.46217293993923,45.10430710562348,0.6032468500842747,0.8077145788597812,505.63214354041514,0.5224577306709768,0.04047241495688926,0.1539919243956644,0.462695387976495,0.11678520765310771,0.8863755468351086,0.0,0.0,0.0,0.0,0.22358136192560563
88608b0a65fffff,2024-02-01,mumbai,24.485427076475688,19.359403940667246,16.20270832895542,3.7457902773808396,265.4182058341996,0.08907472244439654,0.31054876465180886,30.370145882084497,51.751620449517944,0.7502512609910791,2.863495784358375,400.5988505967733,0.5463800511482176,0.08355813906857057,0.15785046646198095,0.42389066980189183,0.1536479799508096,0.9110364297426552,0.0,0.0,0.23706159253121875,0.0,0.21814516559174799
88608b0a67fffff,2024-01-01,mumbai,24.34932479997892,14.492922845516391,1.0439338781126561,12.9667878184169,202.11758384647993,0.2291762367349148,0.3135491221004708,30.01780958173551,55.14232134759656,0.7431476546946679,9.491620111999856,21.694967509141975,0.25750499666835286,0.6513961671926859,0.2121320606004445,0.4492614634255777,0.08176703977425451,0.9107713327480337,0.0,0.0,0.5086052787909102,0.0,0.0
88608b0a67fffff,2024-02-01,mumbai,28.995944366988144,19.03861580885137,2.8387722707932683,2.6852099988141656,258.86472074523203,0.11153636798536334,0.1880100534658748,34.644518954270914,52.09917657454252,0.43226628639547215,0.3951888615796886,296.90428437675547,0.3091448291528824,0.24552428327411815,0.13757853080401936,0.3719058142829861,0.08377199660470257,0.9364751597740247,0.0,0.0,0.2648955637979815,0.0,0.0
88608b0a69fffff,2024-01-01,mumbai,22.56242750604202,13.325008319840359,0.9333816079982973,3.583738326802007,200.82896071553617,0.19615364195100993,0.39749416109732644,26.044226070481713,48.27283107107486,0.46951891911886406,7.365952595620062,13.30792682629654,0.8175405658318411,0.22178484453002068,0.20298996866489183,0.36871891723942757,0.09532589913317573,0.8813010888838534,0.0,0.0,0.0,0.0,0.32504335644389326
88608b0a69fffff,2024-02-01,mumbai,23.691005854789008,15.397458992522347,4.447320076733509,0.8239165063249749,241.56468338065773,0.10515193161099955,0.2911388816758803,27.8150905693158,53.09503600957359,0.36330974610895866,6.017095554430693,488.93997125683364,0.27417217898562835,0.13650020789648404,0.258504371436458,0.42654620535002624,0.10472216794716642,0.841642420684053,0.0,0.0,0.3446487918512339,0.0,0.2669128145997802
88608b0a6bfffff,2024-01-01,mumbai,22.766765085263533,13.723343197481437,11.522075530327703,1.2321292859634456,195.61165196820158,0.18079828847265617,0.39200192120718397,25.737573361913014,43.89655389036932,0.8526317388258632,13.356760634969946,382.13384053291816,0.11611647630096816,0.061045443898760134,0.22925417172359927,0.41177946682812183,0.10612244708559063,0.8721059947261781,0.0,0.0,0.0,0.0,0.45823136417060956
88608b0a6bfffff,2024-02-01,mumbai,26.16316840131102,20.734526742425626,5.763736539533096,1.3283861470319964,242.92854381356838,0.15869648890494611,0.2387595346178119,31.339781116432636,51.84773975827563,0.6483478082441057,1.0109918166776677,16.40035258935512,0.3074608016754207,0.25560795434813594,0.18834339843414188,0.407746004122647,0.07213710244655454,0.8843106825123357,0.0,0.0,0.24475929050144812,0.0,0.0
88608b0a6dfffff,2024-01-01,mumbai,23.318923690521707,15.746725267302981,9.968334747505494,0.8908909210307014,199.82027380160486,0.1936993415333612,0.2945562969382281,30.02594624786802,44.65621674160824,0.4675104174818582,6.692814258347243,322.6376599559661,0.36941973859561167,0.03170431241729533,0.20160695545074786,0.43325892996165355,0.0812038878126786,0.8765828402715169,0.0,0.0,0.0,0.0,0.24307728929755834
88608b0a6dfffff,2024-02-01,mumbai,24.589128156734734,18.357840541999877,2.4647577462624035,9.771947701039444,238.2087721262363,0.12026705213238681,0.2607930275881309,32.57104735914905,53.34972836453015,0.4672672133329921,3.7733361064947077,375.33450339584954,0.5030051378480306,0.05155911383046801,0.17489255358060715,0.3923930576862533,0.08906362485843834,0.9013139787797854,0.0,0.0,0.36504578439229124,0.0,0.09117300886211901
88608b0b01fffff,2024-01-01,mumbai,22.20686885360915,14.866810855878693,0.43435155529065395,0.5,202.47295033775134,0.14414861314249444,0.36554402430508887,28.53246202639845,47.54389657027399,0.43289804796877634,4.978958748126387,692.5350709927425,0.278155328106837,0.2848336390326899,0.16275713286039808,0.41989910057842306,0.11456348013226698,0.8891091105630143,0.0,0.0,0.0,0.0,0.0
88608b0b01fffff,2024-02-01,mumbai,26.49058280303181,16.99722812728467,6.704139095136597,5.549499647520917,254.5553855171346,0.1530642789157547,0.36373533189503465,32.45445576689824,54.8514524378913,0.5852560720052861,1.1697752529039813,271.4376262116405,0.34933958912113894,0.012844766586997534,0.21492438878609238,0.46433139781041854,0.09475580615526098,0.8956302407446045,0.0,0.0,0.4853110932128017,0.0,0.0
88608b0b03fffff,2024-01-01,mumbai,24.83606095992891,16.776859499223526,3.0445670052321154,0.5,203.1973166146886,0.17177484476649954,0.31245598934007757,28.710185288752523,39.4082676085128,0.7653822459013229,0.6168745641732393,22.76228692941507,0.7929123464103307,0.08602689245523087,0.22939957677881045,0.4202955594064255,0.021679712925000524,0.936159940117971,0.0,0.0,0.0,0.0,0.0
88608b0b03fffff,2024-02-01,mumbai,26.31996393629482,18.981925193307895,44.138503783206964,5.9762889380559105,217.9843463925584,0.12136443898446596,0.253145296553991,31.062247596811787,57.51930737231891,0.3918082422807087,33.263603915051476,359.94035454897863,0.6575746634259843,0.09043809800661938,0.17994293568054848,0.4383642194286209,0.04515049795960225,0.9175141573995853,0.0,0.0,0.6989657873532066,0.0,2.7044939918365376
88608b0b05fffff,2024-01-01,mumbai,20.743206563078576,12.537407096067666,18.07387097998778,15.0,200.99395323893808,0.17842974190758276,0.3923831513095457,25.106062278226183,34.03348191888231,0.46418097259946905,2.045903501354744,356.46357724135703,0.1527309229179243,0.13748034104735946,0.21450535957582795,0.4336281641369834,0.09748550655254391,0.8849529840859591,0.0,0.0,0.0,0.0,0.0
88608b0b05fffff,2024-02-01,mumbai,24.784160301988564,14.524335445019915,6.30315242570111,2.460317064491101,266.98956118735015,0.10798763038814058,0.26425786680276203,27.142529600129887,55.56290306493203,0.49143802039675355,0.295805821392649,38.40220102339296,0.3834179837686897,0.043485891399980374,0.1807933316814356,0.39505921536258015,0.05645348686907036,0.9011290375880604,0.0,0.0,0.5422874917998558,0.0,0.0
88608b0b07fffff,2024-01-01,mumbai,23.578819952715975,16.02527298917237,1.7013307150509391,2.976551341990075,188.7814456353559,0.20159524694625722,0.3335420265820306,29.112579912919493,49.27866942546457,0.41145107124185953,11.878012144571558,1367.7187267261124,0.23095523169882876,0.06107320497268677,0.1331562059255193,0.40305155985668256,0.11498987592333887,0.8580274639485835,0.0,0.0,0.03901574384204178,0.0,1.5614078744161988
88608b0b07fffff,2024-02-01,mumbai,26.512239134960605,17.57529609204444,27.936007302542386,2.48737755490387,244.5810878720035,0.14373959002443656,0.2841398209595854,29.450186862818228,50.71219622912007,0.3882116842283348,5.922159802691455,816.921802452376,0.7232167027790881,0.02735149660377274,0.16720106764062506,0.38516478448015573,0.08867479126309971,0.844927901038872,0.0,0.0,0.15381948628870537,0.0,1.5182001716428437
88608b0b09fffff,2024-01-01,mumbai,22.8464716376345,16.8063074352089,7.063781300555487,6.149944262838989,202.61023594481549,0.22785403643777566,0.4238522827584572,25.67241024482113,46.68164398855048,0.4729204456747378,0.8797801349702823,339.80537929436747,0.6838598977867093,0.1166129558374923,0.19041901631902589,0.3996467113676451,0.08420039311647487,0.8443524550469252,0.0,0.0,0.0,0.0,0.25577334037524435
88608b0b09fffff,2024-02-01,mumbai,25.384749821495017,16.305687652519058,3.9041258896868203,5.613337689829821,264.5817551849623,0.12692163874077,0.26603808789115596,30.027822708419606,46.90250122677403,0.678482683929117,1.1692677992303975,226.61460666325118,0.35770230457532914,0.35885874830574993,0.1867652944061914,0.38554859162595456,0.11272711762688375,0.9354169424769508,0.0,0.0,0.0,0.0,0.0
88608b0b0bfffff,2024-01-01,mumbai,25.61953580251123,16.535471516555955,4.234307385550727,1.1431967295147294,213.39932815035252,0.1747666190939817,0.3394115324547097,28.132681327343136,46.65035416961707,0.8382143018342271,13.918109348697268,12.718945636074405,0.5496245793694176,0.3308262501757894,0.19490307670383614,0.40455477530532635,0.09852305935448277,0.892711415078663,0.0,0.0,0.0,0.0,0.037875736895934334
88608b0b0bfffff,2024-02-01,mumbai,22.625936126713047,17.28318235944087,0.5600088288192916,3.5428520835891244,236.20330775948537,0.13710860941484912,0.2748029225484067,27.37970680583651,53.7872971080396,0.37419601728332036,0.9674143456702278,85.20179329375974,0.21658274482970863,0.22526138981030058,0.15538286132718976,0.45004711336356557,0.1148027746000541,0.8722604367096903,0.0,0.0,0.4000884004106811,0.0,0.0
88608b0b0dfffff,2024-01-01,mumbai,22.921645607716933,16.4598097931389,4.311268050643552,0.5,176.68547681658202,0.1949207332707983,0.27005982177012605,26.97209656434177,42.57786050698955,0.3228132734915835,7.190072690024829,759.3564560033972,0.3714154342693267,0.3221937666040443,0.15760527424798493,0.429693123241506,0.08035543848650467,0.8470823912524125,0.0,0.0,0.0,0.0,0.03581115806486631
88608b0b0dfffff,2024-02-01,mumbai,27.740341497955512,17.53059671896601,1.5006579218808755,0.6625700612966834,257.6578594939025,0.16682896026859795,0.18734733867762993,30.615059721638627,49.78818853146579,0.20290982302126337,0.9011167553707345,30.220832198592756,0.23543636366930412,0.10024814511667843,0.17182039211712138,0.4151643897472516,0.12879831440036904,0.9250853291533272,0.0,0.0,0.07982049201128198,0.0,0.0
88608b0b11fffff,2024-01-01,mumbai,24.824791266243643,14.655395440868983,8.591246204212823,5.679490706677286,177.95409114943973,0.21047877463880546,0.39118954410884016,27.839894480032704,43.94704297748976,0.17231098121950594,13.160059297779302,328.9320909178078,0.40479501177302424,0.03713240532318872,0.1522513899709199,0.47005686789647405,0.11346895260778528,0.8895565346993157,0.0,0.0,0.0,0.0,0.8475339689344814
88608b0b11fffff,2024-02-01,mumbai,27.947756836032774,20.939219062271093,1.441237850424577,7.450558499237083,251.4401641413805,0.05363560966571154,0.2915985376383622,33.437908244569215,52.9008592334395,0.29301148759185924,18.816816869353886,488.83873314268027,0.7073128466618034,0.14052750347262133,0.16387347543476366,0.40710497166024945,0.0861260265581149,0.8623438628876294,0.0,0.0,0.32909817881799525,0.0,1.8623497309174752
88608b0b13fffff,2024-01-01,mumbai,22.902728688743906,14.641548159656997,3.338499383684389,4.430952402702589,192.05245149407554,0.19516765490890778,0.30656287800064563,29.21358680539812,37.7874257543686,0.5316693864187491,36.015963043388375,46.64195025067667,0.5742001344064194,0.043488844221271764,0.1518176571271071,0.40668974816146475,0.12183424147393335,0.8784156041049561,0.0,0.0,0.0,0.0,2.8718348836900938
88608b0b13fffff,2024-02-01,mumbai,26.457710931340266,16.927097780848502,8.883113984871185,2.063319361954963,234.70467452866353,0.15622038604490024,0.1765752672776088,30.99305061034886,41.50757963546384,0.05586984679773618,1.0427064353043491,540.7973071947629,0.32624641734157767,0.46482492067994285,0.15687193965001095,0.44873189178519757,0.06659807023155198,0.8447102154450742,0.0,0.0,0.0,0.0,0.0
88608b0b15fffff,2024-01-01,mumbai,22.63006758437819,14.069396413636804,6.227590631416829,1.553322606762285,183.3961039579286,0.21770083676170848,0.39690174589709093,28.22295395373511,42.29698166933022,0.4850104469176647,7.090613599221332,297.7326401238222,0.4682914113687873,0.23914255913133842,0.16736620512983583,0.4237160659440927,0.059385222520105224,0.8752005861554092,0.0,0.0,0.0,0.0,0.0
88608b0b15fffff,2024-02-01,mumbai,26.696905988327646,15.517525274254313,8.64319224805508,5.558570562109324,285.47209269771486,0.10075785630036509,0.32461495508860505,29.373312588514377,49.51475622634082,0.1323525802859965,3.0237699734387866,148.40728958821057,0.8498589039921358,0.14163162239328253,0.13904745936228805,0.4270031792243345,0.06748156720812645,0.8573100020087706,0.0,0.0,0.05792271385037352,0.0,0.27732126862114037
88608b0b17fffff,2024-01-01,mumbai,23.900462470147296,18.061480774419326,5.815473112761952,0.6610818774520957,181.1241747649547,0.2200431544440512,0.36649882743017037,30.29200539853829,50.366805283067364,0.24679761436312983,6.51183581709994,402.4914942330546,0.21670432632627593,0.2516214876297953,0.16249721566156217,0.4680440336572787,0.09504485888918361,0.8729292662960784,0.0,0.0,0.12615891299985504,0.0,0.0
88608b0b17fffff,2024-02-01,mumbai,25.366802959564428,17.596647102563352,11.062373236435759,2.17349418297184,235.16067150429632,0.13424870502517336,0.2796355824905519,29.798604509951577,50.16817944026071,0.13666648082717334,0.6555042861379006,870.9623004462363,0.3121010309047301,0.3696846422224573,0.2169289303479074,0.4130288238269943,0.10261938037104998,0.8742624128127348,0.0,0.0,0.11025199724308009,0.0,0.0
88608b0b19fffff,2024-01-01,mumbai,21.593517720913454,11.04987408338003,16.202917219608064,0.5271454409788399,172.14412422263027,0.17402132074111193,0.3457012368158288,27.086769333204586,41.44862200985738,0.7852098461562427,1.3169609558127233,1017.7958126280923,0.2809644008580544,0.028406403997656503,0.2070344891832776,0.4322041779106872,0.10440305977773753,0.8957115299011293,0.0,0.0,0.0,0.0,0.42697817103504293
88608b0b19fffff,2024-02-01,mumbai,24.652344386944097,14.941744834834733,0.3150342462970751,0.7864218561939962,242.42545161409842,0.16590990782367737,0.2731354203116433,31.860341513534625,55.601027365110795,0.6976703861496999,16.868726147194863,37.256126162502206,0.3844404094523402,0.40240985843240135,0.18861322221286625,0.3771851518780666,0.06369454222069026,0.8634376164981936,0.0,0.0,0.5453406696877902,0.0,0.0
88608b0b1bfffff,2024-01-01,mumbai,23.264973355058114,13.574602234463415,1.3227664993699941,1.5943129458004361,213.52387533250726,0.2087520739073041,0.38787219935196643,27.70716597237326,46.72412564395627,0.3355889047610492,0.9304934713302458,343.21588094493825,0.13565651405173246,0.21291479214191716,0.16463042182528678,0.39757467277590763,0.011184037751327466,0.9267960073915134,0.0,0.0,0.0,0.0,0.0
88608b0b1bfffff,2024-02-01,mumbai,29.50868098893132,17.932250327791458,6.7394094284243025,0.539324353267885,251.08326013492007,0.15637307576326806,0.18071964980315902,32.218792759378545,58.67539826322761,0.24040840329764745,0.30730694850434015,1049.6804494078656,0.5252774736825478,0.10136380596010001,0.1726384903594048,0.42045135692547964,0.12779580983777494,0.8680356271580908,0.0,0.0,0.7915511234253129,0.0,0.7829222633630241
88608b0b1dfffff,2024-01-01,mumbai,23.033535959503084,11.061802893027469,10.549188570032737,4.537349207687383,206.43418855761794,0.17988123735359982,0.3673752147286407,28.74172016327765,37.33766039728374,0.3995973719841876,2.1918741474016383,23.328131833682935,0.6280787044847707,0.337600480707213,0.19429304547792195,0.4281363568352625,0.051395448315821365,0.8834254027716236,0.0,0.0,0.0,0.0,0.0
88608b0b1dfffff,2024-02-01,mumbai,24.674539803669425,15.124419171356138,1.7688946931455443,0.5,237.26915919350597,0.1268383366967537,0.34714631371665033,27.543475080680768,57.579957816525,0.9288678553972312,9.013343225758723,343.172238196457,0.378759319318835,0.18452506361476836,0.17728978935258877,0.4019252889695483,0.10094131703735867,0.8926637166345559,0.0,0.0,0.7038229675316002,0.0,0.0
88608b0b21fffff,2024-01-01,mumbai,22.325323009944945,15.75310536077769,29.847255623634915,2.587413141512637,195.18925719595094,0.16038312693292908,0.284479593256425,29.81216514383334,47.97125514013,0.6356267436901863,4.884514869642188,155.9358137681325,0.08344613595799104,0.016137673413740443,0.20184143520015108,0.3992247493232414,0.02690317848790255,0.866366428736866,0.0,0.0,0.0,0.0,0.0
88608b0b21fffff,2024-02-01,mumbai,25.633593964661504,13.677769108918651,4.569501642389934,5.763774908963084,246.25924455412036,0.11815355839086891,0.30342741375191584,29.39430672444806,46.01164385024875,0.5983442592978079,1.9960714493570197,130.02353006031228,0.7434488768323109,0.44359381614546867,0.17010062275856325,0.41013214933485453,0.12928853165331305,0.895008074057511,0.0,0.0,0.0,0.0,0.0
88608b0b23fffff,2024-01-01,mumbai,22.217611248227705,14.16136129037003,15.236000897190294,1.362834218347179,192.7354162625139,0.19377499794361705,0.2680031089568441,24.64479344594474,48.2221877828201,0.8739433376688855,11.46385768547599,283.864312706254,0.46426663653456507,0.1295259133511295,0.11094219737605567,0.4124151194758791,0.0908295436531374,0.906521885071432,0.0,0.0,0.0,0.0,0.2178607537478664
88608b0b23fffff,2024-02-01,mumbai,22.47672619606967,15.738096768132085,9.013016188517865,1.6199972526633175,258.8556956863229,0.11015917079962997,0.27116459279033184,27.542228486240383,55.22117703664988,0.4598289084813577,16.98598789522039,269.79909142439885,0.4329740581519012,0.01712170491220757,0.16480716181905122,0.3907970358007824,0.08827123619533692,0.8768181654721868,0.0,0.0,0.5149204228073647,0.0,1.1497057062793914
88608b0b25fffff,2024-01-01,mumbai,19.653874580831697,13.683416093538758,1.5161102798641024,2.85351704751755,203.73471870447042,0.1775026707527104,0.4450295608772904,25.625374506664233,43.317960778610896,0.6406366863452847,22.580824343981682,280.71017444533504,0.35495729898850625,0.016133212830146598,0.1623905052565824,0.4734002696309394,0.08601501249903977,0.8726479824054273,0.0,0.0,0.0,0.0,1.5736490115317456
88608b0b25fffff,2024-02-01,mumbai,24.584676066206065,12.780650115417675,8.551934459591685,2.053401750147713,226.71551796725012,0.17430137055596673,0.27958168266236644,32.486557323401016,50.018044650759535,0.5448756469276924,5.957914900955171,249.2819406793107,0.5628033435537255,0.2335251344257075,0.20730959503218607,0.46813310536005476,0.10890852967826924,0.9011585441654982,0.0,0.0,0.09822847897873757,0.0,0.0
88608b0b27fffff,2024-01-01,mumbai,22.65939504839902,17.45193513542855,1.421567494431998,2.334149234195526,208.79291945908366,0.2020498020909932,0.19261565796283717,25.16290390170892,50.442769654191736,0.4471763491523588,37.18594027750886,212.7660224598444,0.4742218807763027,0.10100078103823837,0.17967445469726695,0.4291345753064977,0.06120334516414615,0.8999519848339967,0.0,0.0,0.13224250632747625,0.0,2.5955212686237226
88608b0b27fffff,2024-02-01,mumbai,23.670625198522504,17.985751789359597,11.595903500320139,1.9961847562500958,263.6626876690855,0.0825880009892723,0.2857366949630611,27.39510599042221,58.50123410719199,0.6771651020456987,0.08743560279310171,361.1043485916555,0.7099888914443183,0.21985378008047568,0.16763737007807075,0.430616726005666,0.07924326826124228,0.8899159780155781,0.0,0.0,0.777603217559885,0.0,0.0
88608b0b29fffff,2024-01-01,mumbai,25.803437466265915,15.807032548293865,14.74266456897568,0.5,179.78058867307038,0.2470531514231011,0.33770161614011823,28.403714305373366,46.31015306822912,0.3776187040470135,32.248021667356404,868.6591417923886,0.6152589975254371,0.5081452370274371,0.2162852974770769,0.4815799222326882,0.09248071310738401,0.9121159275013553,0.0,0.0,0.0,0.0,2.327851847254123
88608b0b29fffff,2024-02-01,mumbai,27.90304153302586,18.54573555306201,11.172852383719892,8.888020664334942,235.81938985031374,0.1790361228424055,0.18476692758818747,34.04921351205211,61.735702129225295,0.8813484509738486,21.465503968768957,20.223861963970347,0.20851471146328132,0.0006934249712794232,0.15332004333012045,0.40462327946592574,0.0,0.8422594632314374,0.0,0.0,1.036635021364732,0.0,0.652462531855994
88608b0b2bfffff,2024-01-01,mumbai,22.849910021477513,16.626510623855527,3.7410901955781317,6.847067211789506,219.49614181136516,0.15661102968504706,0.34954594791318244,26.73022509947342,49.09458805286881,0.444171785047781,7.857905086547239,37.329422507850225,0.4270224272687357,0.06449943922910784,0.1376233830640458,0.4077106590171043,0.07339350832119695,0.8718364414219518,0.0,0.0,0.02427361942914468,0.0,0.0
88608b0b2bfffff,2024-02-01,mumbai,25.173433299661927,15.743020941317292,1.8587704897740371,2.147924016270725,263.15429436706796,0.14805019722918408,0.3107459012941363,28.713064502444865,54.61830147260515,0.6775430956127435,2.5856223541291015,72.66505414307962,0.22771752040678025,0.12244274010286813,0.16093406893574227,0.4442121510926794,0.03637650414426608,0.8355405545859723,0.0,0.0,0.46663923908238186,0.0,0.0
88608b0b2dfffff,2024-01-01,mumbai,27.855521246876574,18.761984688268363,20.05771484094979,0.7154013615011421,190.52940336672012,0.2648121174385715,0.401192856765048,33.896849310442235,48.323334244083654,0.26743610039527527,1.9076052408650241,17.38337370732299,0.5140145590044332,0.05632617178218375,0.1233159284661544,0.4622865153163526,0.08633728327582167,0.879317023966565,0.0,0.0,0.0,0.0,0.0
88608b0b2dfffff,2024-02-01,mumbai,27.700109484999786,15.987817727103042,2.1783703796115756,1.1390268454819403,246.48049689338873,0.16713312299158828,0.22003185562813626,34.902784269678016,51.80543887385342,0.9097319939274807,11.653442832764826,235.95494564322286,0.12432575196694383,0.44231832836308005,0.1908795658303469,0.4344302463043725,0.10088036289411928,0.8824096747936074,0.0,0.0,0.2413716315974847,0.0,0.0
88608b0b31fffff,2024-01-01,mumbai,23.872117805913135,15.802063730059283,10.962249864315483,2.8071546307593294,211.39759625465462,0.1720039226385902,0.407993316756157,27.21819730535557,45.427062529169895,0.2496180993405498,7.692908732502673,453.1173735218985,0.7746618631218085,0.1442660136971977,0.19784372790511434,0.39528837465898514,0.09078056623864073,0.8553120792397387,0.0,0.0,0.0,0.0,1.0900867175516573
88608b0b31fffff,2024-02-01,mumbai,25.561228641565855,18.54012320156447,4.615458965035732,7.0287713576862725,240.86913568159966,0.1579186035089146,0.25246688817146495,30.328602890133048,44.4136673712817,0.3080199228983714,8.810436656454185,349.21410991255686,0.34007548344472305,0.15436772993937314,0.1421594153434727,0.46261302282912065,0.061530796268024886,0.8921952605765612,0.0,0.0,0.0,0.0,0.0
88608b0b33fffff,2024-01-01,mumbai,25.27826501165545,17.197917023947625,5.471000713830213,2.5055475530099196,189.3760313373232,0.20789072508504852,0.4675344441354109,28.63603917617765,51.64044062355095,0.29298576158588757,16.70802233054718,481.91346692430574,0.4337435623024244,0.025990084255615255,0.13454835983838295,0.4391222851916475,0.05924494045075502,0.8515868232755919,0.0,0.0,0.22815777568382428,0.0,1.3220676211984481
88608b0b33fffff,2024-02-01,mumbai,23.794825563970498,13.516989789030177,3.957944684985954,5.9555493134795805,250.89815410182726,0.1270151533497751,0.25680261931808807,31.234590211135277,53.873963086662904,0.5768136918635037,12.051477467069324,256.7950452345503,0.6003437326931198,0.22493724698009812,0.16402965505293637,0.41709863149156806,0.10936767232428563,0.8549124106682052,0.0,0.0,0.4070290300964225,0.0,0.6761557101463559
88608b0b35fffff,2024-01-01,mumbai,21.232615693921783,14.927002134983557,13.827821342071642,1.5286349234858294,208.25040723893278,0.17931371453750652,0.3236869937799259,27.553519040376163,42.46450025266975,0.4874362220572167,5.335995904642028,127.18531135262398,0.4673176844183144,0.4287840714237657,0.1859574286315281,0.3939680619545684,0.11511515345058575,0.8547580739539262,0.0,0.0,0.0,0.0,0.0
88608b0b35fffff,2024-02-01,mumbai,22.560421369290278,10.78503087035129,9.49832240551855,0.5,259.0160200113533,0.11755305476412747,0.23262022528942417,28.37769515715206,51.431667238433846,0.8688358429934889,5.283990599334319,92.32008750466724,0.5673440066846479,0.3478661595664662,0.11797128901616796,0.41617662023279883,0.030994878091049595,0.901522581882476,0.0,0.0,0.21143819578229486,0.0,0.0
88608b0b37fffff,2024-01-01,mumbai,25.21708460166325,19.21982922213843,0.4533464018154375,10.81499206050452,189.52936476449966,0.17187355358106854,0.37585265998616724,29.284528143170206,37.80939949697527,0.18018031027308365,0.8928084482852856,62.633515504511195,0.5856521291250748,0.6812720976982738,0.20236290505247098,0.5340105754624488,0.13884136562614086,1.0,0.0,0.0,0.0,0.0,0.0
88608b0b37fffff,2024-02-01,mumbai,23.481119844033135,13.367691627762454,1.080580120736815,4.054953218755902,263.7840188283267,0.10926355834729762,0.29361379551821426,29.811561686610585,44.87239323368927,0.5927988442353103,1.7402419776719509,27.4316025726958,0.16873243849660405,0.013241027404256336,0.15958199833094078,0.4530901506292774,0.1745985770883418,0.9146026148799129,0.0,0.0,0.0,0.0,0.0
88608b0b39fffff,2024-01-01,mumbai,20.83893621323464,9.577096643272164,2.248097796165673,0.5,199.89242202768807,0.16105856651603068,0.327241203737409,23.31128028294095,47.18339922651511,0.375245190522462,16.565682787100485,377.40375438279085,0.45433637721123266,0.2676996602726015,0.18997053487422375,0.42017792693088923,0.08028620986049236,0.8644448474495472,0.0,0.0,0.0,0.0,0.7253805428847361
88608b0b39fffff,2024-02-01,mumbai,23.150205785285415,14.63610970738345,5.1304656696762185,1.214756999053014,255.49741401452383,0.14702973735520664,0.3391964675741914,27.888464307402874,54.87045943740691,0.5294960631684649,2.2904440693759223,26.49522951206747,0.36967997677267067,0.3208321006445977,0.19649496964534066,0.4282158989333118,0.09450730809026568,0.8972598414031443,0.0,0.0,0.4868332654327484,0.0,0.0
88608b0b3bfffff,2024-01-01,mumbai,21.313362355520606,12.486101258231837,0.3011298476330219,3.0066718317424783,196.91604586105814,0.26546385325709,0.34766869279130097,26.496433269239954,50.62607110525625,0.4968108675363626,6.198796952202327,220.60388255347212,0.17128037188233644,0.10967103063962738,0.1198772249484343,0.37482926303498754,0.0687621759346733,0.8272353177181643,0.0,0.0,0.14692217086144171,0.0,0.0
88608b0b3bfffff,2024-02-01,mumbai,23.629600170707043,17.85565360489207,5.062260201757352,3.3783498572100292,222.92366055979102,0.05804287207950315,0.2641985351093264,28.659453206920954,55.153094072436986,0.39104877525356085,2.415961371933307,386.2052825028243,0.7354205561286061,0.026425738822351892,0.17475428341170918,0.42524000467426065,0.11850403568877763,0.9003585752052293,0.0,0.0,0.5094680105688415,0.0,0.6629129271517457
88608b0b3dfffff,2024-01-01,mumbai,24.344885794184083,12.810077837869617,13.584183123619063,1.450587474975052,207.16231791577462,0.15918127588137726,0.3518110311845656,29.797594067431262,53.25805296764608,0.4855522754035654,14.923314537072606,34.2348973612365,0.2300388690140959,0.7229428568510727,0.2173699537869977,0.4368884846606359,0.07201103490806378,0.8915740942810393,0.0,0.0,0.3577039763244292,0.0,0.0
88608b0b3dfffff,2024-02-01,mumbai,25.656038758218425,14.160313258436338,9.37908167676117,4.5121378025975325,252.33994541482016,0.12562744181641688,0.29357847994310693,32.004634789895675,52.09257202870308,0.8815880326424442,4.635419204092003,73.07598313616828,0.32441561734426644,0.16124110623958102,0.21949011301788257,0.46969140393151493,0.09093501932127496,0.8852146402987617,0.0,0.0,0.26436663990371306,0.0,0.0
88608b0b41fffff,2024-01-01,mumbai,21.575336073424026,15.771164425681945,7.447088599803187,0.8287407634518996,184.10774035143118,0.16843920582310626,0.3056163896063091,29.087356398267573,42.946500507017795,0.526066228967735,7.951253795722971,865.655060280746,0.40203260879440006,0.14958157302594638,0.16648393632600322,0.4225841562013541,0.07897460569276225,0.8516624854848197,0.0,0.0,0.0,0.0,0.7410387388761139
88608b0b41fffff,2024-02-01,mumbai,27.24015447086152,18.21251019028889,16.837963889927153,2.4233740516035573,261.81913388528477,0.11678071177811003,0.18383807372965438,34.975632541022705,52.32044489675426,0.4288590308129618,9.102148019504545,77.74463989602339,0.4544194573475944,0.1309360727225599,0.17345646403503606,0.4478183700509252,0.12279100162281185,0.857752311315593,0.0,0.0,0.2826157985435239,0.0,0.24658905436428694
88608b0b43fffff,2024-01-01,mumbai,23.90074891421338,16.707411938281012,11.887848369886044,1.8003615809175628,227.49728236425108,0.1918876933148093,0.2729629733528605,29.213668182056626,48.54868885435361,0.47444864982366514,11.73731548725752,375.26699049653973,0.5760423405423274,0.049330882663934594,0.19817325047642434,0.4502481595415844,0.08491644001720812,0.8878469291428261,0.0,0.0,0.0,0.0,1.0950796493281232
88608b0b43fffff,2024-02-01,mumbai,26.308633285703017,14.367134872212304,7.040361265161264,4.968197471491765,236.54533618696834,0.13454324662806327,0.2829322942306537,32.93343388366341,48.814012323551395,0.7556072603691992,9.960346573661575,134.01391659206755,0.37827272245242277,0.4000303954974405,0.1571841942885928,0.3923287889913464,0.04618206191316172,0.9031733861619547,0.0,0.0,0.0018037613956549323,0.0,0.0
88608b0b45fffff,2024-01-01,mumbai,24.090128617823552,13.543148877963754,19.6631065644218,1.619928279243397,199.27486888332143,0.22012535205414976,0.2997833926395263,28.458619552629685,52.640039175215186,0.2700332612835866,17.399981199596983,77.34041922601094,0.3339082192743023,0.014323236968694265,0.16642909616305043,0.383948779554206,0.1329816512406602,0.8750153280610277,0.0,0.0,0.30821045023632343,0.0,0.9299271041626657
88608b0b45fffff,2024-02-01,mumbai,20.39677334823778,14.707138005488055,3.767396345178058,1.794571319816367,251.500415982217,0.10172149144696024,0.3717164165582114,28.1104479090988,58.17940535288571,0.4223993212455821,0.4422499900929368,147.5099377989153,0.43322963751657073,0.29020795520451664,0.18099266237265668,0.4059162833843483,0.08064416716148665,0.8819865900601325,0.0,0.0,0.751829618261223,0.0,0.0
88608b0b47fffff,2024-01-01,mumbai,21.025487533472454,11.296280116165702,12.643649379877221,1.7754988209120648,203.8971935367268,0.18866062545451778,0.33117391579056654,23.77066422066364,44.915420411472994,0.8631918637267889,1.059564554817587,198.3601246785317,0.4364270537100689,0.8332053104463725,0.21129920934166663,0.4393989515553407,0.06281033925596702,0.8752284906338861,0.0,0.0,0.0,0.0,0.0
88608b0b47fffff,2024-02-01,mumbai,25.8756618550675,18.541509693133648,16.98748138093745,1.075274919926064,276.25425580285986,0.12025759936734597,0.13455015662209538,33.21834060434364,55.209518981778515,0.4496645998627489,1.2688314595893075,29.167276353521054,0.284302243238469,0.15357077041863865,0.19394768474197083,0.35744752797871804,0.0650427564035915,0.8265209046727505,0.0,0.0,0.5139867895293063,0.0,0.0
88608b0b49fffff,2024-01-01,mumbai,21.99510455348245,15.541946191570343,5.227604799716388,6.823467610715638,187.0844432470904,0.23092426236133431,0.4109098487933682,25.76970200084814,41.82876495817933,0.6913723422708765,3.61795579829415,620.738707742353,0.7217136021793035,0.007818637871190129,0.1801758797796353,0.43527090912418137,0.1569290661978388,0.9226192739998335,0.0,0.0,0.0,0.0,1.1297596150578373
88608b0b49fffff,2024-02-01,mumbai,26.172164848836687,15.115083846422554,21.18331495368071,0.5,271.11665451393844,0.19042936689598525,0.3079952207543395,29.099090715649922,56.773849554171754,0.41145312215329405,11.848256099241812,487.7049137599817,0.38987394551632454,0.3400084270312025,0.19687710814471318,0.42204401701556404,0.12074451401301861,0.9091162618043761,0.0,0.0,0.6392659288356084,0.0,0.09165379705271644
88608b0b4bfffff,2024-01-01,mumbai,23.319023624664354,14.080626753015615,1.0909506440520775,0.5,189.73672872976817,0.16346903040132896,0.35726119940940976,30.695149814761777,47.321700448494546,0.7466437631179558,14.529717586096552,198.221826769068,0.3943075160341298,0.05866446507190848,0.2026188972284099,0.3998521410695524,0.07428356404670326,0.9139263386836449,0.0,0.0,0.0,0.0,0.5575766734678728
88608b0b4bfffff,2024-02-01,mumbai,26.92398567017881,16.006812188954527,0.08788716658355274,0.5,237.9382495179189,0.1321360260095806,0.3306873921856131,31.182569192441953,62.28846241334799,0.5545101040119529,2.4777200747912373,203.2524742904622,0.5342697069585735,0.029909244562704468,0.1528695431915019,0.4752763329566102,0.08934682853381906,0.8807325412909263,0.0,0.0,1.0809027316937934,0.0,0.0037055193698213723
88608b0b4dfffff,2024-01-01,mumbai,24.362211049411982,18.187156071906376,13.704519260835685,4.8630603707632565,192.69901498730448,0.15547984207302612,0.29102372553779055,30.91102408219106,41.69770309876421,0.17355162942877234,34.47772217924881,78.7165611167639,0.6341067173494239,0.01265079224643625,0.18720347203338758,0.3765171578526072,0.13432873746039536,0.8876126167263803,0.0,0.0,0.0,0.0,3.0448282154681934
88608b0b4dfffff,2024-02-01,mumbai,25.011168603578458,17.770080994743005,17.472375089194657,4.850685667038461,247.95937301859993,0.16278292845427805,0.23725722496781654,30.303987233452467,49.440693015271485,0.5672823845012785,8.703068314098978,150.00820926441693,0.7273251709927542,0.5293600757591878,0.2213845817117385,0.4591257316699429,0.10464390644308941,0.8986234776130082,0.0,0.0,0.051991374592052664,0.0,0.0
88608b0b51fffff,2024-01-01,mumbai,23.06275350853543,16.120007030076856,22.432540825275453,0.5,191.7627754582905,0.21126163741018514,0.34200628244117964,27.58862790294201,42.32834541066587,0.839762997975228,21.975535693797866,12.53332136173397,0.1776197774038887,0.039763096494901215,0.13695603847359908,0.42275963137226663,0.08977280489802836,0.8769486853716341,0.0,0.0,0.0,0.0,0.6701634201569441
88608b0b51fffff,2024-02-01,mumbai,24.27826293767715,13.350501817773546,1.164593862030414,2.0726923560280253,248.6368593094053,0.1379284323736308,0.2712881247901568,31.358988280725768,49.04457871916645,0.816628405746866,3.157496417407873,601.397182760012,0.6111746229215649,0.1881026536789654,0.20450575825756517,0.4932042393530616,0.10091369511331971,0.8898351642724321,0.0,0.0,0.020268630717629403,0.0,0.4098933900960047
88608b0b53fffff,2024-01-01,mumbai,26.04869134646868,15.651226645105488,1.1443440002270195,2.4709717838793264,163.97280334776138,0.17553633723682296,0.42161497673275655,28.528786413915604,36.83142992033514,0.6270411575520248,7.1516731829311055,289.70000824272006,0.35510393595078127,0.35127580838377576,0.18550835799268156,0.43453274028147476,0.1708533983200038,0.903999868178857,0.0,0.0,0.0,0.0,0.0
88608b0b53fffff,2024-02-01,mumbai,27.021515667893475,17.47799976382293,17.669974226804072,3.752576443675575,243.28166197503748,0.10994294027870069,0.26092595014450204,33.723634640167454,46.11087932974573,0.3634723623731822,19.5841431204318,580.1557380727395,0.3170351621625834,0.02131891971361614,0.21099737529302418,0.45543886252925203,0.09479596992725191,0.8751919663878162,0.0,0.0,0.0,0.0,1.693359024864772
88608b0b55fffff,2024-01-01,mumbai,23.71745919275919,14.220854622308732,12.102942563282364,1.8908225091752766,210.42599321525557,0.2802435302983727,0.42415863000339815,27.14800624576423,41.29617399185865,0.369807222459859,1.3229966555575854,125.25177906499452,0.13943369342803533,0.027083957676117484,0.2470372072356866,0.43311077544517385,0.08322738456951648,0.8639012550990459,0.0,0.0,0.0,0.0,0.0
88608b0b55fffff,2024-02-01,mumbai,26.868411771918375,18.523182574420762,20.131920460692484,3.599836107296329,257.34699713149496,0.0997259033955779,0.3034140735503327,32.562420496206954,51.89855151223232,0.6329867113004121,3.6798216275982507,66.96729670553441,0.5644996821744923,0.0016607876296352538,0.1907574172728953,0.40632235516249976,0.08022459131606333,0.8866532363324418,0.0,0.0,0.24882854089818465,0.0,0.06195148854512136
88608b0b57fffff,2024-01-01,mumbai,22.08490123631653,10.146673324851648,2.6813536400030493,2.187201586232628,207.5624655899937,0.21998187105325145,0.39737752497959866,24.093264025364398,49.866388750184754,0.627630069846348,13.948366556189148,160.58398484892004,0.4903689933326103,0.4219229169461112,0.19583487789414075,0.3726564409174677,0.06607425738778434,0.8518179695331332,0.0,0.0,0.08608314280106238,0.0,0.0
88608b0b57fffff,2024-02-01,mumbai,26.105660894228127,16.114939960111343,10.033728319588192,6.888125760274896,251.17889801969346,0.12811495544469467,0.23149762560159795,31.920005898413496,49.13945541803308,0.42280010010407537,20.45784563016401,112.41830442749841,0.6412143384134311,0.019384357087015434,0.1764974035110444,0.4142697204314471,0.10107757305381282,0.8436400995768583,0.0,0.0,0.02786681449284686,0.0,1.9224036589830682
88608b0b59fffff,2024-01-01,mumbai,23.773478512829747,16.273547784221574,26.01119300729273,0.5,197.76808693461123,0.20852217807618614,0.3378631034256035,28.307763256263087,47.62848752899235,0.40830035669801545,16.724636154626385,978.9429585714392,0.7713931566873197,0.3409083325519932,0.19279056952953,0.4171965946218543,0.0544223306184121,0.8943130684006859,0.0,0.0,0.0,0.0,1.6830487685003566
88608b0b59fffff,2024-02-01,mumbai,25.590789322914485,17.726293094865646,28.359557393268197,6.751251655959707,234.49985631765801,0.15437493665576804,0.3316368250411647,30.03166921914916,52.332480044159574,0.6868702420182844,10.58856363807485,276.1781783913063,0.345232365575427,0.0025846700150258346,0.17248844211180714,0.41639627362739406,0.09626205616209983,0.8850161847401523,0.0,0.0,0.283579631210973,0.0,0.4908072522567454
88608b0b5bfffff,2024-01-01,mumbai,23.696188360344262,11.88064717445505,25.22649546140252,13.073024700259392,186.90367418747178,0.18661794523139322,0.2238818956617428,30.385564867303373,36.61574743420342,0.6094972235811611,24.98275970290748,117.20010723876742,0.2129906400072978,0.37978011163176456,0.13943203811391533,0.41601405431480026,0.1053536179980936,0.8515413608253676,0.0,0.0,0.0,0.0,0.3835164393084863
88608b0b5bfffff,2024-02-01,mumbai,25.913785481994147,20.51679514254626,0.5516420794426967,1.144114738409858,246.02942849666232,0.0836823509029539,0.3165672415384008,31.976029749520926,45.714098705172745,0.07047930534836361,0.6433726366542571,4.831832757419877,0.3849025377609361,0.03706203229538014,0.24173985379145888,0.3712083507719971,0.08205532890961453,0.8597256367053595,0.0,0.0,0.0,0.0,0.0
88608b0b5dfffff,2024-01-01,mumbai,24.614531603689763,14.42240166557119,3.747805339838068,2.3453401976220083,205.50269124632112,0.11374880493410194,0.3582903671210636,27.27966938887916,42.93684321684415,0.49653734589484727,1.51224368008526,1066.7939921162667,0.4497380910846812,0.3664226751192856,0.18301501249400934,0.4309874361465659,0.07957796164315747,0.8040856086595383,0.0,0.0,0.0,0.0,0.17851419442595548
88608b0b5dfffff,2024-02-01,mumbai,25.821189747058522,14.06456228477729,8.498465163379699,0.5,243.83794382361344,0.10580570776761324,0.3343588189214393,29.04861727379039,56.63159781867718,0.6898410198529155,5.9884728075942615,456.16641425302,0.0937353385474477,0.3525851009341502,0.15586137034458683,0.3757913896523969,0.10363019689683377,0.9314731486690275,0.0,0.0,0.6278737235676876,0.0,0.0
88608b0b61fffff,2024-01-01,mumbai,21.690861231422293,15.486239794600923,4.259432021374774,2.3721651943808935,192.72418123233214,0.21118205562775866,0.3041249983587532,24.070766390323243,39.54539693272545,0.6936016865945314,0.10630018496457419,256.2140325951154,0.7492341909354422,0.20155754450078417,0.1734293267437687,0.4519775574768877,0.05292254073880588,0.8886435067859418,0.0,0.0,0.0,0.0,0.0
88608b0b61fffff,2024-02-01,mumbai,26.09126202387894,14.131448364347264,4.615955571849279,4.757993067060571,230.07505139058395,0.11595572370775917,0.23757633500334324,29.942031501665905,54.87265096772186,0.5220931531868226,2.8994180547253188,184.2504606733009,0.570494735014135,0.11613994930209903,0.16207152496828375,0.4442819282649803,0.11237890229542916,0.8856420267654687,0.0,0.0,0.4870087737533466,0.0,0.0
88608b0b63fffff,2024-01-01,mumbai,23.537895861981482,11.889528163601383,38.423045611933006,1.1989568927433771,176.5414710914438,0.17814060147864444,0.4047534220626969,30.569578753646912,42.971570774175376,0.3414720074007289,0.5878842781378238,53.79117127767955,0.2511500325846829,0.055498750794982274,0.12278641650966815,0.4093189346099509,0.11863804627177522,0.8885126119164397,0.0,0.0,0.0,0.0,0.0
88608b0b63fffff,2024-02-01,mumbai,25.89019356578904,17.15989633849696,40.05601280861913,3.5354889971183097,237.6573247884666,0.15462360177638018,0.2042835640981116,33.09914192708391,50.41740596865099,0.14072988503748335,2.664688142405396,159.54121582793482,0.13769294747569397,0.336656278538106,0.16750053526680603,0.43254901207556484,0.06229881366569007,0.834613764469232,0.0,0.0,0.13021126002298297,0.0,0.0
88608b0b65fffff,2024-01-01,mumbai,24.176970271307408,12.294784532578852,3.348401204537298,0.5,165.06893138813777,0.23464665334658705,0.2371733692923954,27.78090358114035,31.862797358297758,0.8662036888099804,5.53145486488883,150.28673549359837,0.21748074774730639,0.027554298358523695,0.16368349270131413,0.45445387344190113,0.10947429726313457,0.8720958876399797,0.0,0.0,0.0,0.0,0.0
88608b0b65fffff,2024-02-01,mumbai,25.887784020053125,18.81042787787264,18.996295190985055,0.6146527396670842,242.54846953911402,0.10586344569737574,0.2826453591309594,28.82948568190412,46.654979350262415,0.19985632619389895,2.1539795498733523,27.690931944235057,0.46828066776162924,0.07095271976704094,0.17769017926872352,0.3965958112023755,0.10260812793178267,0.8642403413159203,0.0,0.0,0.0,0.0,0.0
88608b0b67fffff,2024-01-01,mumbai,24.328772720777142,16.649779148390422,27.084907777367803,1.0468865890734158,202.5734725286933,0.20999033579962803,0.3622602127118959,28.12666602386377,49.59740077256752,0.6457867344277243,10.772708571773165,83.04435661649488,0.6101054031351067,0.29163770281263557,0.16313646620211406,0.39688893627436694,0.059891772082213274,0.914633251573335,0.0,0.0,0.06454128782850685,0.0,0.0
88608b0b67fffff,2024-02-01,mumbai,25.824101655015625,18.06306965372221,23.808965972952436,1.8005559992115763,250.4315168713031,0.06627880756414975,0.24663178339900513,31.65997808561084,56.14169948987184,0.5508457688990446,11.356578393180127,99.94153374136567,0.29142294988834344,0.7019975599996859,0.10410289849580856,0.39334152023746144,0.13104484444161046,0.8704070519787624,0.0,0.0,0.5886403018961835,0.0,0.0
88608b0b69fffff,2024-01-01,mumbai,24.437817045819138,18.03262562943434,9.825743568264233,4.044178908519062,182.55134300085928,0.2126836987834166,0.322123017051227,27.093091978232497,57.38249597136889,0.6630879359782915,4.566702342837483,31.541201310965803,0.21742440725401246,0.04215861479160668,0.2040622107832802,0.4586568725134393,0.11334789149227366,0.8632688887406131,0.0,0.0,0.6880092703223551,0.0,0.0
88608b0b69fffff,2024-02-01,mumbai,24.47212717471195,15.621792998595664,0.1079356532595808,0.5088526119648674,251.09600069519612,0.0964232895852978,0.26667450820979904,31.805467052607447,46.72329767323032,0.2610568493553389,28.440770605189314,63.65606854733429,0.6431204961806347,0.1109826027289786,0.1693035743050978,0.45322051753230436,0.06114281692091981,0.9476369014084751,0.0,0.0,0.0,0.0,1.7685771975285844
88608b0b6bfffff,2024-01-01,mumbai,27.26875864330396,20.204893654550858,11.230627534338915,2.5784977878744004,190.86247088652007,0.14417961763216905,0.3954542825556502,30.038533414913548,47.60101596537161,0.2162027171502426,11.998386407852376,119.54178667099198,0.6480289556522175,0.17045618597689352,0.19814839361674813,0.39531252238433867,0.12550988561853912,0.8574089011708793,0.0,0.0,0.0,0.0,0.8647503657518012
88608b0b6bfffff,2024-02-01,mumbai,24.45627221124449,13.341113699976276,0.11707136325020912,1.5721325554492538,269.01104404151573,0.16493993172404936,0.12953433975567072,31.358880708715564,48.99932447930094,0.3358738176232086,1.3161658994299497,733.2073745773038,0.37799028715786287,0.06510872916033485,0.20631425436919812,0.4372985773537764,0.06101643618385055,0.9210065165767434,0.0,0.0,0.016644452861386178,0.0,0.0
88608b0b6dfffff,2024-01-01,mumbai,23.60788807540568,14.900179484829364,10.032255723563807,4.8354706741954,185.70010033144288,0.19769395866265352,0.37940770206489605,31.557502767484465,53.30721533393931,0.23730819667061953,4.482861936349085,2.588350120988082,0.6198566440832974,0.05173254748171954,0.20068926503541853,0.3885560229581676,0.13025415580466115,0.889933680323753,0.0,0.0,0.361641135799651,0.0,0.2087259339837792
88608b0b6dfffff,2024-02-01,mumbai,25.208388718216604,13.812571111766472,6.1189856337207615,3.068623030644634,249.5391963627772,0.10504212522522342,0.2860566702647088,31.316932255200022,53.5333246928419,0.2627247872700204,3.529522977047745,584.4282015270612,0.24800410929227557,0.13267113661579918,0.1292466440568939,0.4179429584911114,0.0679658043676723,0.879408121825473,0.0,0.0,0.3797490641188422,0.0,0.0
88608b1825fffff,2024-01-01,mumbai,21.10457778329976,13.610004795945276,10.321451402351043,2.5799442416845677,212.04051846255598,0.22859748616095033,0.26582800155196407,28.662219478655878,50.85190658280568,0.38560888670331,6.394062117564732,264.9996083890013,0.3022949387168416,0.33919963764641403,0.16010707380235062,0.39912127861513863,0.11142158552782379,0.8370788914787501,0.0,0.0,0.16500816544053915,0.0,0.0
88608b1825fffff,2024-02-01,mumbai,25.748329490105753,19.61677712698937,0.8075877018576354,3.4631341863299427,201.86945557003008,0.09411483804794434,0.20803898897836454,31.392465962924394,50.7660976968707,0.8978154374496782,9.19724466076263,112.82309211622137,0.2908999719906923,0.3054274463606221,0.21006888763878584,0.46765239246145257,0.086357749514094,0.8773905256074099,0.0,0.0,0.1581361758722983,0.0,0.0
88608b1883fffff,2024-01-01,mumbai,22.643661671874092,17.07435275434878,1.1869258113975518,1.7446581562473096,222.3645744121201,0.1798396859893222,0.29060059207147104,25.481092135902173,55.354520568511916,0.8863463548960485,13.760710981854062,923.2167540234151,0.22276578099319333,0.018084798537724517,0.18979199586355391,0.44281180845519996,0.06860605097818974,0.8932633927960266,0.0,0.0,0.5255992161510129,0.0,1.1682665052170593
88608b1883fffff,2024-02-01,mumbai,27.014688464080518,16.632630448485585,3.002872856971923,0.5,232.4101867925162,0.16833482543819506,0.31934943553266615,31.922793633939268,52.48464775211532,0.8234856254774261,10.251395174502267,408.1497310957005,0.27233551148965535,0.2611388990454368,0.1503359479832082,0.4063631021276656,0.14842913421415335,0.9458613296572475,0.0,0.0,0.29576595539291606,0.0,0.0
88608b1887fffff,2024-01-01,mumbai,26.987047169483596,20.88111924584158,14.271311221490562,0.7904961881975822,197.42350636693374,0.20727378871264093,0.34896781817476,32.70857309310175,43.80597822049928,0.36161225301089206,0.20357356678405306,689.4932053806364,0.39173844091828275,0.22355805003108767,0.1696509712440472,0.4842296118444176,0.08949819096907687,0.8929720719432491,0.0,0.0,0.0,0.0,0.0
88608b1887fffff,2024-02-01,mumbai,26.00801367709111,20.37473224942835,10.063850377532685,4.6060246585722115,249.85708677742096,0.14877522861713316,0.3406845421245432,33.189519190248674,57.04898370369054,0.43084256389005265,4.1222114776123355,722.76731686076,0.29332105263188685,0.0844873290758871,0.19538096927787837,0.39733948293921173,0.09843525629921507,0.8814934844995646,0.0,0.0,0.6612999989060743,0.0,0.18267649702435193
88608b1891fffff,2024-01-01,mumbai,22.547077393753746,16.809219700648043,45.46545465670353,4.032351282183356,178.54380455313392,0.2108572577666823,0.37220943845120286,29.983110632780864,44.20784416228714,0.5048083981599009,12.727911527081844,134.17157048498171,0.2643628695391952,0.003811069200790482,0.1362303378967235,0.426349483066136,0.07289896342494061,0.8710719982514507,0.0,0.0,0.0,0.0,0.23946785415834607
88608b1891fffff,2024-02-01,mumbai,24.76976095731718,19.199864207839695,25.6108003745228,1.0669409824661291,235.29819118861892,0.11100164236280029,0.2840957136186114,30.870460712230603,42.10890959367899,0.6267361771796187,0.27495216397128497,125.3945186259209,0.7596426170787766,0.22491593560935116,0.17526355949521658,0.4750568808898367,0.06559193680068913,0.9150195098735489,0.0,0.0,0.0,0.0,0.0
88608b1893fffff,2024-01-01,mumbai,25.749031749709335,18.935493527343116,7.807229585497436,0.5,198.7336766797293,0.25121852965668234,0.32557298119336314,31.558156436789012,45.245928314913094,0.15076456938339333,9.450983937225246,278.3908567846614,0.8702126422386938,0.010218695830984049,0.13147757029282345,0.47895809972588,0.08953111502187083,0.8280028860198072,0.0,0.0,0.0,0.0,1.6128365085367058
88608b1893fffff,2024-02-01,mumbai,26.76950916299376,15.522418748035884,6.75994023206925,4.346659669912897,253.82855448379533,0.1939614138418311,0.2440269050266953,29.14763165403216,49.84675295722898,0.1993690988079221,6.736141293340145,618.6085385270914,0.7616505561564048,0.16056941392829402,0.19841058159742572,0.45379719426100135,0.09147779212274187,0.8976938699494911,0.0,0.0,0.08451061376883058,0.0,1.0087658539057158
88608b1895fffff,2024-01-01,mumbai,26.14533127270501,17.951519985213935,8.081305920287464,2.567333237229931,198.44206604212516,0.1759332385386653,0.3281103927803174,32.62081460368313,48.51184069752146,0.28930491862253777,5.904581237433366,48.74058295548742,0.6740306081964997,0.02424559713903414,0.12476547665969039,0.41333842710838037,0.14859895719008653,0.9017588713663474,0.0,0.0,0.0,0.0,0.42255490604490337
88608b1895fffff,2024-02-01,mumbai,27.84639908005332,18.681003131770616,10.155021460715993,4.545643196926086,277.2234349697399,0.12798034679689863,0.3663750003318781,31.90444498383242,56.58123283349997,0.8146424545644626,18.271047908491663,128.63419381770785,0.35871897948673165,0.046666823078907085,0.17129710028669332,0.40765758851890616,0.0881331410917026,0.8781501256388515,0.0,0.0,0.6238402525702357,0.0,0.8920056156918971
88608b1897fffff,2024-01-01,mumbai,23.668482882789828,13.124610708338482,9.063243424881414,4.647470000700288,201.95516037919293,0.18816206424932508,0.3083896080101546,29.12133393368339,48.600631455576305,0.4860518646108923,4.259610657313693,396.93040190806136,0.46330467622868765,0.312143901461146,0.09121386921169651,0.46340928619545724,0.1100180563751674,0.9282527856313842,0.0,0.0,0.0,0.0,0.0
88608b1897fffff,2024-02-01,mumbai,23.751897479018822,14.047070042542305,19.193579405496887,3.666944823211936,250.8256448717411,0.059535913385318065,0.2661441704488121,28.477781295373404,62.00540487020011,0.4612744425525981,2.69360711644753,226.8438137836184,0.08857890400661504,0.07084922671118316,0.20487719463017134,0.3808084354278624,0.05518472106017742,0.8663316850234898,0.0,0.0,1.0582341180353185,0.0,0.0
88608b1899fffff,2024-01-01,mumbai,24.976354977301472,18.35958027889459,11.045941175765863,0.5855939855227338,186.1986885856084,0.2183973811820751,0.35464145703510647,28.37774687784673,53.32360384588759,0.2722367178823721,34.49345677603286,180.8571712404909,0.6234902130304733,0.08396977642548731,0.22459864079485967,0.43207549751433744,0.0735322106993549,0.9031252789994894,0.0,0.0,0.36295360690238615,0.0,2.8151572441761825
88608b1899fffff,2024-02-01,mumbai,26.87635144106882,16.029971266735508,13.726805035120682,3.3506207580912473,242.90551365475565,0.11507351240732233,0.21213815864881952,32.74473798189912,45.370563398123295,0.46376349678226525,10.075082351551314,1109.5919963315405,0.8534501902938298,0.07928749384234633,0.1847822069852184,0.4127922737432433,0.14834087794589385,0.8525051206956246,0.0,0.0,0.0,0.0,2.599573371317131
88608b189bfffff,2024-01-01,mumbai,25.81632684236212,19.331078095720528,9.733323550362696,3.7718809991949143,205.1182590228545,0.2006237911718191,0.38888797724020474,31.018762762455182,47.98401443474722,0.5344448421251602,5.999820985482347,66.01302219550503,0.6133480391043384,0.21449478339507771,0.19612540795304376,0.4273991732573628,0.09726454880651282,0.8532287022220593,0.0,0.0,0.0,0.0,0.028229887034655024
88608b189bfffff,2024-02-01,mumbai,24.467691448747637,15.632068705905029,3.0452785054760523,3.7932324775306214,234.27559933051558,0.10814701716653027,0.29586579242670336,30.718626063163534,57.902146229731954,0.5274532819508541,8.693705913178542,466.06010204101926,0.18104391940955683,0.04669620965214619,0.21898649981757218,0.3962245719886805,0.07979185130270325,0.8931112595849522,0.0,0.0,0.7296253700501927,0.0,0.09811289040724634
88608b189dfffff,2024-01-01,mumbai,22.844147515674972,14.4495750795376,8.555867823828732,2.9335591341819702,224.76260091890396,0.23386960008825813,0.3931827150090685,28.576061110828224,47.77244266789637,0.7339574145621237,0.1663967479110851,7.154327429641632,0.8211172974207039,0.03220117578784888,0.23015330234209916,0.41922090970968523,0.11625507783420318,0.888940458461775,0.0,0.0,0.0,0.0,0.3519723302551782
88608b189dfffff,2024-02-01,mumbai,25.095427557245262,19.15748425701807,3.7392094401538896,1.630729964185601,248.52843522344762,0.15526700579646666,0.2606252276316459,32.12327919768627,47.07469683937629,0.6749384317277164,10.15371828564323,42.89703574114352,0.11100019147570432,0.4026686425040992,0.16956984136900813,0.45374855007649695,0.09687264277938967,0.8684254732963684,0.0,0.0,0.0,0.0,0.0
88608b18a3fffff,2024-01-01,mumbai,21.810205709319387,12.884809208237382,4.115955405446282,0.5,230.40411324478,0.19694429544936448,0.3323047451035241,27.87417680611627,48.20807394869493,0.804801472523235,0.2720863684164273,174.38430875588682,0.41156679367224885,0.5821924851396759,0.11015097427989202,0.40378782989257833,0.06103826710934106,0.8611274789106471,0.0,0.0,0.0,0.0,0.0
88608b18a3fffff,2024-02-01,mumbai,27.51117297406749,21.095888211646518,28.139662061471746,1.5451358297880096,262.31221385373846,0.1638134358533178,0.14230999169222333,30.320463711029603,49.96568869258356,0.7932523802529915,3.619568248007619,187.46666546694246,0.28949604961392406,0.026489888089852885,0.17048139172988425,0.439044280962826,0.09238263676634849,0.8781291771770712,0.0,0.0,0.09403556125815096,0.0,0.0
88608b18a7fffff,2024-01-01,mumbai,23.538007074086924,16.981148405976818,1.0734325214685732,2.671494849337487,195.90474805060845,0.26222130163578994,0.41184155437239856,30.566604132023496,45.54773277964531,0.27206666881237235,0.6860719430126756,1072.6322910109532,0.46697588397943657,0.29477285932051195,0.2173259075715083,0.370240453948684,0.14122632455612757,0.9067581911236335,0.0,0.0,0.0,0.0,0.16010298477182877
88608b18a7fffff,2024-02-01,mumbai,26.971349557731422,17.771216643943887,6.616350644212749,0.5,253.68585314224728,0.162527091195968,0.3283802364887491,31.923306810288743,50.95283160698035,0.6235270142222941,4.9668591880534745,102.2358436507368,0.6416538850685785,0.09159794801210598,0.22605171026818452,0.41790121364768495,0.09626353973908013,0.9675311939502842,0.0,0.0,0.17309072828640013,0.0,0.0
88608b18abfffff,2024-01-01,mumbai,21.197821228838762,12.44976234348529,4.830444837231641,0.5,200.95006820716728,0.1944322334044703,0.30229292072539327,25.84698406677569,48.05346472915781,0.7025483694510177,2.1083911102314343,176.86028110211896,0.43951981752852815,0.062319334591884525,0.17829866943124464,0.4302621783808149,0.03496429364672158,0.8527579587683252,0.0,0.0,0.0,0.0,0.0
88608b18abfffff,2024-02-01,mumbai,26.18444585954683,17.50714593983763,4.678795201134939,1.6387824185286437,275.05332167885354,0.1037722299786613,0.2534976758632024,33.8528747680106,56.04786387071553,0.5041717975932491,6.635665168445249,159.24378346892644,0.5990214907538229,0.1837130350341192,0.18293096376860477,0.3816173507466766,0.129088814218151,0.8892861614467853,0.0,0.0,0.581125492806829,0.0,0.1354434797651032
88608b18b1fffff,2024-01-01,mumbai,23.044498496743586,16.96846603545232,9.856432291512183,1.8858472479145476,203.04357345571964,0.16621660793990908,0.3575631484485122,29.984134924745575,52.28125347069941,0.16417896200239587,0.565160811584892,463.9302562150228,0.18463999261099087,0.25335667223327424,0.15717097636271699,0.41150011758239696,0.06937950242743227,0.8431715176205752,0.0,0.0,0.27947716006711376,0.0,0.0
88608b18b1fffff,2024-02-01,mumbai,24.754772067315564,16.296135247365633,4.987525024010885,2.398841869265082,255.38349786503343,0.05,0.19942745115166166,32.181362974838336,53.021907802162296,0.536258914739573,16.42790803980471,203.47542461771656,0.23552908685559637,0.16377106931663893,0.17196538195483926,0.40613737403028866,0.05488698193134687,0.8665465744098838,0.0,0.0,0.33879233219674826,0.0,0.18511226123651017
88608b18b3fffff,2024-01-01,mumbai,24.24838961742938,13.583141285474408,7.323047493264545,0.5,190.14584378869293,0.1987213233933568,0.4029347837716866,31.05380983500592,42.80182496875285,0.8924893026814721,1.18444834776975,232.59163117303524,0.4010807109504752,0.21703522273229595,0.14379857627832693,0.39926155087464404,0.09875712927348737,0.7988077212049925,0.0,0.0,0.0,0.0,0.0
88608b18b3fffff,2024-02-01,mumbai,23.53623453978833,16.888027031073594,5.287680617804456,1.617348752260645,259.58551327982593,0.0949583969563956,0.17684651928282866,29.415909883601273,57.67206237974253,0.22868005482424386,7.188828539494657,64.97849399867792,0.9248513495446603,0.19811877252740911,0.23116920279678302,0.407183519922884,0.10715308765701141,0.913772370153159,0.0,0.0,0.7111991453099465,0.0,0.6618823285698264
88608b18b5fffff,2024-01-01,mumbai,24.28935269657906,13.757048449760276,18.80633158305414,1.6378592924409001,177.65966003909256,0.16429031293864665,0.29949232279009175,28.402752366611807,39.66508861273959,0.8809325967138002,11.287499457915764,278.35214001189433,0.2614124778621832,0.08089664473116215,0.2514515676725544,0.381449608259619,0.06644369060615299,0.892096934887022,0.0,0.0,0.0,0.0,0.2028617568415775
88608b18b5fffff,2024-02-01,mumbai,25.490364819652275,17.205266217981944,18.806220246961423,0.5,211.4771015015553,0.13035188346299206,0.31631182843676814,27.757696919600427,55.04554893689853,0.8192478021635167,2.8489033509081416,1495.1795140970353,0.3559179596260028,0.42597042307116434,0.15627488518711757,0.41706864154034173,0.08312416833817846,0.8319557570873006,0.0,0.0,0.5008552772664262,0.0,0.2651066365447356
88608b18b7fffff,2024-01-01,mumbai,22.403207343985855,17.37963789764921,22.628275496987655,1.667050262833767,199.4645956449798,0.20657646022686513,0.37060726303467817,28.770059911079017,49.84110417509885,0.6885228430815744,4.228782826426353,49.63818661732551,0.18049050633108227,0.22564308763411886,0.19256580415066768,0.41572835770581584,0.11335005731167602,0.874514219489641,0.0,0.0,0.08405823204345836,0.0,0.0
88608b18b7fffff,2024-02-01,mumbai,29.859996322203926,24.096201340205095,9.65808492110171,15.0,239.74722327300145,0.12436781414859459,0.2546661035891033,35.15396314419636,58.2207364512856,0.7425441913539281,7.410112320431811,81.63226640635119,0.03892728830450327,0.12456092903921544,0.2069859132370422,0.4473055615904853,0.10225757124197969,0.9092495857587142,0.0,0.0,0.7551396120218136,0.0,0.0
88608b18b9fffff,2024-01-01,mumbai,23.950936661955236,16.136443573968947,2.371481554147107,0.5,201.6757265897126,0.20274241518425765,0.3495382798326495,29.668767757483938,41.2657996849023,0.7873497098128992,16.836259631151268,258.9875781816218,0.4681157158867781,0.262784940363245,0.2261243617425739,0.4169376957067075,0.0874782598611421,0.9534586721024289,0.0,0.0,0.0,0.0,0.3926542299706364
88608b18b9fffff,2024-02-01,mumbai,26.79842107718827,17.927600911849915,11.462624604872323,3.5125248628896912,237.49654082353283,0.12881823180654975,0.3128537516882931,34.65827514774201,43.194724297066905,0.8341510053455627,5.0424464653370284,320.25005291407575,0.27553038145408637,0.07502484409930611,0.1736669390284149,0.37107069698877193,0.07593621736682073,0.8636933253731457,0.0,0.0,0.0,0.0,0.0
88608b18bbfffff,2024-01-01,mumbai,25.38903302938756,19.797244008238806,3.6903019876851184,1.3391920297885518,170.98410814037865,0.1878142329680263,0.3083144589635345,33.210358576842346,48.34258477765198,0.21430816639778616,26.030974150360564,321.08112449541505,0.7262848518664012,0.0833133392018971,0.14523659132835476,0.44054688936920205,0.026560721479232247,0.8655953617650144,0.0,0.0,0.0,0.0,2.250362178648173
88608b18bbfffff,2024-02-01,mumbai,27.05304784909515,16.38138886463195,14.596924915042969,2.5425528655293776,253.26008367682311,0.16172150337322228,0.3329029951719169,32.41741309571064,57.96209172252003,0.6142118157696914,10.073364103778152,996.8451975228946,0.5423226868098593,0.04577496084758141,0.1589928575941163,0.45242982380675417,0.068350611998393,0.9273030535651487,0.0,0.0,0.7344260943180135,0.0,1.2992690331310017
88608b18bdfffff,2024-01-01,mumbai,24.706840904181092,19.236090141899407,25.59741977387722,5.7632312875910685,200.08546241903187,0.1744653000597628,0.37873497928353006,28.817911036497602,46.214203851585026,0.488744155051058,1.9471119533184915,234.45749244973868,0.3328466276773336,0.16970548163193752,0.17664627235889283,0.4574626810717549,0.08427584090246186,0.8955428897150158,0.0,0.0,0.0,0.0,0.0
88608b18bdfffff,2024-02-01,mumbai,27.52743755106708,19.545105333439167,17.768088034878463,0.5,246.0227195973092,0.12264233247179215,0.24209575816141582,29.77871583450214,53.80506335697664,0.09314114506962502,2.0302492241187062,273.5286903734981,0.24991160845548538,0.12268053630359023,0.1300170542351422,0.4159532527680727,0.04899470521164706,0.8974337911608261,0.0,0.0,0.4015112073383298,0.0,0.0
88608b18d3fffff,2024-01-01,mumbai,22.860213974413444,16.427938794412842,0.03944131769380328,3.5267914980110096,217.0135844678917,0.1531135943543336,0.3249145503715375,29.642564137368637,52.56303768582218,0.4047182341769309,7.833520765270179,42.057902268134086,0.3508538256867938,0.002270119250728801,0.16658048000111705,0.3514593510955083,0.04277941172273579,0.8297292899159832,0.0,0.0,0.3020437994742021,0.0,0.0
88608b18d3fffff,2024-02-01,mumbai,26.17872440183738,18.897397141822438,2.6187715797452022,3.494773638521738,258.82897003626255,0.10991615493553736,0.22531145483152334,32.49925154236917,57.246545049751845,0.6467193157163754,5.685167017087885,1082.0906469248641,0.19340180780952115,0.1122288769219532,0.11856957508928648,0.412228080499266,0.10800936703337058,0.8533756664469121,0.0,0.0,0.6771216646278467,0.0,0.4377052194352173
88608b1901fffff,2024-01-01,mumbai,25.1012284600417,15.596459958142912,3.4468971805024213,7.860442802275786,205.32866130873862,0.16896431419801908,0.37882728616170236,30.689637421196505,37.86585150497477,0.6736887080734388,2.500851566255077,19.50693737796381,0.22995730264892575,0.3576477281530409,0.2183124028429133,0.4203088115270254,0.11650818631338433,0.8423226999492627,0.0,0.0,0.0,0.0,0.0
88608b1901fffff,2024-02-01,mumbai,22.908699947704054,16.60365181175436,9.124003958205446,1.1680783923161282,253.90184908779318,0.1278272692379539,0.2229945698056483,27.45021084005718,57.65843212182644,0.10523639611584669,7.363771313965808,272.8440138063631,0.14904916675759938,0.09979076179346162,0.23026537222715404,0.4272297335954635,0.12488805512449921,0.877999728851279,0.0,0.0,0.710107568497229,0.0,0.0
88608b1903fffff,2024-01-01,mumbai,24.449553900283785,19.416511483347755,2.448196385681431,0.7604676255681813,184.6847729897857,0.12216795943682127,0.27262286023943394,31.22783253693541,41.87796223449367,0.6478109194416661,11.410754634401426,535.6471492754507,0.28354047440623964,0.11527919400546598,0.2032181886327153,0.4346160411421629,0.08197402801174852,0.7995333948412948,0.0,0.0,0.0,0.0,0.8369971338779082
88608b1903fffff,2024-02-01,mumbai,23.659233515910323,12.769900772794305,1.7449770133151965,0.5944351147663101,249.11177186366737,0.11940739670731768,0.25362431157076526,26.027204587900655,49.178216036513454,0.408057150917611,1.6634853997497228,34.44403963253774,0.1981604646866371,0.13858643394891138,0.18427230189065694,0.40790896256395703,0.10956441159584157,0.8134253620442098,0.0,0.0,0.03097095182027353,0.0,0.0
88608b1905fffff,2024-01-01,mumbai,24.450219105049236,19.346451255019876,23.058362773745273,4.487405566894466,201.0700973329737,0.17729759913992332,0.31234501347804333,28.17920177517616,43.84444766221278,0.7424884574639388,13.503419559852583,58.69239449060544,0.21951083387797357,0.3609160675383391,0.19742510350768877,0.3946044460960615,0.11869931684450262,0.8815869439312479,0.0,0.0,0.0,0.0,0.0
88608b1905fffff,2024-02-01,mumbai,25.170840519111692,13.61768310971087,8.078313681093995,0.5,256.7631931951673,0.10399654215991821,0.2217406759088407,32.57143504233504,58.37303046522121,0.1370385827064091,2.2130622418258756,274.36992837038446,0.366213921390658,0.44909817419264236,0.1953044678627212,0.4427418865061462,0.08152210119737094,0.9008301584470053,0.0,0.0,0.7673360513959836,0.0,0.0
88608b1907fffff,2024-01-01,mumbai,24.034054470063257,14.825316067277937,0.6883423953114344,4.986214852123331,179.6623672031382,0.2179747129512734,0.3133079939895268,27.49737904121733,54.24156903844576,0.7315372850562845,8.088732239294627,233.5361896243227,0.25239725453044815,0.0003907262058021361,0.15683377941694238,0.42210771268367714,0.0666845527080064,0.8121928728582068,0.0,0.0,0.4364686882198165,0.0,0.2029967420995036
88608b1907fffff,2024-02-01,mumbai,26.034806235755976,19.646626362621806,4.676568826234419,3.422886703602205,249.1286537327259,0.06408664561795621,0.25020246010650776,28.93214531924542,50.13557548820506,0.6446308986462729,14.39713891235188,416.8097900398401,0.7374464171019177,0.013682488686145538,0.1385207348814344,0.4311317773125657,0.0771877881264293,0.873512649117861,0.0,0.0,0.10764091546561026,0.0,1.6705705540342022
88608b190bfffff,2024-01-01,mumbai,23.56613894110235,16.876126005438692,2.2479305949458053,4.094142202911999,195.7211234374257,0.13649743235930173,0.3844632121505453,30.118563916785785,40.80654893975951,0.33230860232800497,0.025693761298913216,780.3388301203477,0.5170649394816157,0.1350708634448681,0.16539941984980064,0.38127231368989617,0.12093141089576573,0.9162819672804942,0.0,0.0,0.0,0.0,0.059074904562784136
88608b190bfffff,2024-02-01,mumbai,24.245328848426613,19.14831502374865,3.616906009641342,3.693908445342994,251.93223745167268,0.11117136973921803,0.32132116198800087,27.690926963263745,55.33681570139267,0.4487200591709775,0.4831558375627328,44.40931717115099,0.2313640680903383,0.19636898929728125,0.15169196836731855,0.4675098099246839,0.13260437829884883,0.9041037778824734,0.0,0.0,0.5241813249754681,0.0,0.0
88608b190dfffff,2024-01-01,mumbai,23.273854030852732,15.129308667212735,12.36171792951951,1.529319802735484,222.92273442069535,0.18555147930973856,0.37347295766876365,25.711922332072458,36.134726660233646,0.3863934066193515,4.727799356081644,9.658954440479647,0.7667014358172426,0.0738346581564322,0.16774653765101752,0.48169996051383296,0.1121904774065762,0.8934527196870505,0.0,0.0,0.0,0.0,0.40228076484977
88608b190dfffff,2024-02-01,mumbai,25.766860744053467,18.839795433225145,3.4458028106391714,0.5,268.7179202357957,0.0815700013493463,0.24931061810911664,30.97068267809584,52.16409444236493,0.32354586931583834,2.5088410379576125,19.552176028173402,0.416399296745432,0.11146398608905475,0.20253574149793818,0.37767523872760894,0.1350887230629292,0.9315516340120165,0.0,0.0,0.2700944998476357,0.0,0.0
88608b1911fffff,2024-01-01,mumbai,22.571780304016606,16.460414925667532,21.124381185833823,15.0,204.26677771649574,0.19483490614600452,0.1867026306865449,26.510919202061483,44.819682478033144,0.31764905597458515,8.456971056460812,59.99605291127864,0.5686517032611927,0.06694936360091083,0.14310616262868678,0.4461754487640938,0.1267517937479692,0.9017477467436332,0.0,0.0,0.0,0.0,0.32775849683909786
88608b1911fffff,2024-02-01,mumbai,24.616925443925574,18.309258263903416,0.8504250149499379,0.5341279762032961,239.30070022498887,0.13149744900718793,0.2378259651315906,28.886034782231498,52.59432370570553,0.05079444879020114,3.126437903019369,371.0807028328477,0.5118612990621868,0.12276373217651719,0.143071747298732,0.4058740831651607,0.09602861027940789,0.8779198691832178,0.0,0.0,0.30454933488498764,0.0,0.0
88608b1913fffff,2024-01-01,mumbai,22.55115852900924,14.888461493349812,7.108595391557576,3.568006571701077,191.26339964850112,0.1808618255209816,0.26852173592374656,28.77853958150483,43.85597335712675,0.19629292815580235,1.3821318325271736,188.84257941183807,0.20523949354307855,0.29951674860609184,0.17482751426731982,0.40291214944875225,0.10132608490347518,0.847559135674043,0.0,0.0,0.0,0.0,0.0
88608b1913fffff,2024-02-01,mumbai,26.6474404308654,17.791449905497167,3.8777977409262867,1.140156942467887,221.54158701159585,0.16339213739600716,0.30543424944122927,30.899980433803666,60.88729788157037,0.6758352358975616,0.7863655417682424,1509.857457138795,0.446710538407613,0.44808639953635837,0.16926084530562405,0.44471324701166637,0.039798846029222866,0.830713952072377,0.0,0.0,0.9686907161099845,0.0,0.13575160504622052
88608b1915fffff,2024-01-01,mumbai,21.567011813021537,14.835237965303108,0.04144451059786411,2.4042306851964046,198.07938604029488,0.17825467515468393,0.38707056141997165,27.11945489070633,49.64106138284389,0.21200045099417503,0.07658066761552451,154.77144334022694,0.3049569956124966,0.2931573697889645,0.1600517719104898,0.38631094028285745,0.08313024472942297,0.8866287224393594,0.0,0.0,0.06803784013883055,0.0,0.0
88608b1915fffff,2024-02-01,mumbai,24.417915462826905,16.505763736089854,10.068744205284531,0.5,263.6835371303072,0.134299720015736,0.28489790919779096,29.99383238476686,44.099553525733235,0.817243384242674,4.335575765187299,127.48406035257936,0.17922912238639285,0.04884430319832371,0.16675128161685093,0.4176472371039806,0.0728678100448808,0.8656138692052325,0.0,0.0,0.0,0.0,0.0
88608b1917fffff,2024-01-01,mumbai,24.104676923443908,14.33097287513682,10.912398053610776,4.782019761637734,206.67889042488088,0.18790218763164473,0.3166666014618018,26.736728973701418,49.87319979010671,0.3896833153654361,6.9263457977720035,21.493783563119106,0.38514234103585254,0.08133875399482995,0.17171870625685914,0.43981148436801604,0.05996721715076604,0.8424205455509959,0.0,0.0,0.08662860373768393,0.0,0.0
88608b1917fffff,2024-02-01,mumbai,25.626343684758535,14.38672676820823,0.5378989848428375,0.5,262.0620304833671,0.17019046504332946,0.25796583632580994,27.948576254840226,50.116507983879636,0.46067502811708216,0.2484167145659725,484.2497644635579,0.3491179049392162,0.16862874497006058,0.17133989601206528,0.428662551512481,0.05095760776958046,0.8843883184759456,0.0,0.0,0.10611389772858924,0.0,0.0
88608b1919fffff,2024-01-01,mumbai,22.241034657696968,10.835756276982838,1.0718763144160621,0.57488626550539,209.96656152374058,0.16635946664488843,0.39777967503084755,25.987604535764923,38.96529599581209,0.6806144365190671,17.359644101178176,382.5205858400866,0.49018420531481466,0.10533270755872336,0.2046803576625818,0.4076218740271149,0.07756198685090414,0.8295717034144411,0.0,0.0,0.0,0.0,1.4675463027993865
88608b1919fffff,2024-02-01,mumbai,22.487404225446557,12.41988865449049,7.495765487722796,4.6659641201379785,276.3387593139611,0.1761893804281727,0.24976680427640477,26.005383329167202,51.34029731698315,0.9380204025510583,1.3975706750975576,273.98147130773987,0.7920601899047014,0.06594717573487537,0.15731427102755555,0.4227757637896751,0.040623411684549,0.9149361396422931,0.0,0.0,0.20412085166089466,0.0,0.07128878300414404
88608b191bfffff,2024-01-01,mumbai,21.46742112002532,13.853986239863032,4.044391733988274,0.7946587792260565,209.24829688728607,0.19567392208661924,0.3936229125572577,25.822406243115147,56.84604071332694,0.6474243415112396,1.07403126861497,83.95910259176236,0.4607554569474898,0.03004345648775288,0.16562060149235341,0.4079487337158933,0.06081579952197129,0.873277677405697,0.0,0.0,0.6450473451449823,0.0,0.0
88608b191bfffff,2024-02-01,mumbai,24.694520644123305,16.577326420886635,16.62409581252447,0.9932234713133488,262.2237485320874,0.17980793460301403,0.2931785718859979,31.303631791297377,58.29965640026877,0.2427748394142701,9.611808598450205,208.9886056353359,0.5262909642497128,0.33167933977863157,0.19997757459359086,0.4528617631461771,0.10717821150310489,0.8453040726644455,0.0,0.0,0.7614599022834702,0.0,0.1225807463946322
88608b191dfffff,2024-01-01,mumbai,26.692305499591143,19.643799134482855,8.434400033416372,0.5,183.3311767780597,0.20191040225308177,0.27250326023061106,30.84181018377744,41.839767478788914,0.17108549078989316,8.353267223159243,232.16138312275143,0.26382291238162797,0.16116727881393192,0.2007005291786516,0.39916256292379926,0.1027841193866474,0.889153055330027,0.0,0.0,0.0,0.0,0.0
88608b191dfffff,2024-02-01,mumbai,25.70320695548119,13.891893999673446,25.634382895689253,1.8089902534124946,252.25947233391344,0.1224783934888774,0.30327066727467605,31.290550404849924,56.64699906286118,0.6741865886616045,19.493429660911392,43.679956107866424,0.1507082959944699,0.11046487971943102,0.2477494432967668,0.43304185603936274,0.1049304345089864,0.8913818708168018,0.0,0.0,0.6291071295048134,0.0,0.519933022271079
88608b1921fffff,2024-01-01,mumbai,23.946722375583143,15.226700632971182,16.517017211639793,1.6169461358890143,215.3488359778189,0.11651082710136644,0.2568789320291921,31.037289286391445,50.31366763260455,0.664634213623651,8.18654857379717,7.9685822161768405,0.22307070281468536,0.3501450759213611,0.23647235415389256,0.37449846410919985,0.07756823524950998,0.9103113007083555,0.0,0.0,0.12190339358968574,0.0,0.0
88608b1921fffff,2024-02-01,mumbai,24.115532911306687,12.63879222943319,2.6096662845637706,0.9005997901038241,246.21558698867474,0.12848246347494102,0.3619395661299694,29.614492908677356,54.41560076052778,0.5249367232269551,3.5042227607471474,1553.1302990217202,0.28374740773655643,0.04457474253747892,0.2019325287397628,0.3754673184116084,0.10021716970353849,0.851619944693925,0.0,0.0,0.4504059881353158,0.0,1.313543684905136
88608b1923fffff,2024-01-01,mumbai,21.918461119270724,10.921970251657473,8.051337465000227,8.490199065438855,197.7517431634707,0.21229086286231905,0.4123307716016253,25.659895166165903,39.947788910098375,0.384478584814518,19.812366251253348,17.12431142679116,0.11192776821957051,0.2966683463411223,0.24439715412291882,0.3954508395719106,0.068066243712249,0.8548292488658934,0.0,0.0,0.0,0.0,0.0
88608b1923fffff,2024-02-01,mumbai,24.514081667589952,19.143084358063184,11.237297705108515,5.468509129587517,256.1498756392763,0.07356465886690121,0.26048833632661583,29.12105731322693,46.17881920337052,0.8892437391347802,11.75980657296086,112.52071403523303,0.07663161308777747,0.16647072277369,0.2565459669873563,0.38094673968729187,0.08024636015155162,0.8808124739663291,0.0,0.0,0.0,0.0,0.0
88608b1925fffff,2024-01-01,mumbai,23.70263178410603,12.103781805679295,15.458374287092148,15.0,192.18961868744424,0.21813439067262935,0.31474208314914226,26.289499033788168,49.289293241224215,0.3023285916026427,13.534380776079633,23.503797475029117,0.7544132345542754,0.3168245441329163,0.21604842793497875,0.48616918208673476,0.09003790639771997,0.9423467420644914,0.0,0.0,0.03986655026237604,0.0,0.359546147781477
88608b1925fffff,2024-02-01,mumbai,24.75973567413576,15.46068268228865,7.601385092249874,1.1067660735593206,266.414711084876,0.0907218699325669,0.2578450642363236,31.127972012180493,53.668858492845985,0.5734405282963334,5.005782236809828,20.275525845422564,0.353585916586478,0.07075739875024425,0.19060627533395985,0.4143552308263934,0.05706830754350907,0.8619559226789223,0.0,0.0,0.3906032647021929,0.0,0.0
88608b1927fffff,2024-01-01,mumbai,24.3845750309241,16.98373828734701,8.898983489563326,2.871464250493972,198.34099354928517,0.16813197238451183,0.46165131444097085,28.243531633479897,54.39577612748825,0.41144103107324964,9.243661538498822,29.855110572545414,0.8380381439514162,0.008449474638360465,0.1559385548154668,0.3646281928155454,0.09634734671688613,0.907083964888212,0.0,0.0,0.44881833587812303,0.0,0.8968365306824524
88608b1927fffff,2024-02-01,mumbai,28.542837964388298,22.621313018277583,23.500430829475278,9.486924312262616,270.06289851185414,0.15058806356284038,0.3398034238618214,32.22611302628111,54.172823894562704,0.5800060296862615,21.450133982169323,690.1506884955224,0.26836274320656694,0.04271707509962606,0.14573809020066414,0.4284082788410571,0.14376108497777074,0.9168417111885251,0.0,0.0,0.43096324543863934,0.0,1.6451466531116676
88608b1929fffff,2024-01-01,mumbai,24.309906239845304,15.780243952718799,2.5354717260613264,2.0088288081421974,212.42799075496342,0.15421476090626035,0.3116538137341518,31.7586271699504,43.87719911860896,0.8462316910155462,18.78797271133504,269.14276818092253,0.504991103376715,0.36478355136478746,0.17249552178723374,0.43009343365616376,0.10363687514105147,0.84049243130197,0.0,0.0,0.0,0.0,0.786749902460247
88608b1929fffff,2024-02-01,mumbai,27.078921822650656,20.876141124971795,2.38805887446055,4.991236454347498,240.87248222406706,0.13324395074650777,0.3526642707897714,33.72658901058995,57.55150073587129,0.4748673375402142,0.029650666608328376,602.8979118757155,0.672741138027624,0.14268860014085016,0.23263012389005233,0.396710579496007,0.10682736236959037,0.8933074307109328,0.0,0.0,0.7015439872224617,0.0,0.3738343469460919
88608b192bfffff,2024-01-01,mumbai,23.155635987061896,17.498407989252637,9.799877627476091,0.5,228.3558378473452,0.22700595650489624,0.3940020944939395,30.61675703522186,45.45462512977691,0.46625581656168746,2.9744557808816374,176.71312369323726,0.25378300480994437,0.12547043837298244,0.19899656205718785,0.39292271033386417,0.10011334749310619,0.8240082665376643,0.0,0.0,0.0,0.0,0.0
88608b192bfffff,2024-02-01,mumbai,22.76648121064301,15.371388642088188,8.837642232127777,3.445623492113822,255.19997204305054,0.1510286791090474,0.2594472186398569,28.197779914183858,48.654561267920926,0.37662346525185014,16.938095440582526,199.78765600355368,0.5451279436303068,0.3312925037070867,0.20006453049120956,0.4418404042430841,0.0856847672073455,0.8746480135655721,0.0,0.0,0.0,0.0,0.5867821617444507
88608b192dfffff,2024-01-01,mumbai,22.217896692414016,13.950121218232042,9.84457316381327,3.7550169450998574,196.9709437801712,0.15710119058387684,0.332722644287025,27.375570525998587,41.939539687905416,0.9112826140669742,6.103262121692286,252.25468551260684,0.5956105412827906,0.27625981888350026,0.21346374089888623,0.38379180545893743,0.037379115395987206,0.8808504452773172,0.0,0.0,0.0,0.0,0.0
88608b192dfffff,2024-02-01,mumbai,27.827188364935065,21.968849053492214,1.58828148419887,2.2687745186697277,265.6310228377171,0.1490900883782409,0.22023905249710063,32.42229553111956,57.45459448785946,0.30911003988185604,18.08954456659715,204.6497493506628,0.5681382022671816,0.1413775315421819,0.1400490817361555,0.41939780979090874,0.045552412280014956,0.887045768468957,0.0,0.0,0.6937832673601944,0.0,0.8858937253029441
88608b1931fffff,2024-01-01,mumbai,23.786801800520415,16.711149895796304,5.251114566192547,4.682624303797928,212.85086645593972,0.1454387392726847,0.4624415865800619,27.332028969585387,43.406834227252105,0.7433286639860507,0.6404232240770656,73.33499878571679,0.38826796646285366,0.08385654441439494,0.2120799064730023,0.4018420802257222,0.03467615513319243,0.8788701627486837,0.0,0.0,0.0,0.0,0.0
88608b1931fffff,2024-02-01,mumbai,24.723692172754596,19.30806173038944,20.83384955973957,2.5937016533440147,237.57667497836613,0.16135295362726088,0.29294796120565886,29.95814604854553,51.69756782360059,0.6326757177614796,4.954300974032085,600.6671751232227,0.6108959868027433,0.5525916168840217,0.14020156882029416,0.42424862542837055,0.09721499784300326,0.9052985357784394,0.0,0.0,0.2327327974723768,0.0,0.0
88608b1933fffff,2024-01-01,mumbai,23.71031976954036,12.969847481979002,0.17217881457906614,2.9284384984910767,188.9671761923594,0.13805205505134843,0.3584170128410449,26.740864542393112,35.94666126201105,0.61688006973421,5.538290571289351,595.2523128263009,0.4644474877021593,0.13782639240708489,0.1527437485305243,0.37235145091732463,0.07469708731941305,0.8716939081351476,0.0,0.0,0.0,0.0,0.19501218919602023
88608b1933fffff,2024-02-01,mumbai,28.812377169773306,22.1826797072234,5.937299902298173,0.9767095023349663,290.9021001519868,0.11493072856546471,0.22266645465379992,32.975631782557315,59.40131946025663,0.28550126932588765,3.5188078395947207,896.7559871074214,0.140460217194032,0.06796314791812323,0.17909838627271707,0.4227965920392446,0.09288375593676856,0.9380333296342938,0.0,0.0,0.8496863950698882,0.0,0.0
88608b1935fffff,2024-01-01,mumbai,23.41204529678766,18.106566920111202,21.59195210822439,6.462438726252367,210.2379744490449,0.17375084017819786,0.3982587230886467,26.321471765493992,53.61953101161307,0.6998981072370212,3.051822579392238,171.79385242243117,0.5103063974465594,0.14005733165821946,0.11095524949163722,0.4162229514149028,0.09416153615198436,0.8288307232511758,0.0,0.0,0.38665288202600906,0.0,0.0
88608b1935fffff,2024-02-01,mumbai,25.745783156769185,17.402746431929707,0.8668681509764329,2.016515833735939,277.6392710915812,0.13258131848481253,0.2905029820681369,28.50749677815484,49.90463238648337,0.8852942125453621,9.827112736679073,934.0263010751778,0.402173234809935,0.31520558031472085,0.13626654882999714,0.4206112804180419,0.11557566807313874,0.9281639465592468,0.0,0.0,0.0891458777012084,0.0,0.2795988199881979
88608b1937fffff,2024-01-01,mumbai,24.789342188530075,17.354412553400163,14.264411374776781,1.3049592717373346,195.48281707127546,0.15865018744789675,0.39107938364081685,29.035724096335727,39.30641697983539,0.5165880118818589,13.15471943047382,304.7846603194887,0.5084802774212631,0.036420533765652935,0.13985946672890076,0.3947083187228356,0.04670096844218801,0.9079896697858728,0.0,0.0,0.0,0.0,0.6222421868644896
88608b1937fffff,2024-02-01,mumbai,24.0013935814068,16.72927226634151,2.650698479647292,0.9762549496453412,251.7179218842624,0.12676614799634117,0.29294013442078615,31.963022777418946,50.81460107615418,0.7838414060129035,11.020888444596007,91.45259631915198,0.19856396775615812,0.04526621110526371,0.18422795241358347,0.3841369882505106,0.074541508216037,0.8832374969890103,0.0,0.0,0.16202056048851465,0.0,0.0
88608b1939fffff,2024-01-01,mumbai,23.676397000311585,14.255595333318118,0.7432432140463985,0.5,194.9904576860453,0.1662502401257443,0.2865316471722468,28.342237415585927,38.515227606400416,0.6068484904436037,0.41372547726507164,540.0548178402335,0.22471135454061048,0.3548501218682582,0.2180598478017668,0.43708289915575843,0.08304359398534278,0.8832803198142628,0.0,0.0,0.0,0.0,0.0
88608b1939fffff,2024-02-01,mumbai,23.566131714204776,12.160227860787593,9.618423225045248,7.6332163969115285,271.1582342005662,0.0631679636004553,0.21629713981159848,26.212358847767156,56.105047813307735,0.6296634171895422,4.067988385731647,232.40738319271102,0.13363397712528818,0.1149282419539713,0.2017636795873,0.4249034367153954,0.08249319437929593,0.848275924288124,0.0,0.0,0.5857050588119429,0.0,0.0
88608b193bfffff,2024-01-01,mumbai,24.316160443245213,15.296677247887711,10.14153605597256,0.5,214.0463571657482,0.2138321326736294,0.3966636794055468,31.414205309149235,40.181215421004666,0.6409984182600977,7.080960489145797,67.49519453737508,0.4360451341762569,0.40277779863080626,0.21934759123901998,0.4355495333672399,0.13836644321322594,0.8226021037184508,0.0,0.0,0.0,0.0,0.0
88608b193bfffff,2024-02-01,mumbai,25.63649121024793,16.201257556223453,3.228796093767445,2.2575184105304142,248.71744576295978,0.11862425914873226,0.28475807486349713,30.383536340632865,53.57429991477737,0.717354289828767,1.1503592821150632,185.45863419794824,0.6053266182807859,0.04731297114388879,0.19248255742223042,0.44420705933066684,0.03212258068460405,0.8657191478833983,0.0,0.0,0.38303055757524557,0.0,0.0
88608b193dfffff,2024-01-01,mumbai,24.053621087617824,14.365355345513503,15.604782449072781,0.5,206.88631504013495,0.18247985746756035,0.3617956423323481,26.227764387194526,49.74218220712152,0.3936126222525021,14.564737637799057,324.1815975554408,0.4889590431356173,0.13208889747198943,0.1685629938596147,0.4907169212980946,0.04955837923067371,0.8764162717298862,0.0,0.0,0.07613608360156904,0.0,0.7708907594489294
88608b193dfffff,2024-02-01,mumbai,25.367781802606405,19.337674456767676,8.085091369313007,1.286433610554349,265.39860377962844,0.10236076756000868,0.3507176976518679,31.93380024400794,53.042599490276096,0.5733693496328143,6.507936727146325,459.5322664606066,0.2817359113879008,0.4200770230142175,0.21043213120402346,0.448570812956583,0.14595391902438287,0.8719450898722589,0.0,0.0,0.34044942240737114,0.0,0.0
88608b1957fffff,2024-01-01,mumbai,24.014614666366374,13.217975047994956,10.334034974067588,3.0360535894018095,191.26547909037262,0.22806308311855772,0.30998665573589207,31.223576232222893,49.64771413715667,0.25779882198665527,2.1083103440813162,224.91796442708113,0.669219121618927,0.24020589711415027,0.1967175031731671,0.44738061148853137,0.061330015238998205,0.8730484825696336,0.0,0.0,0.06857062480022502,0.0,0.0
88608b1957fffff,2024-02-01,mumbai,22.905621369178604,11.163199493367317,1.8297600416872881,0.5,231.18451332307743,0.0857294486077757,0.3221824792933966,30.240232223627434,55.53336765510621,0.3940764105736555,0.6229965245147133,551.2578545313048,0.48912761251160003,0.46532595175406277,0.2022577294399959,0.43675479515192905,0.05633263903390517,0.9159438458942804,0.0,0.0,0.5399221536882464,0.0,0.0
88608b1963fffff,2024-01-01,mumbai,22.467320681377753,13.235341462761413,5.340928001330357,7.542243409165368,212.92467880417905,0.20922040161894997,0.29008104174599114,26.60092318944128,45.32873228852886,0.5697863968770459,6.015785052836637,206.42120148313015,0.37750134881980035,0.07695282422500534,0.24348404878379237,0.4796950928130601,0.09791143539784276,0.8558693899806,0.0,0.0,0.0,0.0,0.23290388247597324
88608b1963fffff,2024-02-01,mumbai,24.26512602292103,18.293241788312592,3.7080815651278205,5.44997578267017,260.72977397486625,0.12994278351282304,0.25811069144576654,26.781719234287046,44.20416794286793,0.19156676710283665,15.023993748743175,10.6459815397944,0.19951305485182347,0.029335826806790907,0.15006354680882733,0.4229840218065573,0.08749892248203085,0.8603500544230662,0.0,0.0,0.0,0.0,0.22352844108019565
88608b1967fffff,2024-01-01,mumbai,23.568982677824,14.442959694834258,45.73527210643279,1.0798902575058307,191.40981658812743,0.20239355139892812,0.34067310547779317,29.848100957127567,48.508871999676636,0.6300189395138793,2.3510251228161505,64.08533563432262,0.8286800151481224,0.018368353388720896,0.2251441439431743,0.4594218639163453,0.0868128269664437,0.8873208012309461,0.0,0.0,0.0,0.0,0.5884997651296028
88608b1967fffff,2024-02-01,mumbai,27.305557759334675,21.590389075614592,4.486646091412632,0.6597435924835885,264.391676407803,0.1603136748477593,0.2934252507182586,33.02211869116316,52.688401333985496,0.5932206805645215,1.603030946403636,737.4169936815362,0.13891838135447704,0.07846724303995149,0.21031415280579033,0.3799287008188963,0.08853013184316738,0.9056881441356487,0.0,0.0,0.31208352523253124,0.0,0.0
88608b1981fffff,2024-01-01,mumbai,24.953380931673756,14.76573872412031,5.574456213643596,3.0861717579972883,210.11864503536722,0.19648128827416617,0.32497397133693395,29.546231156355965,48.929048029622784,0.10295497867015706,5.382000702269399,115.36419776334876,0.47435202200371324,0.061659513965418675,0.22243788913707824,0.4306129422544241,0.05143000587708006,0.8636228286953997,0.0,0.0,0.011016375724395523,0.0,0.017361791216388894
88608b1981fffff,2024-02-01,mumbai,26.550490451310846,15.190658644555521,9.822170008449461,1.9790822461439115,237.0669611835704,0.14172952982761294,0.21168212801645853,33.11604629821133,50.653438950014035,0.7277723069617378,31.794279203114147,446.2070147421106,0.27150558457007395,0.5897980293969335,0.20644592686691993,0.4247392645272455,0.0757427391328447,0.8750723334502485,0.0,0.0,0.1491139199050459,0.0,0.8954059071247193
88608b1983fffff,2024-01-01,mumbai,22.676123957876626,14.266932861168861,4.603336343811572,9.3229179998503,195.99173408890118,0.20026884923320326,0.34795101217346325,29.652640258205643,42.98347912747249,0.4930013220560567,0.7884300182229276,212.4326314684585,0.7388264402138234,0.27831268214349814,0.2134390920782327,0.3614470214466908,0.0780465716087024,0.9032460047969362,0.0,0.0,0.0,0.0,0.0
88608b1983fffff,2024-02-01,mumbai,24.359267801503773,16.8774949872443,20.82423748686447,2.864579191780823,236.78524627154187,0.12937520167678454,0.23125285584331395,27.396018911019574,56.93291093545292,0.15170336659763176,2.013520108710861,90.9951712301304,0.7700874102159543,0.020209416325726766,0.16385368507959186,0.4121728471569078,0.12024276960302299,0.9026215865787508,0.0,0.0,0.6520043316357846,0.0,0.32813619130871713
88608b1985fffff,2024-01-01,mumbai,26.167628870207007,16.27566669840509,10.274654192556035,0.5,197.63025946771566,0.20077737250429287,0.3360538126298392,33.173756232657446,60.134442609562846,0.5549497587265377,8.28543863392295,133.0742915196878,0.11751490220772899,0.02826412245860799,0.16410739188228873,0.4176022182164425,0.045763128507056036,0.8722420439134888,0.0,0.0,0.9083984337984394,0.0,0.0
88608b1985fffff,2024-02-01,mumbai,22.23890543318905,11.399508206398798,1.691507746237213,3.041611943716961,250.23263012675721,0.07103295369410312,0.30502619459392405,24.83586789327972,60.647062527722255,0.45042534407870954,7.25342584798805,194.0625077064024,0.4072391696078176,0.001934958613669676,0.14256853399768743,0.38602445181457995,0.07186296247940532,0.8454673560072518,0.0,0.0,0.9494515099650888,0.0,0.20824014951495273
88608b1987fffff,2024-01-01,mumbai,25.515409739123704,14.265032242624729,14.892076391892548,3.0558182191431724,188.79503476197462,0.2605049192240413,0.4074032650587127,31.509138166144247,48.04563859756499,0.24337276994336055,2.7178823923148725,684.0864089210781,0.2727701523786782,0.09242022067931457,0.1845547912140287,0.4113041688204649,0.09165221878851859,0.8712217782165321,0.0,0.0,0.0,0.0,0.0
88608b1987fffff,2024-02-01,mumbai,25.531005603056077,19.357620025723712,0.2637470761149125,11.902418219104536,249.7541757194364,0.08687987998853577,0.29436709137300104,28.366717239558657,51.92591031530386,0.5665397854663301,10.411238939121597,360.02793369840475,0.1771318074465665,0.03352422396319048,0.1658286895332714,0.3983845995052567,0.08055537806839341,0.9009408854713848,0.0,0.0,0.25101956583993285,0.0,0.0
88608b1989fffff,2024-01-01,mumbai,22.280020277322414,15.831955418479845,9.065985423017958,2.547107833400966,211.59626505419817,0.16503653982176703,0.3153308345565371,27.315363870379002,45.63845941930613,0.01327242537747828,0.08246045276279027,491.3774466311555,0.48234281987753863,0.04526468732923374,0.1501037796831139,0.48163652772761273,0.13547932863286039,0.8929278216178932,0.0,0.0,0.0,0.0,0.0946788432020455
88608b1989fffff,2024-02-01,mumbai,23.431464294751553,14.538769525307577,0.9831548010542603,9.827143864921926,248.9087169572459,0.11517495387596821,0.35321661573200297,30.414188698100396,52.10377103130061,0.5683493522097238,2.623971931055477,24.76624819882084,0.07353661374234069,0.19388575707093172,0.21766019672856257,0.43673361111680636,0.07741495325285284,0.8450063534158498,0.0,0.0,0.26526351006099746,0.0,0.0
88608b198bfffff,2024-01-01,mumbai,23.558965190748168,13.430766378386924,4.154414076556038,3.027758211985993,191.13460603566418,0.25984945581364477,0.383932567359697,27.959470611639897,43.90022620638159,0.4840117799720774,23.007263041778753,56.52842969897024,0.2295018478418992,0.23076628288926673,0.1298364471960906,0.47743223592097955,0.10921261738700908,0.8609536435667264,0.0,0.0,0.0,0.0,0.5752707230305372
88608b198bfffff,2024-02-01,mumbai,25.96038640439952,19.68717499541398,2.67759798955563,4.006332390426796,224.91094998738185,0.14876533000438857,0.2678727034060053,33.73783582403369,54.56451967032351,0.4834627070459114,5.668817097922609,954.7596140524246,0.7693183055542161,0.14085274893792463,0.14659866428308815,0.37329177965043525,0.09675164973196712,0.8143510785559395,0.0,0.0,0.4623321328868692,0.0,1.5434792117550842
88608b198dfffff,2024-01-01,mumbai,23.168419466197474,16.655540280722082,3.944901635347271,2.798054210309003,185.5698329140858,0.16310921389479194,0.3560789569741596,28.949166411070305,48.000885393679404,0.019015847113359147,1.5083680291932426,175.98867962849334,0.42825787287073325,0.2680378687945839,0.12842494852590422,0.47803212162629594,0.10272598938968944,0.9288039954102972,0.0,0.0,0.0,0.0,0.0
88608b198dfffff,2024-02-01,mumbai,27.043740986722398,16.125574010512302,0.21323456659576415,0.5,230.40128887986216,0.12028752772144506,0.22078836075680838,31.897023103298643,59.57536874978032,0.6378215528806609,1.5690312723328803,512.592114621003,0.6160340431014012,0.004954329676194719,0.2029448370928242,0.4471704851996554,0.0658285336328197,0.8596348315576527,0.0,0.0,0.8636251018708699,0.0,0.6216808220696547
88608b1991fffff,2024-01-01,mumbai,22.80989467094957,12.10448815487974,2.837190328906991,1.9508157456559725,204.77752945117555,0.19380207494452478,0.2976183460410442,25.230682901268956,47.75362713365426,0.633073287299614,1.13179306568297,101.78273280342917,0.2486865481689586,0.1650940198701679,0.1799021317266155,0.4856681441924256,0.09308552069323724,0.851604672516479,0.0,0.0,0.0,0.0,0.0
88608b1991fffff,2024-02-01,mumbai,26.82019272071304,20.18160701618094,13.106484061332782,1.5360254943491665,276.61019560717057,0.13926847429712505,0.3040006238658687,33.519782572402306,57.07416608466435,0.7229228474099432,3.1223872153059653,132.70585220533698,0.5886274771205843,0.11044406572258843,0.20781750613622968,0.4343160301183803,0.11784245346464854,0.9011155089799247,0.0,0.0,0.6633167254661493,0.0,0.0
88608b1993fffff,2024-01-01,mumbai,23.04639068418813,11.058608237238676,2.002925107754911,0.5,175.30247467933148,0.1816547836541763,0.3025667479702311,28.785660914535505,41.13333579202959,0.3329286561121222,1.1185183073266616,463.2831530468126,0.2257782455556999,0.26055374125464603,0.1564580742163122,0.3785803144656626,0.11442229088921599,0.9159587628518642,0.0,0.0,0.0,0.0,0.0
88608b1993fffff,2024-02-01,mumbai,25.39515632688812,14.77488676813833,13.298173278645795,2.5287536704619527,215.72517366461034,0.11640951602679124,0.31869802833386573,29.815838630237966,48.939147578732204,0.4498055074236154,5.0639769280770945,335.44203287260103,0.6818821943932937,0.4904525369638116,0.1958496438694972,0.36813689607319855,0.0936052149308999,0.8808114523281263,0.0,0.0,0.011825196342069381,0.0,0.0
88608b1995fffff,2024-01-01,mumbai,23.614210915456752,12.78068529346029,17.338402572394894,9.010210499535395,188.6652444068506,0.21467905753548291,0.34616121097579683,28.224204577995117,47.86250286887106,0.6109912113449116,13.625746080907964,100.3387632889806,0.5962705082893861,0.1472684740429601,0.14690837643210408,0.4024122536528666,0.058397917530630124,0.8891403401639106,0.0,0.0,0.0,0.0,0.4522646392900914
88608b1995fffff,2024-02-01,mumbai,27.215444384913276,16.231840874924202,0.0047879849080996635,6.791575119321145,257.1587721878758,0.14304801170654677,0.23518306300777553,33.05101995242377,44.43242380777903,0.21532736686390982,9.233640291598332,278.4750863143006,0.14232578555111958,0.003711807061084471,0.20692688922716856,0.4043631398449575,0.11532914242135132,0.8685815722560999,0.0,0.0,0.0,0.0,0.16719953732732198
88608b1997fffff,2024-01-01,mumbai,24.371958662230707,14.864853046518474,0.7663870669777051,8.311067017836034,204.4796464705807,0.19013093411933255,0.3678182409991129,27.49767254461697,34.11595757269008,0.6531254413493873,25.581673732327104,218.4296492917846,0.26628172072693423,0.15725863785464236,0.1747313477325012,0.49383101219892195,0.052401898788898185,0.8465972142045782,0.0,0.0,0.0,0.0,1.2450776043346516
88608b1997fffff,2024-02-01,mumbai,25.49606101101379,14.721781529030302,1.0950956177520696,9.091840643293441,247.75331212312113,0.17333623652257332,0.35524126767497544,31.20861908777857,57.59361761572371,0.6128056009199743,5.578869089248448,116.70697305858018,0.4011486773928197,0.11168644673412015,0.19492248907539458,0.4203887647196129,0.13326755088200828,0.8836217547162577,0.0,0.0,0.7049169101527517,0.0,0.0
88608b199bfffff,2024-01-01,mumbai,25.206810623787646,18.820473985739106,10.228791432448801,1.3717481830696823,182.28783914030575,0.15182943072725846,0.4465919933837156,30.941640405867375,43.015642755587564,0.39537393924625625,13.46892667098948,34.15133146349118,0.27322230270644476,0.1497427935134206,0.16855749073296167,0.46412506271744486,0.11071342979122518,0.885369140630485,0.0,0.0,0.0,0.0,0.0037800349925910678
88608b199bfffff,2024-02-01,mumbai,24.893118046775733,19.764340578812615,1.0082806220364435,1.332128214589737,269.1162998431774,0.12552755011026145,0.33883314667906317,27.747768407444138,59.352460171033925,0.5462832809255301,6.956215458605702,6.985063530883224,0.5315205151007292,0.05189545592581733,0.18209195301233236,0.4771620777272646,0.10753522425671225,0.9158639664627697,0.0,0.0,0.845773507468661,0.0,0.09472751024165045
88608b199dfffff,2024-01-01,mumbai,24.644779256257802,12.866584428419745,4.014191939470305,0.5,205.44394442928453,0.23383052663958742,0.41629187322562716,32.241877260045136,48.31235004474888,0.559054489855192,6.62785451277431,275.32364969884844,0.15092653233472425,0.12760221767583632,0.19476179382824366,0.37098209164929363,0.12293912145548366,0.8311009287015793,0.0,0.0,0.0,0.0,0.0
88608b199dfffff,2024-02-01,mumbai,27.376443634711784,17.220008284715778,1.1439356666050655,0.5,238.39730622108385,0.10481588439940509,0.3125331675886339,33.76719862584663,51.63583675519939,0.3777048552998482,6.9074468638416375,1890.4652923726944,0.4471568550149415,0.1557142353031063,0.13819238141620932,0.44092309887645276,0.1332212078608147,0.8321040109849795,0.0,0.0,0.22778907569499718,0.0,2.1435178871149185
88608b19a1fffff,2024-01-01,mumbai,24.0963695487006,16.480656075276325,5.277086368435667,10.867685019216953,179.56739203519786,0.2561162184647029,0.35554608516440206,28.53685598669269,51.65753831069752,0.6487560657820168,2.1856347681670734,136.7783969072469,0.20901243949746454,0.04578281912481774,0.17384073095618344,0.47307746949698326,0.04507675312154694,0.8600068748668355,0.0,0.0,0.22952704095783405,0.0,0.0
88608b19a1fffff,2024-02-01,mumbai,22.55654826617406,16.34275890808768,3.3957462661791347,1.915938621580914,239.2315368721292,0.10183696171673409,0.30814196861296445,26.92931160847867,55.67697030869829,0.17619300191699583,45.30932578613994,170.42921992513988,0.5421446739396266,0.26816257853067893,0.19795745076719562,0.4294674881378231,0.1072199451301404,0.9035953531231069,0.0,0.0,0.5514225469948817,0.0,3.1451601918990137
88608b19a3fffff,2024-01-01,mumbai,23.411941112113663,11.443299212308096,17.602855896202794,1.2312272821507857,195.3996842771748,0.18943427475319982,0.39979847744993235,27.373442553443574,41.52303789200162,0.7566316446550051,35.665215690471484,74.69756622839694,0.4041451535786352,0.27621951450695365,0.1982607350823256,0.47414241160283815,0.09211165132710583,0.8752113903913341,0.0,0.0,0.0,0.0,1.9883612989425241
88608b19a3fffff,2024-02-01,mumbai,25.713538129017074,15.954756292697605,18.837221992939245,1.313534657408657,252.94783503935446,0.08821841254191266,0.28795793613290266,33.59513443710435,50.533722876985316,0.2899597976859004,35.64116295270321,186.23984118696282,0.5923408912207858,0.4828647309737625,0.22940460099448545,0.4505749555890079,0.05824651093705562,0.8441025537761152,0.0,0.0,0.1395264792100633,0.0,2.0152674780725506
88608b19a5fffff,2024-01-01,mumbai,27.29892616897794,21.939583015805468,21.079366969915515,5.131580279748494,198.73257183578284,0.2128282547933315,0.33203000846275005,34.598779999425034,45.333947902894195,0.341828160337262,0.7866581713339778,101.419048501752,0.20871306235072662,0.14407563533896234,0.18985792868356138,0.3975860957796607,0.10538586385727486,0.8977642326471188,0.0,0.0,0.0,0.0,0.0
88608b19a5fffff,2024-02-01,mumbai,25.07609316894277,13.827142348228627,2.0850328848316995,0.5,278.0555144584084,0.11814526289035664,0.2854292650459227,28.56310837915494,49.002811449007844,0.23747538368204296,0.2930745560001268,43.25006199424188,0.5506704769706292,0.20560816186835104,0.1987661222826267,0.39416251318504497,0.08400949129323172,0.9321532480876643,0.0,0.0,0.01692370621830287,0.0,0.0
88608b19a7fffff,2024-01-01,mumbai,19.910567567795663,12.41555984779936,1.866561880974067,13.497568347761133,187.51934384936652,0.154460404669642,0.3339022578432471,27.47479653293158,43.36464788412182,0.22343471450573327,7.088110351133313,143.17238978240093,0.4368862657224143,0.2427042472988856,0.21171592256030963,0.4388467805237591,0.07476856001341992,0.887576963068239,0.0,0.0,0.0,0.0,0.0
88608b19a7fffff,2024-02-01,mumbai,25.16787227896,19.706651794750584,8.280680586915278,5.017809084826359,231.67957923692305,0.1475639749018284,0.2849554992120363,32.63803389045334,48.57660426310128,0.4125047498619378,22.908502749947974,20.850768792743107,0.3082094794070268,0.0638558261098814,0.2317248114807272,0.4286974546316089,0.17210988596331345,0.8736238470816978,0.0,0.0,0.0,0.0,1.5072023519111306
88608b19a9fffff,2024-01-01,mumbai,24.861837167603227,15.29965820417945,14.723154035152906,2.2102474002381243,204.7960240604383,0.22478416702208673,0.29272028114165327,30.68947616328957,51.27206350428178,0.3670125012149733,2.5876305228983885,162.6158348578224,0.2674361886440056,0.05830504854214387,0.2058701837956342,0.40080213692411315,0.10037101614542447,0.8904376838707694,0.0,0.0,0.19865635874765017,0.0,0.0
88608b19a9fffff,2024-02-01,mumbai,22.551843868834254,12.200418428933517,2.602007203046271,0.5,238.14017448278958,0.15849406976401884,0.20256143039911823,26.188805634096965,64.48935798558709,0.1625170261286255,3.494447397843239,216.22731002582893,0.12698686104227894,0.16018428869969104,0.1758540441414393,0.42442206426881746,0.08653554904459734,0.8380863631898781,0.0,0.0,1.2571610672777722,0.0,0.0
88608b19abfffff,2024-01-01,mumbai,20.902113952227314,14.719934206408649,1.097554994395963,2.896721276286492,193.86381492710805,0.1975349867526403,0.2941617631477106,26.664695340337744,39.59267404795049,0.5273168290314347,6.710216929988789,446.3773868024034,0.13684201579011604,0.08861460567228573,0.16821223026769763,0.44253615417069153,0.06117348628348955,0.8975779261086737,0.0,0.0,0.0,0.0,0.0
88608b19abfffff,2024-02-01,mumbai,25.70912178028688,19.651354618812814,27.41505063622407,0.5,252.520965746252,0.13442379007702068,0.2592103815143803,30.05287729757867,50.123618188462615,0.5510237503762102,7.583345123893334,18.099351745098506,0.7989992844022458,0.09538450896695133,0.09695007743251596,0.39022317545635565,0.11484528188402682,0.8600629763324064,0.0,0.0,0.10668331721457712,0.0,0.5649760685487702
88608b19adfffff,2024-01-01,mumbai,22.798520872435592,11.5863380055471,5.708076464031805,1.880188844340116,190.14326661302593,0.18579411854166342,0.3183585048571395,30.25402766015112,60.052117226937426,0.4918796776015318,10.424649757047785,1037.233271774355,0.2767749976721262,0.1943935007898625,0.174048035475506,0.3861201169435664,0.07387906956306266,0.910376266736901,0.0,0.0,0.901805419981292,0.0,0.5075626672886323
88608b19adfffff,2024-02-01,mumbai,27.243680079212773,21.055154411822947,1.5284943559624016,0.8777849093665533,237.65527871159617,0.12140750091049284,0.24143992957596683,31.408296026882503,58.118404483846845,0.5693813378965508,41.71877933080059,170.8799229134791,0.2932183342128572,0.0007233142520880797,0.18150588360080333,0.46236162480840903,0.08910569900812347,0.8977953552486619,0.0,0.0,0.7469443743716057,0.0,2.9839991976053417
88608b19b1fffff,2024-01-01,mumbai,24.65583872236337,12.991291913673935,0.9268885380886742,0.5,210.08769309279117,0.18916227479998313,0.4248002023653179,27.080519206633287,48.235740234885846,0.3289790451355827,13.176863523910699,447.2327059358587,0.1681792936988608,0.04820254977258978,0.1907710871784896,0.40911778453011793,0.12600151962634232,0.8630493716395516,0.0,0.0,0.0,0.0,0.6702474267926138
88608b19b1fffff,2024-02-01,mumbai,24.656596746659716,17.199363226002042,1.9845423142807437,0.5,251.5942586687744,0.12747822780456403,0.2754095653635847,29.65504257269031,51.76504517515792,0.3610239404768386,45.30852264100565,64.62376872492,0.5553951061398258,0.001562467550214545,0.1690914455446651,0.42197338618830893,0.09567960682157003,0.8812220712927242,0.0,0.0,0.23813670932768108,0.0,3.733815712511921
88608b19b3fffff,2024-01-01,mumbai,22.867036024218265,13.32924711079934,2.339496284135553,1.4494940407130084,184.32159185463206,0.19046500880350406,0.34895489650644557,28.372225357072757,48.595242823140616,0.857644886244613,5.9471216719075155,131.58455773141756,0.45907134097082425,0.46861909738927326,0.21831432145264545,0.4316223541084271,0.0752571971218161,0.9190699508408786,0.0,0.0,0.0,0.0,0.0
88608b19b3fffff,2024-02-01,mumbai,24.51473727538968,18.339331997635114,5.994191634066295,0.5,256.6190951852642,0.13869138841549705,0.2859151494058937,31.50081935150714,49.557879268275705,0.5741380195403223,7.898629254499244,76.71965596581985,0.504598802694344,0.31044690729596897,0.14196163803825437,0.39982560027271513,0.09498745846952579,0.8823264611534595,0.0,0.0,0.06137621509442747,0.0,0.0
88608b19b5fffff,2024-01-01,mumbai,22.290293953014928,15.079567676218115,0.4844262945554106,1.4616827714008063,192.9199635051003,0.1801917909546481,0.355771661285691,29.223999555996407,45.75352357166874,0.6327422155036649,6.496216002529815,162.7300404913079,0.2215463237349475,0.07687202781028303,0.19052705877059195,0.39904287896593027,0.051336534881923926,0.914129962534893,0.0,0.0,0.0,0.0,0.0
88608b19b5fffff,2024-02-01,mumbai,25.84159899248792,17.715216656398702,27.047456791327626,2.923413945336456,245.36981451771985,0.16082284835800703,0.3085186944509336,31.92096802096618,49.142644780417534,0.6662659693787409,1.0379550751518394,106.92748813056429,0.785699532985542,0.07092931823259391,0.1606129547019078,0.36521649909096515,0.10718919728624005,0.8587480157220413,0.0,0.0,0.02812223401958336,0.0,0.24474268973872848
88608b19b7fffff,2024-01-01,mumbai,23.045335297144106,11.16692462470693,0.40247004083330284,0.5,171.1377631850958,0.21624135844920725,0.3010187584501829,30.032805543523352,35.933331389972416,0.1390232796369122,10.273399058167879,321.52257763540524,0.5557627580918862,0.02350845294473494,0.15828565098837297,0.43016344768064646,0.08551395479118054,0.8225338427214518,0.0,0.0,0.0,0.0,1.0894746449743642
88608b19b7fffff,2024-02-01,mumbai,25.917643555663922,14.3059083147834,9.17834324335571,0.5,257.64558545970857,0.13143169874672467,0.24969911029644443,28.406189170769892,57.18719693313233,0.618252663532218,1.8726578075299365,1119.617077068669,0.4572599787550238,0.2739064293912122,0.13562281831428794,0.3676373159892391,0.08228297037036607,0.8874684575283839,0.0,0.0,0.6723687811256287,0.0,0.02386603957747489
88608b19b9fffff,2024-01-01,mumbai,24.062746197585795,17.006065783202764,15.122541898366904,2.861015310331962,224.30928811800052,0.22341419245816754,0.35584386972497867,28.59224977732329,38.6786205531837,0.79006223364287,10.97491221495414,184.05244417852742,0.14384049043654715,0.06774277856729026,0.17742051320701724,0.3884540477182629,0.10719993478904657,0.8605673343745303,0.0,0.0,0.0,0.0,0.0
88608b19b9fffff,2024-02-01,mumbai,25.070565761241916,19.92099569792559,3.063846576167218,4.438873122455345,242.3519438745376,0.15679547440832858,0.22451058911504904,31.440923823632758,54.99154319680601,0.8884426066531105,0.45092698599867137,41.10118666270534,0.4375804195728235,0.04019150510159204,0.21306522247028153,0.4085791844035387,0.12620064274300077,0.9117073443524025,0.0,0.0,0.4965302370506365,0.0,0.0
88608b19bbfffff,2024-01-01,mumbai,24.586892949673132,13.681976133577454,31.06830516368571,2.6796125110318516,196.63330021914973,0.20176776952360725,0.4142071368242527,31.248897851280198,39.94858127679398,0.8780044182142224,0.7331956462682564,139.64851603980833,0.8365906601065094,0.31452037012672956,0.1650665302390181,0.4845262995023713,0.059099288955681964,0.8477032601024445,0.0,0.0,0.0,0.0,0.0
88608b19bbfffff,2024-02-01,mumbai,24.610337424954647,18.426978562789323,0.2954171432772212,0.6375752165614094,268.0816669569319,0.11427253747954023,0.3048836465999194,32.36246143705315,43.55514614412536,0.6658071437311556,0.44403609138877864,327.34277493905074,0.774880818071879,0.1691307225701474,0.18489709682071007,0.4138922389172864,0.09875679925878755,0.8357263628995593,0.0,0.0,0.0,0.0,0.3352003083297395
88608b19bdfffff,2024-01-01,mumbai,25.031856067669707,17.678539947825037,11.419084335233638,2.3873231037333573,193.60072033502925,0.2293973096851026,0.37670599008062705,27.776819200954115,41.152904963340255,0.6230046406889888,18.739572847791752,11.916440097274421,0.2419651079390473,0.1593566346575293,0.20267031082594802,0.41436169852269666,0.06518965112539327,0.9104865305457861,0.0,0.0,0.0,0.0,0.12518161948608308
88608b19bdfffff,2024-02-01,mumbai,22.880592894254157,11.509388297884533,3.7412689343420036,3.8555719536115935,259.2183683857561,0.1455099518690023,0.3086276969858129,28.945394117985995,45.9384733727205,0.7361118457203,9.927150555211758,1124.7817875129763,0.719718304486091,0.12960342136500475,0.17347659992012618,0.42993247592814804,0.10196136943073959,0.892833880867049,0.0,0.0,0.0,0.0,1.8527112527306502
88608b19c1fffff,2024-01-01,mumbai,24.58412134198138,12.776654979251937,11.216263259130914,1.2183401796868945,196.49260608659003,0.24487686610679266,0.3581499934458344,26.625504078371947,44.02610356154088,0.6865892418877136,8.865754487693415,362.5711405940142,0.1153993766190168,0.1875359113977384,0.18778377243115824,0.4390546211084232,0.10720921947607692,0.9213755046899569,0.0,0.0,0.0,0.0,0.0
88608b19c1fffff,2024-02-01,mumbai,24.828601892623645,18.143494034979756,19.088515873956062,2.2748647356851732,236.30208152234928,0.17886652741362918,0.3144353892002939,28.10251038233057,54.915387262718326,0.4341887560700715,10.241345961763288,599.8061226758421,0.13339500473564786,0.1055111387230869,0.1196576974225623,0.40724776357652565,0.05727514818258128,0.824621925245463,0.0,0.0,0.49043130243672256,0.0,0.10773174771727155
88608b19c3fffff,2024-01-01,mumbai,21.76358780801124,11.413075380021438,17.43466410562748,8.3371019187319,229.55794498579382,0.1821881727171578,0.3112629160910071,25.10487261130475,51.605098704052175,0.47194523302742447,15.102170261096296,158.96596900425791,0.6709817770777715,0.0486860628663106,0.2204703812619707,0.4499648131878376,0.07676880016555432,0.9218895959858983,0.0,0.0,0.22532742426426103,0.0,1.2170199543647047
88608b19c3fffff,2024-02-01,mumbai,26.168921552996263,15.18486715730057,10.144324251397187,4.785214854693146,228.20752230422104,0.15637691810993165,0.1767469647325947,31.194015847248885,51.741953967773604,0.6983054096032347,6.957928719979817,1209.6923997899617,0.1972352184125014,0.06598605594232754,0.1847831250037294,0.4557790327012819,0.06948401884184625,0.8991180830687133,0.0,0.0,0.23628745403746151,0.0,0.7040747578356605
88608b19c5fffff,2024-01-01,mumbai,21.95054071404047,10.606311568078285,0.5256975737844128,1.001862299048637,192.03405547462253,0.20987806537114154,0.3877162403532062,26.335230458301425,42.15507190825932,0.41421991902453303,2.3020143397836645,535.2675622668678,0.19749714179811104,0.0005146387198752272,0.17678012556568,0.3400001281556304,0.06911090746015487,0.847436801014648,0.0,0.0,0.0,0.0,0.0
88608b19c5fffff,2024-02-01,mumbai,24.427985260222965,13.127886209010939,17.47835351007057,0.8350689272748717,266.9163200660641,0.07732305046210729,0.31563532100075864,27.26021090350691,52.83250946412639,0.656486040914006,12.61552065624927,140.074769425635,0.3816860164169449,0.15043667899373794,0.13920241236932945,0.4521913713096166,0.07045541809499742,0.8618461998888458,0.0,0.0,0.3236243995398533,0.0,0.1450716336593594
88608b19c7fffff,2024-01-01,mumbai,21.793917941358085,13.86722048302298,8.871321234178282,5.795128451650147,209.66440396852863,0.1837013157846923,0.38566644423429164,23.937314265565032,53.84612017803526,0.25938105563826475,3.559239237974598,0.5233531189565016,0.1809315271383195,0.05914960928526399,0.1828938952214314,0.4152299773361525,0.10420197409689996,0.9033242973769019,0.0,0.0,0.40479923564618736,0.0,0.0
88608b19c7fffff,2024-02-01,mumbai,27.842565885926163,18.07942836076216,0.10309113985416438,1.5272258182978318,271.9509839225049,0.08066149827873903,0.32931944077431463,33.1932973676878,52.52853357501785,0.38091207394107046,5.9630738843934585,158.61494481292655,0.745522109544893,0.06279080458831453,0.13006790843559177,0.4033815617268652,0.06879610614760258,0.901040818099871,0.0,0.0,0.2992805438168748,0.0,0.3241572892396366
88608b19c9fffff,2024-01-01,mumbai,21.608381567319157,10.908769618612075,29.40086443147445,0.6524718440064226,218.70968409382806,0.21754439806464168,0.33611342246411846,24.2175804826993,43.89613381812257,0.6769063541379379,14.549464111996437,7.732301454321175,0.4428463748891391,0.09783943225792151,0.162472643059104,0.44153998859097765,0.0917073696060914,0.8981844612746747,0.0,0.0,0.0,0.0,0.3967570419765735
88608b19c9fffff,2024-02-01,mumbai,23.63278117658385,12.409055466927029,8.45461103572619,0.5,260.2693956878804,0.12349434701132125,0.22558144584881762,28.988614868571986,55.31646131733731,0.5995044046213419,0.8681738985807147,153.17248625882507,0.29558933270601784,0.34512563518517714,0.1285525445425815,0.39941059753958164,0.09356432782085357,0.8911527339904285,0.0,0.0,0.5225512477011585,0.0,0.0
88608b19cbfffff,2024-01-01,mumbai,23.717850996389274,13.12716000452495,7.796611094537963,1.1497413055963839,207.21665925443872,0.18962337183141478,0.36671518126662056,29.561282464528787,49.31745454525581,0.8143214926476711,7.5637821820622415,300.59238978165234,0.16091485102612252,0.027317223189986847,0.16752462727008258,0.39034179106284245,0.08360083829538667,0.852137707172139,0.0,0.0,0.04212184335264908,0.0,0.0
88608b19cbfffff,2024-02-01,mumbai,22.379006098363604,12.856065378607354,17.82781217139356,2.0911048212774177,232.98749074462853,0.1781340459557535,0.2665386424227976,24.698148602697543,54.697849507339015,0.7044420937322704,1.2611609747352486,261.42138817433454,0.7287673867975126,0.08568697894040175,0.22591467286203004,0.3884010847215087,0.10857264798890298,0.843353911672257,0.0,0.0,0.47300982948113685,0.0,0.5392747365859475
88608b19cdfffff,2024-01-01,mumbai,25.1635996588622,13.239919695008584,7.952203594937797,3.482578912614259,194.93219946029262,0.165908830335256,0.3473951139494786,30.809692503154345,42.59220585142195,0.1615739971387618,6.875104902031119,79.93876990554328,0.5851495367454317,0.06474170262718751,0.14393395446147342,0.4677860881149631,0.10634364016248095,0.8330333567317001,0.0,0.0,0.0,0.0,0.4867695242937633
88608b19cdfffff,2024-02-01,mumbai,26.42732926894096,21.107627258397265,7.671092789924923,2.7109487252508915,218.2818153115071,0.12768015267412108,0.2556385451172768,30.390004109933543,48.424184977991715,0.240592120791068,5.068147511864864,1126.5844367966465,0.5251722807361485,0.19700379606274226,0.1742652228283657,0.429904710992529,0.14711337121538204,0.8640571099122242,0.0,0.0,0.0,0.0,1.132985788887443
88608b19e1fffff,2024-01-01,mumbai,23.46210185853913,14.50000256916759,13.211476289720688,13.401275448544975,202.66060308492303,0.20637460218156742,0.36279131724618335,28.115317720427043,41.26813297284747,0.5816530745753361,3.829318506741776,336.15517059712334,0.8679941444244319,0.010747203616732185,0.17040355398541043,0.4343728230513838,0.08707264781035289,0.8644620889821861,0.0,0.0,0.0,0.0,1.0764784065828736
88608b19e1fffff,2024-02-01,mumbai,25.148479555323426,14.843603674144353,0.5835143224659126,13.51452240797217,279.9049020064461,0.08628304229943119,0.21845402169805692,31.491134714284932,50.87861672930041,0.25389999087662896,0.049418193694436674,90.95822258615743,0.31472247610932386,0.6199408083072657,0.13612493040082205,0.42037733625759277,0.0714917008726858,0.9009319790420305,0.0,0.0,0.16714724283419133,0.0,0.0
88608b19e3fffff,2024-01-01,mumbai,24.242945483914582,15.341941359312868,3.314462643269249,2.4600029435675945,190.33153752655215,0.21581675007225856,0.4103720264696032,31.231979871697007,37.59317735980546,0.5531466665434364,11.90249107243706,314.05171667765086,0.6782593671006776,0.2114711824615955,0.17865804459590368,0.39713514190305604,0.09435791941320458,0.8908511322030487,0.0,0.0,0.0,0.0,0.7404438004067687
88608b19e3fffff,2024-02-01,mumbai,25.179079464112352,13.449582288537199,28.028749910373236,3.180489760284736,262.84841163940945,0.10388117024448348,0.3152077433789059,32.189389192285994,53.916929512520944,0.5612056713411275,3.9256130536191995,81.04575888986912,0.45485727262697134,0.4475014104539952,0.19341216053538482,0.4174829590852937,0.07718363918799483,0.8639582748867294,0.0,0.0,0.4104699887694531,0.0,0.0
88608b19e5fffff,2024-01-01,mumbai,21.84678251175402,15.82372615908108,2.9704670027680624,0.5,220.09609215866897,0.1825598756885995,0.3096428441939004,27.129830936472604,43.58277096106228,0.6468363929078041,9.17497392287638,192.88345922460923,0.057620100095032094,0.2929449398106892,0.1933310626775896,0.4580058445292398,0.11505910579210797,0.8516532069649104,0.0,0.0,0.0,0.0,0.0
88608b19e5fffff,2024-02-01,mumbai,24.851059959279155,15.41179314934276,62.14828985470781,4.267301298676788,258.4121682182269,0.13355501310899517,0.24885357489713567,32.576506221450444,53.760223388096975,0.6366192428840711,0.21496293836703473,19.232507161491096,0.8179863254013723,0.013684998174698784,0.14385558720833808,0.4559618567731921,0.14136927325606424,0.8919706705128022,0.0,0.0,0.3979202063012716,0.0,0.31021861778331195
88608b19e7fffff,2024-01-01,mumbai,22.99177474946749,16.149330865338204,2.968245243180802,2.099974437828651,173.7604534276143,0.16828363805241145,0.28477367596707726,29.8122844250931,47.03636383808302,0.4078829153145866,17.873610467523267,160.55836066722443,0.1647327886823729,0.1467245580374343,0.22669999197200655,0.4179080562486862,0.09165991700944813,0.850512924344831,0.0,0.0,0.0,0.0,0.504471072943075
88608b19e7fffff,2024-02-01,mumbai,23.83000869770138,14.566012097799486,3.821784748551424,8.061900880815443,254.88168381855746,0.12178626574980095,0.2580534705933403,28.369909195543322,52.06935885417699,0.3160622463902402,0.202591915154247,163.48293694056864,0.4002353873340915,0.4606524531454833,0.1438225728423283,0.40409270722805113,0.06382315555763932,0.9224113223414699,0.0,0.0,0.2625076168963527,0.0,0.0
88608b19e9fffff,2024-01-01,mumbai,22.74508271894342,11.500026315320433,6.997258679426979,1.7606952093193562,192.0240353370506,0.172851460999962,0.3028714434180065,27.980787871022166,42.44090658877358,0.41551020668726973,0.32269163792047784,781.5042158884423,0.656561677629101,0.07367874249968283,0.2251474682325481,0.4671384301057111,0.0811769268866529,0.8647639265779659,0.0,0.0,0.0,0.0,0.8313458117243456
88608b19e9fffff,2024-02-01,mumbai,27.816283872942765,17.30948176032623,4.779835700630041,2.6287238607023564,252.69022227450282,0.13796841545159855,0.2864863240781349,35.02273862452074,57.50835937841786,0.329080244928382,2.087962311659445,25.32125190518,0.5216686822069493,0.060879227869521185,0.19707622208177855,0.38317232620468716,0.06371156037367214,0.9052048839176423,0.0,0.0,0.6980890191833202,0.0,0.0
88608b19ebfffff,2024-01-01,mumbai,22.821506222440473,13.309793097504315,4.973056671456646,0.5,207.47804491559572,0.2399253115919757,0.3418045597937496,24.880210339903808,50.908559171187775,0.3974364722462083,4.989480530967828,164.91553130243165,0.23773454089537635,0.3725734795545887,0.22927949105891854,0.4494264280332068,0.09708688028351056,0.8323752983454826,0.0,0.0,0.16954517803700378,0.0,0.0
88608b19ebfffff,2024-02-01,mumbai,24.932317571589394,16.37832974456108,6.253794858843315,0.5,242.5603102882929,0.133700811153963,0.2579543781301268,30.158745509110535,55.88912422369836,0.08054877957682788,7.642592928161611,6.794332437854726,0.5776078401594787,0.18589404391326828,0.17582863144470287,0.46417847712520344,0.04687146920465826,0.8416334816248681,0.0,0.0,0.5684128560387111,0.0,0.0
88608b19edfffff,2024-01-01,mumbai,22.284611843461462,13.862704183997216,1.5704595918218034,0.8763705666443837,200.1117344042997,0.1723807010467156,0.3601850088114708,25.483467363677967,51.447774100499885,0.6512046359590561,5.019446995337479,1371.2416782447285,0.5192433985943803,0.8175173248538654,0.18225326414392648,0.4053929871361207,0.07325119391778569,0.8271997014899741,0.0,0.0,0.212728111003648,0.0,0.0
88608b19edfffff,2024-02-01,mumbai,29.03064729183118,22.808987974812254,15.900966763705803,0.5,257.3963825066746,0.11889346670318002,0.23173734022988618,36.031968429260004,52.15849178236492,0.5595037361361629,1.4917463639028368,471.52467012418595,0.4394724123239413,0.03459407546035093,0.1500233739990589,0.4340624056384844,0.07420650178785541,0.918308232157375,0.0,0.0,0.26964581180495917,0.0,0.0
88608b40d3fffff,2024-01-01,mumbai,21.786745112703308,12.314630104941893,2.7272296966976004,0.5877869876206436,216.57464547570243,0.19577087758437897,0.39004519886611444,28.11514361215938,56.991427055880095,0.3868690234103989,1.5021815431238712,418.75083308919545,0.2335549118499913,0.11391172789898826,0.1616291229720339,0.4393556030332879,0.0788741210613435,0.8738286717159085,0.0,0.0,0.6566905848689782,0.0,0.0
88608b40d3fffff,2024-02-01,mumbai,28.196478689454356,20.034276816351525,5.189320976350464,2.4426539459960535,235.40458510911273,0.08470631308040193,0.3332511863263269,35.254524614503126,50.892378697403586,0.11396561382161408,1.0219484417038394,86.55908699868033,0.45716375167027845,0.20427518575925693,0.17292003424013366,0.49745248704173756,0.09129281787189032,0.8539983067991499,0.0,0.0,0.16824936763412318,0.0,0.0
88608b40dbfffff,2024-01-01,mumbai,24.353344648601976,16.435100512630385,4.464591638968655,0.5,203.15183725044105,0.20450882371514453,0.33220223500638707,28.692792887896168,34.952594689587805,0.43098536259659376,3.4463852668762995,767.1863977289825,0.7385706772742219,0.3838678015378072,0.1626965210154341,0.4181668568740771,0.1268296178738131,0.9102988668167084,0.0,0.0,0.0,0.0,0.20477061946662298
88608b40dbfffff,2024-02-01,mumbai,26.786368378715103,18.100392650319485,1.6501830984044619,5.915088656667007,250.43071947085005,0.12563510598761096,0.21657286028146103,28.813550342284458,56.628970802088546,0.8455150183776861,3.5367271457962803,88.78105573528947,0.39465445601657145,0.12246817661983436,0.14187678065477083,0.37475830575954333,0.11786510471524533,0.9109317879989772,0.0,0.0,0.6276633394053015,0.0,0.0
88608b4291fffff,2024-01-01,mumbai,23.783002108331726,12.237595388614222,17.59934818860704,1.204298186830427,191.17882128836465,0.20300554073121332,0.2977556653679375,29.47005521256495,38.03682846069572,0.5288303009177385,4.036188714892904,423.20908672533284,0.7841184593745085,0.4753321030151707,0.14088855921754653,0.42741230769636096,0.11493195048584581,0.8692847631646369,0.0,0.0,0.0,0.0,0.0
88608b4291fffff,2024-02-01,mumbai,24.78423782472268,13.86874624092496,8.34268732482469,1.6458902256291232,227.72041785815395,0.15944918452039952,0.2854153270678195,29.508859061773773,53.09631007158877,0.8103502142223499,14.945506541465047,222.6785560750578,0.8577972755901033,0.3136275035521679,0.21227839890694508,0.46241058371892657,0.08428907881898329,0.9105776920828121,0.0,0.0,0.3447508248840857,0.0,1.0174791618940318
88608b4299fffff,2024-01-01,mumbai,22.255307753775785,15.651999132557838,1.9972327241160281,1.0217606575605742,183.5940175056998,0.2250297329989007,0.44772748493988146,25.47770587732973,41.92860814582,0.40126092056214013,17.094125616326572,243.08455651312758,0.5315767464874601,0.2612783980131337,0.19408541925318357,0.42198924787340497,0.08553304821370544,0.8758842812030639,0.0,0.0,0.0,0.0,0.7721280977412689
88608b4299fffff,2024-02-01,mumbai,26.22066612135529,20.43261380090715,0.881543321376919,3.8049179643008797,250.4637755043723,0.10691272775529509,0.3226449264204228,31.72869124482795,46.94621421317118,0.4100041666035398,7.993635040460275,377.3135547673965,0.43755096244155356,0.13735104958024735,0.14005618863522015,0.44608734169162023,0.07756036921025361,0.8478258166742896,0.0,0.0,0.0,0.0,0.24575595907918657
88608b429bfffff,2024-01-01,mumbai,20.134869755104972,8.632678598036952,15.761667739672177,0.8549244626667476,202.83717644857646,0.2057085286818462,0.24543136192223336,24.995879743034592,51.39760413848271,0.6197963989822464,2.979432513391107,713.4462629778986,0.4187463526135423,0.5931949652856794,0.18629870492736636,0.3881732187075359,0.12553583905113527,0.8749871086851667,0.0,0.0,0.208710258401736,0.0,0.0
88608b429bfffff,2024-02-01,mumbai,26.00890854099334,20.654485794567126,1.1638116243573262,3.5794301328005536,254.80623743566593,0.13675251006434563,0.29349278160768355,29.89738772269668,55.94422073152349,0.7082638620107475,2.9602708287714172,104.289793147074,0.7019086903366187,0.02518622435187045,0.20730037867177598,0.4140053218299015,0.04676515492319397,0.8839064702828858,0.0,0.0,0.5728252501969067,0.0,0.20060889898487255
88608b42d1fffff,2024-01-01,mumbai,22.01253886559429,13.337688720033793,15.475206611801775,0.5,212.16139292751922,0.17550419269427603,0.32992235519398,26.35479789833491,45.635618007319536,0.6062693320082233,0.720047550140413,183.9188323126263,0.20992067233222653,0.18071978509475586,0.17658470850518657,0.4328585706388814,0.1086173440064465,0.8863116495655046,0.0,0.0,0.0,0.0,0.0
88608b42d1fffff,2024-02-01,mumbai,24.56934261426673,18.06447463481391,7.146903053358585,2.4115800491116173,232.40800634683288,0.07998038023491583,0.2628043402255599,27.119706175226405,54.648641616357956,0.5290686187216754,2.4060353507962144,674.5217100467004,0.42041994935625976,0.10231086357145507,0.18534174143402107,0.42857270762723115,0.08692953391202175,0.828422364872271,0.0,0.0,0.4690690241692808,0.0,0.37071378665197785
88608b42d3fffff,2024-01-01,mumbai,25.26711879059397,14.111812764293358,7.940349695933352,3.8427873596007944,195.73454747294326,0.2426125612909807,0.3323896947782501,27.63741934375696,49.10715053121315,0.6464315055582144,5.684667870023874,92.49743059820456,0.7259010153397045,0.31897036609327883,0.11641203931524488,0.41695216678776975,0.10665016183865862,0.8884846030669594,0.0,0.0,0.02527968330228451,0.0,0.0
88608b42d3fffff,2024-02-01,mumbai,27.912382705620317,19.19812858829028,14.427536714558922,5.936059128754274,228.2058486771214,0.1251958358610212,0.22874354104076988,32.6126922780959,55.75709146513982,0.1305159405161023,3.347655640562113,446.22861574643446,0.134641121473518,0.03145132558661852,0.23533449178476695,0.40559449734878367,0.10013617589547213,0.8660600698934616,0.0,0.0,0.5578390357449962,0.0,0.0
88608b42d7fffff,2024-01-01,mumbai,22.924320135469166,13.114382418904064,11.544514429333027,4.207695805010433,200.17008265068955,0.2067914177149305,0.3074830452221179,25.14541602899977,48.0353948184181,0.43997281093709273,13.712613573505285,350.413822392533,0.4733375264500564,0.02071177978386099,0.21410130318581938,0.41689927232112006,0.07799409009814127,0.9094868431199833,0.0,0.0,0.0,0.0,1.0011215317514133
88608b42d7fffff,2024-02-01,mumbai,26.692984281524154,18.718395173496063,1.1143437035334711,0.7922000040449888,258.4257731931386,0.08389540822254923,0.2880616523086123,30.75146242303523,57.64571837714115,0.23681696925129656,3.9586201976835507,227.54152248535078,0.44581411095508294,0.08789120425528188,0.2362451484728014,0.4387209074673718,0.07083165412491281,0.910331541303608,0.0,0.0,0.7090893904857254,0.0,0.0
88608b42d9fffff,2024-01-01,mumbai,22.661674549766452,10.919208792964977,45.50487609716577,4.21921484638469,163.4483970654683,0.23974314028395982,0.3479692431345854,27.09552023356507,36.014246268907485,0.1296164561540163,15.478833474011589,1176.1921049083028,0.7786171292220048,0.05068293602861167,0.19513824218197015,0.42980092536384384,0.09356472800737656,0.8834562946626309,0.0,0.0,0.0,0.0,2.7932077801605053
88608b42d9fffff,2024-02-01,mumbai,26.194226387991048,16.732368180575786,19.30431292949428,4.320712020397025,241.45659325319784,0.1833333632950934,0.23529502371582914,32.0578148175164,58.516144260541815,0.12636521660785108,10.271255500207022,44.132333112740014,0.3105571348522379,0.1988653133004995,0.18592958389774158,0.4317132685655273,0.05727959953850892,0.8682345329065785,0.0,0.0,0.7787972945737565,0.0,0.0
88608b42dbfffff,2024-01-01,mumbai,25.50716337918136,15.943027451976164,6.565873182187369,1.7256673545470376,207.4878054047461,0.15879452245399628,0.3240320068913177,27.613980441212405,43.98049504242703,0.3292336548347394,13.721135913773207,131.88392669754472,0.6452046018711537,0.2932542102059271,0.153107901350146,0.4006999487934349,0.06337189486491554,0.9061082756180188,0.0,0.0,0.0,0.0,0.16895283777505019
88608b42dbfffff,2024-02-01,mumbai,24.19710467162734,14.777296710504805,8.452207045082208,2.0356545060427687,258.2267198706019,0.15201576735991773,0.3626181337328654,30.166689162840694,56.923294849952036,0.34343251691926036,4.929490320985003,1020.2356665794139,0.3417001359429666,0.08763146173636212,0.16932598066951626,0.3920191916220423,0.1433795946776627,0.8894520916318863,0.0,0.0,0.6512342291163388,0.0,0.7489371993405264
88608b4401fffff,2024-01-01,mumbai,24.68658916475389,14.974036207482703,1.0596471986323959,3.135942954219239,213.87634843208778,0.21535032487360872,0.4134162907394606,28.597550660531592,46.4792557359627,0.45710576214822285,18.142832222509984,38.53723457950924,0.21131691938700975,0.18965370409543386,0.173961911186245,0.46196190808242804,0.11679485254806535,0.8791038900265461,0.0,0.0,0.0,0.0,0.24550950376555358
88608b4401fffff,2024-02-01,mumbai,29.437275619076956,21.139153736943072,9.086590390681193,2.5155983182723243,240.77820457974855,0.1481148684808153,0.28436010858398575,32.29227267542744,46.397050667914606,0.7430081635163936,0.9101861888681705,166.115696919497,0.32965607721155954,0.2621581690631322,0.17838563505395677,0.43719997937399185,0.1618150687040247,0.8450850721764729,0.0,0.0,0.0,0.0,0.0
88608b4403fffff,2024-01-01,mumbai,23.996630613459615,17.000901320094876,14.398274163356922,2.2607476513417097,219.95548996728917,0.19700055163131208,0.3638267449035575,26.725030995495338,52.88132029341651,0.4987320321588706,4.698755834443776,637.2739472208813,0.261385494750554,0.19162094288763817,0.1814270894816856,0.431007462981078,0.10748859945278551,0.9108451872702449,0.0,0.0,0.3275334062358853,0.0,0.0
88608b4403fffff,2024-02-01,mumbai,26.631817176843512,20.38115649775426,2.405172856238384,6.724737970367031,248.32479782807945,0.09991902593785676,0.27579702322023647,32.19030798363715,59.26723191863399,0.49538013400243025,3.650603436134376,163.53536325094592,0.5772244995996056,0.00824154532663125,0.1364549547032187,0.4381273914239702,0.07960755390591373,0.8768911166957936,0.0,0.0,0.8389480178351568,0.0,0.11401881697228215
88608b4405fffff,2024-01-01,mumbai,24.191870774581492,12.8704591116428,3.5772408025609055,2.2532028132201343,211.7286355295422,0.1294259899694849,0.3080563809076308,31.083480348463056,42.974149345065605,0.5960338019059059,7.554529283217441,182.8895609669295,0.43546655960024316,0.11655678532250291,0.19359314541033223,0.4070823685006841,0.09819518429648881,0.9006244067400677,0.0,0.0,0.0,0.0,0.0
88608b4405fffff,2024-02-01,mumbai,24.474374550258347,18.58084827768507,28.02720334591404,12.612307861707464,246.45959708982812,0.11293743978333268,0.2778381287028107,28.581747898926277,41.89299030663952,0.18581777675935515,2.0503842162782604,162.27264619400512,0.5223837683853645,0.3026333739019869,0.21052830835023584,0.3712167425552409,0.08200347418259328,0.8622356675193015,0.0,0.0,0.0,0.0,0.0
88608b4407fffff,2024-01-01,mumbai,20.803775223282383,15.132329989106603,3.0775333712857393,4.448104984116662,184.00336776593895,0.24235838798594622,0.3645657565765009,25.282166549422264,44.47587255675757,0.07865626559016194,9.59740826354857,190.49892453313424,0.6326166716305586,0.3075652178596245,0.16965519168996196,0.3924919593910313,0.07255494356602574,0.8518387757558928,0.0,0.0,0.0,0.0,0.1033836789601444
88608b4407fffff,2024-02-01,mumbai,26.084741612685075,15.20920784682422,14.77183018367696,0.5,228.49255855632305,0.11067580758524338,0.30903572557810405,33.32092661458121,49.9123881245499,0.554315566884393,12.527876318824266,111.00557356453211,0.5400132772687413,0.18236859175214712,0.17932645264947505,0.4005036975036577,0.11749998688832666,0.8750197474577529,0.0,0.0,0.08976699462291697,0.0,0.5057831302400475
88608b4409fffff,2024-01-01,mumbai,23.686881937537937,12.413292396993521,36.48557590771051,1.4939659786207922,195.56879173004774,0.17989394693574573,0.40194607844196917,25.87508504657527,45.89552473769847,0.31791037769347663,6.926416075598953,99.53918156188668,0.8438573796561614,0.34736726188662587,0.13811082431382316,0.38942149862765363,0.08531891011770924,0.8631433391069679,0.0,0.0,0.0,0.0,0.005494718620500801
88608b4409fffff,2024-02-01,mumbai,26.51822437178189,18.50489884455275,0.6477988491697917,0.841328899929378,264.1327731909637,0.11932469473972768,0.3550459188957551,30.391337846025884,42.77404157499683,0.35897657997358057,4.41900578638791,119.52344409730169,0.2987872353521052,0.045414460385892606,0.1906207834789621,0.39879200508032386,0.0969804150498925,0.8521768855324026,0.0,0.0,0.0,0.0,0.0
88608b440bfffff,2024-01-01,mumbai,25.032224596286923,18.621049512880454,1.518593552881077,1.1408005160591148,202.31813134416916,0.19339301108497878,0.387418000055156,28.849260669352383,47.44847178148833,0.6202021834026699,2.4864305265093862,518.9102460082,0.6267167516788279,0.006803809642691554,0.15175017708615088,0.37820343188708905,0.07432234205337082,0.8663479675719176,0.0,0.0,0.0,0.0,0.5418675948404806
88608b440bfffff,2024-02-01,mumbai,27.517203988660157,19.286724935745532,32.831638508254585,6.409168957969204,235.01081935416335,0.16455657567049825,0.3069403213356896,35.01318124095457,55.916846984901426,0.5823667148743289,4.008409926871687,76.66381344264433,0.2943714449736132,0.19427194531394515,0.21810352621402526,0.4146760914193443,0.10027321861504097,0.8955370421272572,0.0,0.0,0.5706330285035378,0.0,0.0
88608b440dfffff,2024-01-01,mumbai,22.889584139068834,16.16592858969425,28.965316835717235,10.529076558778632,200.47928976465417,0.1940643194102031,0.3265187008265712,26.95686389159322,46.82413547626032,0.23414989393201752,30.044123786325027,506.74078965902953,0.3100520061489684,0.012947178673788862,0.1880038435581157,0.4102892427069644,0.09372781319744587,0.8523047483491192,0.0,0.0,0.0,0.0,2.529056009698727
88608b440dfffff,2024-02-01,mumbai,24.383554933561463,14.112755442183975,24.66948029421317,0.6209861344144498,255.1239489331697,0.09027046993118168,0.25115797129213085,27.037336972354236,53.76349439904329,0.7224689736929297,3.204591808456155,489.62078408580516,0.39405528387929156,0.2805907689706468,0.21642044742485667,0.35957694417590114,0.06496848449760423,0.9047622048927717,0.0,0.0,0.3981821646387529,0.0,0.0
88608b4411fffff,2024-01-01,mumbai,22.457873207424296,13.945851667225327,2.803797149699143,12.985448691190786,188.5869104250487,0.1593351423717549,0.38368921947348367,24.597300098889033,49.985226696781034,0.7288571716082574,21.177306478032552,22.944033356907234,0.7285643058241651,0.27797638655125606,0.24349015308275168,0.4258351548766671,0.08149929154045976,0.8793402811592577,0.0,0.0,0.09560025889483864,0.0,1.3267959225858479
88608b4411fffff,2024-02-01,mumbai,23.401510003060437,16.821898344083557,1.8670139164298343,2.00855254845029,277.72597415239966,0.13144254712242973,0.214437564343492,30.04563992514795,50.618306452972995,0.47577364664691496,4.503314044514755,45.992271444703924,0.6759491893970158,0.04033692728486166,0.19464600793806988,0.41786123760308314,0.0810437311184407,0.8786586511492948,0.0,0.0,0.1463003400462509,0.0,0.29004299908005365
88608b4413fffff,2024-01-01,mumbai,24.91983721828093,14.942030455437267,9.535525993133708,3.0440413156787276,183.74917204971612,0.1677539352050295,0.296497213799207,29.845353609715907,47.784675344503476,0.6450742493262892,1.6432561339320582,455.7246890466338,0.4956913115029309,0.07696549117954805,0.20353652830072955,0.3991112951183502,0.0536206960811234,0.8119610321842967,0.0,0.0,0.0,0.0,0.2383657129305439
88608b4413fffff,2024-02-01,mumbai,24.498896483155455,13.932910515208302,3.3720677946700017,3.6825384081803176,250.8332969514891,0.14639629038194246,0.3116378767012991,26.835942197582764,52.59422358394964,0.26289004200108373,7.129850608666067,223.3159353340759,0.3697771577108704,0.10509640976688263,0.12278828904799091,0.40290751965889465,0.08688757447675179,0.864466697312504,0.0,0.0,0.30454131665174167,0.0,0.0
88608b4415fffff,2024-01-01,mumbai,24.38110523123902,16.71483613269914,6.548206525543675,4.042243938364821,201.40069372216385,0.21613334838186668,0.35621151808458146,30.07167529992325,49.49786285187999,0.6326321840120646,0.7763796099878978,83.02375652747304,0.1866127145642206,0.460291060653583,0.1837825001846404,0.4309390823822492,0.07729028497930966,0.8932812294969639,0.0,0.0,0.0565698109219373,0.0,0.0
88608b4415fffff,2024-02-01,mumbai,26.417453987246564,15.275219653972465,2.847797515181878,7.967769790368916,280.9502701185435,0.0879957238483002,0.2884948270916103,28.824874212904778,58.42040563732492,0.21301508629408417,2.497453728097985,750.0819037028331,0.028161204740028593,0.08625318975773205,0.16062332916372093,0.36812225086657957,0.05464115639777335,0.8708656932071681,0.0,0.0,0.7711300837382398,0.0,0.0
88608b4417fffff,2024-01-01,mumbai,22.915876232453833,17.06866228093086,1.8766342853372209,2.0963363963040553,205.16465248351474,0.2208105911175017,0.45090950365088045,28.337059266711407,49.286434407266135,0.6030042657301729,14.898923662293639,274.11229575425426,0.5099256596868564,0.08228641131496396,0.21204939362127045,0.40653335583441685,0.16991973091974027,0.8999521215105196,0.0,0.0,0.0396376010466483,0.0,1.2773653229604323
88608b4417fffff,2024-02-01,mumbai,25.273686757036554,17.013623759497847,3.641993169247954,0.7676204663936823,265.3416198279155,0.11149715513001382,0.2737804762329589,31.627464630801313,49.06921039723733,0.4706362970830273,12.595763572237558,1084.8211470584479,0.7657078033150739,0.005109643008704259,0.1736193338915132,0.4151022676423331,0.12268151815096978,0.8949835103766592,0.0,0.0,0.022241254332386825,0.0,2.5175590702829
88608b4419fffff,2024-01-01,mumbai,20.50150117634375,13.660936879266794,8.027420056964644,1.9601068172635792,208.4729830373788,0.17819718377029725,0.4197118358391848,24.152914818144765,45.8974489528465,0.7792147738281061,8.652306260446577,7.811462609588992,0.5965798335314639,0.02828717034253715,0.1760497730599362,0.3583939079898901,0.10883394252322393,0.8827106733746037,0.0,0.0,0.0,0.0,0.4629845821252053
88608b4419fffff,2024-02-01,mumbai,24.416844683441983,15.246692271720192,1.2254799214083825,3.860464712508352,258.80890392919906,0.15487701851064012,0.277989604910041,28.69617808273114,52.864120431127596,0.7111247123034544,10.030025117782245,179.90674527887168,0.5501591810874492,0.01616539282010078,0.156967960190671,0.42255955025027087,0.07471008908908135,0.8930349120691151,0.0,0.0,0.3261559582835353,0.0,0.5689536639949351
88608b441bfffff,2024-01-01,mumbai,22.220133850654243,15.631412966268663,25.24037722294123,1.7741340683710183,185.22023689361816,0.2289309013924297,0.4148584841235676,26.141019276536184,50.391881224771105,0.3201091737917367,1.4215293890621579,1280.3269054268485,0.5090580294838325,0.4160970582729712,0.1326235464583368,0.42167600228351754,0.07568382100316981,0.8411105376372192,0.0,0.0,0.12816711538966946,0.0,0.10900601176728054
88608b441bfffff,2024-02-01,mumbai,24.65520502543707,15.802713198978713,11.515572593700567,0.5,251.6591183099834,0.10472553253811749,0.3085492222132688,27.881698185310686,64.76098901113863,0.8396710695772439,16.260858136371134,38.60271395126375,0.10399806627605107,0.13872504641040947,0.18686523357441553,0.36915159809419174,0.06273856919093082,0.8562155178090605,0.0,0.0,1.278914590280218,0.0,0.0
88608b441dfffff,2024-01-01,mumbai,23.751687661951593,13.039622002452285,18.518495900932564,2.241594838817019,188.5714703126789,0.2425289713176524,0.32483369474902235,26.566067644535885,39.59453746417181,0.43937827774481386,0.11786587048854587,406.1423339112675,0.7672493658856436,0.17806129091439463,0.23441648401591364,0.44389270081208504,0.10436898349140843,0.8676502589512528,0.0,0.0,0.0,0.0,0.3943938115767188
88608b441dfffff,2024-02-01,mumbai,23.639932737794293,12.518227399141061,4.20823770394812,3.4276442200105395,258.106571961645,0.09554400361921249,0.24617643037144568,28.882925770515563,51.0497355496328,0.590441002453056,4.538179265073652,442.74707817718576,0.4532925417663346,0.18893485513187788,0.18961261255598075,0.43686909716484373,0.12007767953301207,0.8851537199200004,0.0,0.0,0.18085126352436698,0.0,0.022052938964976624
88608b4421fffff,2024-01-01,mumbai,26.164392996388237,17.005646329078175,1.7534076293154093,1.6580072696932149,201.32044740949425,0.20236439289929037,0.3051587876766231,29.343734509486456,34.927791386043204,0.5581490743646591,16.161374517693275,596.0904021891074,0.2948884448562118,0.13443147474517395,0.2242119136746543,0.46032721580742986,0.06857338143961562,0.8699699684468448,0.0,0.0,0.0,0.0,1.0305164869016747
88608b4421fffff,2024-02-01,mumbai,26.024261100989406,14.961480467909531,2.8274689288449437,4.4036209721582775,256.1281378641304,0.1222106641474488,0.26145529361798037,33.508370191622,56.61925817286914,0.6467776580934435,1.7022758156842788,478.7015295041148,0.35462776366879456,0.0018866419782760566,0.1321802938045411,0.3713168234975945,0.045940799546460326,0.8555106176975759,0.0,0.0,0.6268855051991037,0.0,0.0
88608b4423fffff,2024-01-01,mumbai,22.38687697256116,12.652529684899434,3.4694854599044866,4.635396549665639,201.54258100052772,0.1743419816874142,0.3960274780215134,25.907565020698843,52.200871903710514,0.27848964470303444,1.0633052740223903,90.9753842697645,0.4913293801935474,0.36324851263402463,0.14680562087988253,0.39924274980306496,0.07096962974609314,0.8617125948490492,0.0,0.0,0.27303981638402286,0.0,0.0
88608b4423fffff,2024-02-01,mumbai,27.145129675050484,16.818797350921606,12.613327436560116,0.5,237.9186499023901,0.1391158502449393,0.33703323883697367,29.580725126004356,56.08869470371567,0.5841686126751061,3.769973594780063,279.22488266754993,0.6353714035639673,0.002428414455647073,0.17113707782245924,0.3996496717115911,0.06652342599846651,0.8811375291101831,0.0,0.0,0.5843954229006905,0.0,0.3810498896020816
88608b4425fffff,2024-01-01,mumbai,24.10148522653735,17.156847114912615,9.399945677695333,2.3424487791137714,193.03570424018596,0.16052560770674248,0.41120731899913326,30.634918663456503,39.95075206079212,0.41492718664760025,1.8276049897440234,81.61692234830625,0.754249206586635,0.16492045735551267,0.1783134928192009,0.45638323236480527,0.11829018888634076,0.8616326197611798,0.0,0.0,0.0,0.0,0.12118644230641772
88608b4425fffff,2024-02-01,mumbai,23.93798772076685,16.725168488360254,6.553644541380059,1.0339559358447832,252.53878118505165,0.16260539893517487,0.23818378626568082,26.100969955189917,54.61621203386308,0.5263149438799394,2.959180186123842,386.67825081545635,0.6184835252643401,0.05411970913639327,0.19936688050489806,0.40202474294453183,0.07182183447344558,0.8962647607365767,0.0,0.0,0.46647190674747857,0.0,0.29043479717805304
88608b4427fffff,2024-01-01,mumbai,23.976751578936078,12.007878420741426,9.642669370183162,1.337177396019487,222.40099877275043,0.17174323219365148,0.42298866273091446,28.077437569018052,47.67883928330595,0.9575564108630239,18.585512815482595,514.3015161326468,0.6178727518310212,0.05271786856710837,0.1571229543533143,0.4337371867938959,0.08491903289555733,0.8896430414897535,0.0,0.0,0.0,0.0,1.8123905849273867
88608b4427fffff,2024-02-01,mumbai,24.540963116256,12.680667654691876,2.091814888550118,6.994042333065188,253.41919428611573,0.08985595941708353,0.29293105910400524,28.06725906169319,55.420034767887365,0.5980016391823658,12.072747222303258,24.794220114080144,0.10584100080730344,0.08552390707121976,0.13838079951223853,0.40029679241828464,0.08463985144361286,0.9163577217042128,0.0,0.0,0.5308459093084198,0.0,0.0
88608b4429fffff,2024-01-01,mumbai,23.260258168513865,14.818398593824574,4.972583582535189,1.0812187882648616,184.78721972542374,0.1990043440820371,0.42586745726369263,26.53874779502084,39.26462824924136,0.31298649163386155,3.8689263956077022,323.96299485497724,0.5257705689089488,0.20775168316527554,0.14871566477857057,0.4179881683811724,0.11182439433334995,0.9392919197965287,0.0,0.0,0.0,0.0,0.0
88608b4429fffff,2024-02-01,mumbai,24.248981426988905,15.357128758509477,36.798753504005475,1.5275472681988815,240.40611314212495,0.10355987817263372,0.2269499338589448,26.531294932862803,55.536190667106865,0.4972340279621949,20.32638980349731,123.24389041948307,0.17977021713494293,0.06118892581489334,0.15885587511727467,0.3658709293099608,0.05790802552771162,0.8931214103454229,0.0,0.0,0.5401482341088013,0.0,0.42543369434705086
88608b442bfffff,2024-01-01,mumbai,20.116192142044167,12.28801743240457,19.90902122508578,2.6873167080360574,179.87679245098434,0.19679056356518224,0.24350123339399982,23.374733285018678,35.90511108928709,0.37861935440586564,5.109203811784463,3.2064593839029376,0.7838947646077902,0.272848012444513,0.19337032178567384,0.37096152094094087,0.04835051250031989,0.8942293900382281,0.0,0.0,0.0,0.0,0.0
88608b442bfffff,2024-02-01,mumbai,23.256414903164444,18.145132760787927,6.967286980307451,8.075704628262033,230.26858192969286,0.09761857485299039,0.36175508421053004,29.82777194727398,50.694370478385665,0.40320481425187765,11.308439348036371,542.4456184925292,0.3339783812491257,0.1656675417340898,0.13111331527281345,0.38944476842356424,0.07655489346682667,0.8779555271959791,0.0,0.0,0.1523919141700586,0.0,0.24193154999912983
88608b442dfffff,2024-01-01,mumbai,23.72453081949386,18.083240791715966,6.217443089073772,1.6800077202435952,219.44393638262355,0.1892216518737312,0.3302737531535891,30.462120062207926,45.21828452175024,0.7903567145059331,24.727044082487147,109.9690862392704,0.10576669715863117,0.09891654687538626,0.17558331987429257,0.441419040036599,0.10350287082538141,0.8564533304815383,0.0,0.0,0.0,0.0,0.9666140820545845
88608b442dfffff,2024-02-01,mumbai,25.54590528944061,19.89352809051105,7.235024580794235,1.5573908913551147,244.11426814605943,0.16513660847263367,0.31152457932469846,31.456585500102616,56.44906511448074,0.590735332630977,19.885178013239127,377.90603363552907,0.6442960505756966,0.08917190351063548,0.19237102896808722,0.4259132421789122,0.1092688645579411,0.874280981006899,0.0,0.0,0.6132556239917153,0.0,1.9535131769755252
88608b4431fffff,2024-01-01,mumbai,23.200950422147084,16.80092412291116,48.87027856922562,0.7827956848254638,205.09034929911175,0.16334511545802113,0.3008997361065861,26.13650620501568,48.87002483336171,0.2787638710921095,7.389059905229837,171.3953006484693,0.37442681611367884,0.03437869191689864,0.17265470685813697,0.44086028605548516,0.0997748412524413,0.8762332767948042,0.0,0.0,0.006289513412050925,0.0,0.13327488824451336
88608b4431fffff,2024-02-01,mumbai,23.688897574967996,17.75092652296845,18.110366999876724,0.5,255.8976559129002,0.11999710227829909,0.2929364839986663,30.908742757468794,48.698387213353946,0.028772495066584237,3.2584606350076437,304.52760189152565,0.05547176019277543,0.009938009432372046,0.1562365145136683,0.4222498920156699,0.06259356020632603,0.9029976465115058,0.0,0.0,0.0,0.0,0.0
88608b4433fffff,2024-01-01,mumbai,23.229216961053474,14.790358668529741,3.5023319041665935,2.5046902025971507,211.14607412560167,0.20164570435066623,0.3650263027299679,27.825452392721147,44.4014761171719,0.21695653932441533,9.38845710740017,538.8539208268808,0.3004641602058542,0.20555788563039706,0.16091544957926113,0.4064098767227659,0.10393455143347889,0.8176667062944715,0.0,0.0,0.0,0.0,0.33049582330193916
88608b4433fffff,2024-02-01,mumbai,22.7326700114475,14.984533927998598,3.9080191534851942,4.257545104826132,266.06002087984984,0.06589735781575776,0.2701152369590508,25.614488892742173,52.7050567276884,0.5654144011803877,0.5447145310293434,614.3184461476886,0.4990477899165555,0.11901460352312611,0.15343493744967135,0.38383437418795324,0.029491679880277434,0.8290034475044679,0.0,0.0,0.31341736951374066,0.0,0.0
88608b4435fffff,2024-01-01,mumbai,21.163824872509636,14.725650902210493,0.9861299123330285,2.995210675738639,200.42523174803526,0.1993148038896926,0.4058835295946931,29.058546096408122,46.21497514785285,0.802805818723365,8.852900559742475,51.75683531306385,0.6286769960992215,0.2853049532323329,0.14607148942861828,0.4245868517346152,0.08822218831065667,0.8761054271375109,0.0,0.0,0.0,0.0,0.0
88608b4435fffff,2024-02-01,mumbai,23.435367182091635,16.438895397257582,5.399266229870667,2.7713026765181015,226.30474846093455,0.08232794357270787,0.28033810815557403,29.500831857765483,53.698713353318595,0.8409909133690606,11.549395611052272,310.13454151428544,0.35313687305815117,0.09975500656794266,0.1657598910115505,0.46252931010179926,0.02203227378446186,0.8690192974176313,0.0,0.0,0.39299418596277835,0.0,0.2002729791077171
88608b4437fffff,2024-01-01,mumbai,24.74313495069998,14.571387142494991,13.357816119476569,1.2112143127380341,208.5896608395693,0.24802807718357087,0.3614804506103125,30.28150863325638,38.06160368810798,0.398157388976819,3.1537522790190873,539.05563470533,0.7401492306211862,0.13179096919017913,0.21529169925725952,0.47338088696569636,0.09767382669733743,0.9128158635314915,0.0,0.0,0.0,0.0,0.6517851990065074
88608b4437fffff,2024-02-01,mumbai,24.9071623340938,17.926410648260727,5.575199815286701,2.706324874857258,260.7109136238589,0.10492368875094282,0.24411713812271793,32.549561828181076,57.485406875645424,0.395459727166741,4.170629781382382,438.69554537062186,0.28220936248863143,0.22270778471299138,0.13424484426257483,0.43278105745841816,0.07091611266366601,0.9205396763507191,0.0,0.0,0.6962508720275967,0.0,0.0
88608b4439fffff,2024-01-01,mumbai,24.30163757952642,12.410615741924099,0.4975385822304426,1.1588638074208992,162.99958165401551,0.16935171170442317,0.3268648134228715,30.01775430610666,51.076808597561126,0.21567893157010043,26.979872315844442,208.46866977083837,0.6548034116484605,0.04032912695064443,0.17635343756422997,0.4423263172868912,0.12111389456058567,0.8538963886717332,0.0,0.0,0.1830194038156289,0.0,2.6319190733067837
88608b4439fffff,2024-02-01,mumbai,25.303632823790966,19.76476592736978,2.1674304446865973,1.8143799849855666,269.68820308725014,0.11783131341057386,0.27269303400260464,28.221340599825123,46.24203401684536,0.6508676600682411,9.682258315981969,37.93974165474553,0.6360215248142249,0.07390686704155745,0.14385972039336517,0.424003629658989,0.09559272910840717,0.8991646585036049,0.0,0.0,0.0,0.0,0.4112307589558962
88608b443bfffff,2024-01-01,mumbai,23.448088843842953,17.968307997984272,2.1462199094118244,2.7212509174291535,198.43919041146276,0.20795908872735464,0.3731879676788305,25.452415637944572,41.15133966125919,0.6511805678130268,9.209771313503678,707.4611591199505,0.23653542958197946,0.08342734304455775,0.20626333140951486,0.379736302326866,0.08674710176684855,0.9147371316988513,0.0,0.0,0.0,0.0,0.3297732820832287
88608b443bfffff,2024-02-01,mumbai,26.049261333999386,16.787888655756397,0.9864179932751455,2.980156919090883,220.42946016334525,0.14291982205048184,0.24048474496259314,30.134368309426087,53.66048233710278,0.12335549104348383,3.464254504186588,103.82753361442958,0.28800638163833076,0.1660273775524122,0.22124669767144603,0.39480305830953843,0.06904918214071336,0.9054555763453067,0.0,0.0,0.3899324617397481,0.0,0.0
88608b443dfffff,2024-01-01,mumbai,23.55548206946447,15.064690267216598,10.646915032609527,2.571700123149943,237.4161578397394,0.27234926924178504,0.36545903987511447,28.317354825343696,40.61576659191192,0.6986403044116631,0.9543254758224848,230.087647533081,0.4461619222437602,0.21516604326242428,0.17924664739895402,0.41796648177615775,0.07377105464354304,0.8859496634514025,0.0,0.0,0.0,0.0,0.0
88608b443dfffff,2024-02-01,mumbai,22.670756273849385,10.935325931406148,5.11725848331754,2.9772527367046253,246.22276696324704,0.0730540818163154,0.2989144411105173,30.257799701839122,55.69871451184926,0.5537288039607889,8.231719691462017,1705.9499016676148,0.5345444201755871,0.09902778456741769,0.2474104535734265,0.4196716310371439,0.054305285355989955,0.8821939258966132,0.0,0.0,0.5531639276875111,0.0,2.1350476319100866
88608b4441fffff,2024-01-01,mumbai,26.094633434895744,19.796613408327573,0.8124410873135096,1.3116320514918485,205.1600919880226,0.18397927962823868,0.2767502574931079,28.55803130599707,47.98153188453648,0.5274757366645292,7.050114781294348,142.64519697744151,0.2120978562793715,0.6049212878256608,0.21516575169680693,0.3951753949070337,0.09243025731763661,0.888517858507455,0.0,0.0,0.0,0.0,0.0
88608b4441fffff,2024-02-01,mumbai,24.089021380544246,17.807468082659646,24.24666368877462,0.8638995844787803,261.3193753446523,0.18627298550443508,0.30836450797722414,31.102381627866993,54.810690251936016,0.1259036600086465,23.401046740962137,550.4282855562038,0.11413247087306866,0.3473751232915029,0.17296576336985087,0.40149538817009134,0.07968451039596652,0.8739599497624115,0.0,0.0,0.4820466607054775,0.0,0.5211121251548707
88608b4443fffff,2024-01-01,mumbai,23.88801325103649,16.359009405582817,3.069878636396026,0.846482533701675,213.88343887087981,0.2236542321231867,0.3294018648128498,28.10986136483121,39.56854404761204,0.3885925116561899,6.1989640637893935,126.15478970235453,0.7970080920238427,0.40059119152349126,0.17649309385562964,0.4185103965371647,0.09671901122777886,0.9065060144879012,0.0,0.0,0.0,0.0,0.0
88608b4443fffff,2024-02-01,mumbai,24.707362152398897,14.107274715829126,5.97015823470323,2.349780517887106,256.47903221546176,0.12506110555015137,0.2864808349076228,32.12456106284048,52.895577633625244,0.565633434755144,1.4840160913429026,151.67930512744692,0.29786861807875187,0.33512217497502317,0.20075599651474063,0.407319802382719,0.06738551480058509,0.8769723757757971,0.0,0.0,0.3286752028239394,0.0,0.0
88608b4445fffff,2024-01-01,mumbai,22.625400985564127,12.207875613165804,21.570832574457842,0.5,210.328000846525,0.19473217803938328,0.39597022039236784,29.614219290079962,41.71916582375753,0.28005755292904483,3.4408507620326154,723.6793435680266,0.7281081440812354,0.2520948057920792,0.21164022966176999,0.3696245716272502,0.12207699839994346,0.8713249786654274,0.0,0.0,0.0,0.0,0.7059222444895698
88608b4445fffff,2024-02-01,mumbai,27.376638432386958,18.3269499387637,12.179606357297668,5.296884642314816,239.08573170507537,0.08790338426426109,0.28429108443748374,32.47393079823787,42.80936152886949,0.725556477719176,18.425828427358134,245.2705278046069,0.11345025381607997,0.20840461519131512,0.17165890720838964,0.4316385960118955,0.10856569544444802,0.8966711999248577,0.0,0.0,0.0,0.0,0.12761311272228526
88608b4447fffff,2024-01-01,mumbai,23.817542992670422,15.694718253337337,6.450966637646807,2.7640753718905104,215.17627942893733,0.22985174666562136,0.29061603866761077,31.154028998020586,51.4236915811313,0.7449111092359116,2.1512895408657045,672.7681028960394,0.30710081763881025,0.23163900501894838,0.1645591085501736,0.43977199361890257,0.07423491660449583,0.896088207132952,0.0,0.0,0.21079946666717145,0.0,0.0
88608b4447fffff,2024-02-01,mumbai,24.94329789161466,19.666465164577662,9.25695656401011,14.769227223752091,268.30268795166273,0.17287632570373831,0.3264316456521602,31.430623975971272,50.95619196712194,0.8597216433230771,7.159803301823251,239.20672767734632,0.390904320604254,0.008728591383750104,0.1332969529396575,0.39615316098011366,0.0840531422791299,0.8582835239650329,0.0,0.0,0.1733598421385018,0.0,0.17733625523845958
88608b4449fffff,2024-01-01,mumbai,21.45335505053206,13.160112210943044,2.248222034037007,3.911946819043397,198.45688294521085,0.18177190450691363,0.2859840398435202,25.640998283557636,51.81377366313085,0.5681538904728235,1.7720573504674322,477.30869809296894,0.5318907697928701,0.3644069295164743,0.19928480237455554,0.41226050776296114,0.08991265707382434,0.8858812874708388,0.0,0.0,0.24203912173377962,0.0,0.0
88608b4449fffff,2024-02-01,mumbai,22.887385876706823,12.860956004636465,0.7893351843299987,1.65985930563938,280.6313889598291,0.1422622149819948,0.2902729685810742,27.53463250098166,55.52740890796313,0.6665514471178097,1.8293040121026123,498.9367677407699,0.4526517758213313,0.06431673469245407,0.21973961258717586,0.41698576553090383,0.10180377606054485,0.8581695236989504,0.0,0.0,0.5394449484692196,0.0,0.2848062274189219
88608b444bfffff,2024-01-01,mumbai,25.160251445379004,19.196220645155464,3.605348415138498,1.8336749392579357,196.91281540637885,0.20893281094241073,0.3792981375068689,30.91515443966489,47.89134228619921,0.5720837994367992,0.9377626712774996,74.80428280383519,0.35981291039806823,0.03450047780822244,0.21053183761727406,0.46112400683277227,0.09321670516496568,0.8390991236020806,0.0,0.0,0.0,0.0,0.0
88608b444bfffff,2024-02-01,mumbai,26.49704741390435,18.386726443087205,9.013255205846013,11.272941812847943,251.409549695112,0.15157439559856184,0.3039234478614067,31.734662966476638,50.847125848283724,0.5621738090147644,4.126127329408368,1303.809539690659,0.33564184021751775,0.038922464972755456,0.21837616871570892,0.4717124041059537,0.055854514648296286,0.882967188468544,0.0,0.0,0.16462530115550084,0.0,1.0356876433409379
88608b444dfffff,2024-01-01,mumbai,26.437174969110274,16.859989573989033,35.52261093170617,0.8886640614717407,191.5998578431677,0.20115319169698323,0.3487367225165186,29.620667180253214,54.544621007011514,0.04020651098755923,17.687194764399464,481.30975814076106,0.6313556911735939,0.003720725239273454,0.1782467630617611,0.4792885151007207,0.17283051083366063,0.9361931617750293,0.0,0.0,0.46073855192830043,0.0,2.062488492571017
88608b444dfffff,2024-02-01,mumbai,23.56371040695561,16.846316465341744,4.012439349140702,8.62086167336222,267.1347680118516,0.1409632857317022,0.2632010166258268,25.730717500233965,58.5521914499282,0.6298908695580578,9.52938731914403,125.5906872643399,0.7229212118079914,0.13519002617281567,0.2046572042265891,0.3420917861883004,0.12657107936611162,0.8536725911581136,0.0,0.0,0.7816841274084745,0.0,0.8900775764254434
88608b4451fffff,2024-01-01,mumbai,26.34608178030681,15.462815678554428,3.8167088207154363,1.8855391190057906,225.83542136849803,0.23835149612768752,0.35684163408211617,29.754330416965125,44.1934647038137,0.5139188655928398,33.39994406853362,166.15029498120282,0.2988460586276153,0.08245171904928635,0.22170423770999081,0.3546239370942513,0.061798278362368536,0.8868826021511735,0.0,0.0,0.0,0.0,1.9938795016561597
88608b4451fffff,2024-02-01,mumbai,26.110952093463375,19.040097010614346,4.931570738264557,3.52243280276662,245.0868162712815,0.09823906378345318,0.21478380458377894,30.146301762185452,46.86289066810515,0.15138218284026667,11.11475322054407,28.94267882857833,0.2513475275710245,0.35917388768788433,0.1865933055599127,0.43676242210866256,0.07359153959684218,0.8227451592001915,0.0,0.0,0.0,0.0,0.0
88608b4453fffff,2024-01-01,mumbai,24.394434026240084,18.66102636888162,4.734561088129398,2.954653524783459,202.00638848316163,0.22646301763795232,0.3799524803292552,30.328997670240287,45.054953879345284,0.957275747307,1.0282064878219237,122.75665388073983,0.14528045670750164,0.15178244399954408,0.1620828829749164,0.4409104059926575,0.03201767194912733,0.8796155909795146,0.0,0.0,0.0,0.0,0.0
88608b4453fffff,2024-02-01,mumbai,23.95460996347096,16.789530050448242,2.161560359064941,1.2600303648043258,233.01703041371866,0.19136575978893028,0.2473867541093887,31.112452858452244,61.784065896943964,0.4110162423246113,13.702906994291864,182.28626119635655,0.4496923169250259,0.37670010260203174,0.12489926809823163,0.39082460243196526,0.09113094456880387,0.8029156326130683,0.0,0.0,1.0405082252132865,0.0,0.05469507759860085
88608b4455fffff,2024-01-01,mumbai,22.41728058331721,14.687762748026053,0.9982104906239148,1.8003948174778388,191.3588383578056,0.26119269952390217,0.38642054710863416,27.03114966608745,55.745671302219606,0.8070424483514166,8.953687654212764,164.36084882972182,0.25772231135277474,0.3512626000980013,0.17380195787717723,0.42565038721650533,0.09235763513707661,0.9134869106878322,0.0,0.0,0.556924454002089,0.0,0.0
88608b4455fffff,2024-02-01,mumbai,24.952091123641516,14.571503130993856,13.900209117811732,0.5,280.15976396335594,0.13670334055374644,0.3080204111018252,28.232061877763677,47.818369912484776,0.6782630874489589,0.12559611104217575,118.42818870586623,0.20568225405183255,0.07290261403811202,0.16621076632962634,0.4041981565452393,0.03822357774347465,0.8795891892685244,0.0,0.0,0.0,0.0,0.0
88608b4457fffff,2024-01-01,mumbai,23.518521261805375,12.038384041149863,0.6122486618602414,6.999063826200654,211.58821409150553,0.19516280769923125,0.28762491757133035,27.403302571892116,45.94758339142936,0.3008588941126408,16.099941172580778,128.23987381220277,0.32942152056622775,0.22870438475128252,0.11854835155569737,0.4315870235593931,0.1315478071337326,0.8452225964629274,0.0,0.0,0.0,0.0,0.33831549334796046
88608b4457fffff,2024-02-01,mumbai,24.282937511437204,12.732123512868853,6.609503332020844,4.969534943766654,281.31447373040623,0.14374813408571255,0.2563915861079524,26.710852794253174,53.75506319255174,0.590841797280352,29.942032319010618,281.4731392829878,0.22288531449797508,0.1357890095127531,0.16206022689867466,0.4162314166969401,0.08074240049038911,0.9181805827813917,0.0,0.0,0.3975069529467902,0.0,1.372749600767219
88608b4459fffff,2024-01-01,mumbai,23.134368811058962,13.628654022539878,19.279140779221304,4.541537943029796,182.25437460984023,0.16027125033735476,0.3406481699724482,27.524321664533336,46.34757776991365,0.3868542977142368,0.5566211682734943,1140.8668101639962,0.4440415397580411,0.05480558208014623,0.20700753005200384,0.47848762440880754,0.14476792953714762,0.9332223396096835,0.0,0.0,0.0,0.0,0.7941336948927031
88608b4459fffff,2024-02-01,mumbai,23.8961993257957,17.91399209281252,13.865940479921488,0.8835536271050055,273.2392505302088,0.13498502613177002,0.24791469273417374,30.092713244545042,46.77451359415969,0.5729544565482739,3.026412686098098,280.3348502207637,0.06402094281145769,0.06448980080601674,0.16712792643199018,0.4366377221077822,0.09979407668268969,0.8261101396234933,0.0,0.0,0.0,0.0,0.0
88608b445bfffff,2024-01-01,mumbai,24.887574339153176,16.140608329195825,40.527471916091685,0.5,184.34768765316159,0.1736158598981793,0.43210453703860163,32.660279604884806,42.452436550103144,0.21382122299586243,0.4430189582162736,487.7787716192357,0.21468994328570673,0.14603446727918798,0.18390826415179504,0.3881179549044509,0.09051656068365782,0.8213428520694712,0.0,0.0,0.0,0.0,0.0
88608b445bfffff,2024-02-01,mumbai,25.955041097789124,19.551502795463012,0.5638764758655873,2.8853518679014645,225.99873680329054,0.10129885176489213,0.23053001322056887,31.585461227062726,56.86920182122123,0.49463805563183294,3.131938579658399,493.28578626605963,0.32161868625138357,0.07081933333408355,0.16829720152627212,0.4418754172821575,0.10271889063477596,0.8622811350083173,0.0,0.0,0.6469021984052736,0.0,0.0
88608b445dfffff,2024-01-01,mumbai,22.9125241816959,16.80604730617039,10.466653639226678,5.7208193044887246,207.8534844017966,0.24838095339510788,0.37225297551149894,30.83651230864716,44.643971790832396,0.38161815376545083,15.488973397171222,451.5278622711913,0.19163643185826798,0.19495581721532965,0.2004509753453725,0.43955317057018134,0.09466215792012565,0.9232548780740043,0.0,0.0,0.0,0.0,0.2241579896833246
88608b445dfffff,2024-02-01,mumbai,23.115776686704045,17.256551431024086,13.912710716838442,0.5,266.73199685537486,0.09010836176104223,0.25634011250154703,26.54136788254053,42.79735585106195,0.5673196157795083,1.5874520617415655,450.65412323817566,0.44882229730967677,0.3491760856097499,0.22320363665504414,0.4178187997464452,0.08041519171862335,0.9148443810965579,0.0,0.0,0.0,0.0,0.0
88608b4461fffff,2024-01-01,mumbai,21.850606310127734,13.763603261215662,6.2893536416222275,1.1174896442103055,209.83925871060336,0.1783532955727846,0.38436343563200076,26.748614054018695,31.528445848874163,0.4860751551557446,0.17709024877056856,36.21802012928233,0.440199331044105,0.04642763850948623,0.1656586780955361,0.4460587209028972,0.0672355046440247,0.8764842280000459,0.0,0.0,0.0,0.0,0.0
88608b4461fffff,2024-02-01,mumbai,23.516221396519274,17.60273548613049,20.286140812306556,2.3478369562524466,236.21784696278746,0.09350731437361395,0.26935817041403814,26.906596761833192,47.607545678176834,0.615376344329153,4.689182868883641,280.47455916432017,0.19830093111803868,0.14139200493001697,0.14354967719934586,0.35031854779567284,0.0726331045193298,0.8952041721069587,0.0,0.0,0.0,0.0,0.0
88608b4463fffff,2024-01-01,mumbai,26.573868259133214,14.756645841273759,10.337307737970338,2.440161282162922,205.05100619508016,0.22384142016474987,0.4017770640354297,32.378311538580306,54.32946667071832,0.2538424245605507,11.312511835511694,523.2414607468565,0.4095127476827869,0.15093557924092046,0.1637415474561766,0.426546322668168,0.06296295737331659,0.8887760082615473,0.0,0.0,0.4435079546718694,0.0,0.43305944581275524
88608b4463fffff,2024-02-01,mumbai,24.481843699845,17.442428275267712,12.06610584080154,1.2825875350318057,264.06427811576975,0.12515381172195814,0.36372612724826586,29.946329738120422,51.81002455328464,0.45372947345718717,2.3637935910080525,355.708275969804,0.4108148160524014,0.19411394436911028,0.12118603434379449,0.407496254972959,0.10031143159937875,0.8921962298125489,0.0,0.0,0.2417388749298193,0.0,0.0
88608b4465fffff,2024-01-01,mumbai,22.341902500863192,17.330678975524073,11.801108906633536,2.042898419037295,202.49386725352227,0.18940336242806824,0.3372659115644431,24.9616277317796,43.6145158409483,0.4904894359754209,14.193884935081002,180.7364642048596,0.0836765914201345,0.46319116948094996,0.22466831346678048,0.42725847562807556,0.1643628040639945,0.8782768175679091,0.0,0.0,0.0,0.0,0.0
88608b4465fffff,2024-02-01,mumbai,26.32744257607231,17.081920949513815,5.071943548787747,8.860489633656837,283.6125026470407,0.12803945116573578,0.2800643314771192,30.28193972071459,60.908422184667785,0.12034798286964922,3.9008649999969562,123.42569417940139,0.14659699795961847,0.11605265295232889,0.17948056170751422,0.3921794953109698,0.10199884453767828,0.9174671615883386,0.0,0.0,0.9703824522156347,0.0,0.0
88608b4467fffff,2024-01-01,mumbai,24.70336355410043,17.488133075619135,17.18149588848885,2.3778502789522005,200.73286963003886,0.15509296511150275,0.36239859459131596,31.60334780718035,44.29241644143698,0.7768556732950088,2.0814710247865524,478.58492403536104,0.24960853851937062,0.10554733615192685,0.20428773426086874,0.42734107406465566,0.10892395541792911,0.8864279807667905,0.0,0.0,0.0,0.0,0.0
88608b4467fffff,2024-02-01,mumbai,26.815052095281303,20.216342730537026,7.761021382018193,3.8505386504856105,259.1934051813216,0.10314731269665704,0.3084931868151466,31.553560865534532,48.81870384215026,0.5430785754211613,11.660803398192053,13.285844493776189,0.2215693116095588,0.14671654248637175,0.14197006950610097,0.433456784991497,0.15162041084912709,0.8187388235411311,0.0,0.0,0.00217948083915253,0.0,0.053003939024723314
88608b4469fffff,2024-01-01,mumbai,24.867883274034646,17.310982895176352,7.824798492252526,6.100334703766837,184.35792757245918,0.24318593600906532,0.28791084761323305,27.90245812914337,38.417758110672196,0.31065948977258795,25.35490287143076,891.0186875037157,0.257799216291115,0.15225697047955228,0.16363920971523468,0.4313211952959827,0.07168040751855928,0.9148894278530096,0.0,0.0,0.0,0.0,1.7089320125175755
88608b4469fffff,2024-02-01,mumbai,24.88988217612116,16.098644230320524,0.29902042086110514,8.83052874006091,241.53076790978776,0.12919792930976465,0.23333287306264575,30.29013137143499,47.763417554171255,0.40274026734771057,2.3176273705437085,267.3902926440069,0.7470188629952776,0.08721373781811055,0.14473755131978344,0.4009888817570763,0.12766520505508847,0.8811850467521803,0.0,0.0,0.0,0.0,0.3940912638123171
88608b446bfffff,2024-01-01,mumbai,22.307753393153785,12.944457221377515,0.8078571613379449,11.782246631995857,199.98476648244232,0.17748294999039776,0.2770072867780279,30.121933374859932,44.58705992239925,0.16550535961850193,25.19129906172831,92.88470982359846,0.0607542442597146,0.23917039675454413,0.21172661556081485,0.4390518064182566,0.09327936520053792,0.852566418857758,0.0,0.0,0.0,0.0,0.5883559057648968
88608b446bfffff,2024-02-01,mumbai,25.336267449368837,16.341130450140117,19.703016089114264,5.939188381072212,248.08731718482926,0.15620640512328646,0.3396811178423116,27.527378176419095,49.31163231531409,0.506504913084866,10.11013939868834,62.79895158071107,0.4188941936106676,0.2327480349319596,0.1979505241868973,0.3752657765647016,0.09228582714564056,0.8841937982845538,0.0,0.0,0.04165557108973089,0.0,0.0
88608b446dfffff,2024-01-01,mumbai,24.501279215910355,14.084984368530195,27.990284412823215,2.862308390711941,219.6460076002881,0.20494115091820844,0.3828017739758978,28.798052181916262,44.30244121455315,0.3779839333754541,5.179022965760325,181.79762993544384,0.7944122828103041,0.030596447545886297,0.15396006320724312,0.39878418225817097,0.09263142455118831,0.9162319419252234,0.0,0.0,0.0,0.0,0.5436928889236375
88608b446dfffff,2024-02-01,mumbai,26.79343522601792,18.414285365988825,15.072437457548624,11.32822904314393,246.5604230349938,0.18110612422382816,0.2883194196002114,31.694817907056894,57.76635900002193,0.7174670912230213,2.9950058767407377,980.4795298020135,0.38698062769438263,0.24107002440391623,0.15718031632997537,0.42756674311784576,0.09794576361186186,0.8935575773383556,0.0,0.0,0.7187508735933257,0.0,0.03984583863737912
88608b44a9fffff,2024-01-01,mumbai,20.845807252193364,14.68381919070944,4.527355152319929,0.8352971631408053,192.82722948579067,0.1286148097144926,0.3118321329366509,26.146712829680766,46.51742196250853,0.6573848085740062,10.563171238735972,64.25020664358888,0.3169862712751264,0.15281890781642368,0.15979352292822577,0.399403389466999,0.05791985241507234,0.8784440331546296,0.0,0.0,0.0,0.0,0.0
88608b44a9fffff,2024-02-01,mumbai,24.313424011246145,14.469090084132473,8.638821582757823,0.9366644830497489,247.30070874773944,0.1221876120756348,0.28899176413238675,26.452227758656626,57.256972453893844,0.1192421375682666,0.6113925237951966,22.1818657639335,0.24370761246507594,0.08455334959693095,0.1865026544131667,0.36825990146083537,0.11188887508540797,0.8368800694455595,0.0,0.0,0.6779567414582578,0.0,0.0
88608b44adfffff,2024-01-01,mumbai,23.667453919812502,17.093155187303164,0.9682307236065437,4.391442351544011,188.5253249042629,0.19097240988087089,0.44671775252287105,25.824738931682862,42.39606664515273,0.7619576930842894,15.09876096051319,98.41360354977745,0.3523113303458325,0.30250426177673867,0.2116388472525124,0.3878091803672652,0.10701570742114218,0.8864991565621161,0.0,0.0,0.0,0.0,0.0
88608b44adfffff,2024-02-01,mumbai,26.239037820942368,15.90160007174402,6.592887806107602,1.6985695699809276,237.9794773848744,0.12223146131887637,0.2777874450830046,32.669181744318344,55.57855144401728,0.7802703233688144,1.3383002271297384,182.50507707590552,0.28746665581268444,0.011805512084548407,0.1487250411097012,0.3600169428114502,0.010972285135564364,0.8702975993627076,0.0,0.0,0.5435406894921692,0.0,0.0
88608b44c1fffff,2024-01-01,mumbai,25.843921887740432,17.904501015239294,7.4805949372978855,7.9386755433593414,206.26694566616567,0.23095523059623857,0.38749667504083635,31.75091268997643,43.211558317969,0.3968324124994755,13.62178194144672,190.89592393384706,0.17935446497379323,0.0013612144694811778,0.22122915203252216,0.41334856397319253,0.0736347940807339,0.8894875162876403,0.0,0.0,0.0,0.0,0.34041316563648666
88608b44c1fffff,2024-02-01,mumbai,26.437630131466598,18.169442446167956,18.095226642250907,0.7210758047122188,278.43143063921144,0.15211855395027168,0.343296733137546,32.362714957710196,58.07986152312547,0.350494147090816,7.90960255955564,507.1892978428551,0.7617508291063112,0.3272172012862218,0.1994862932325559,0.45929969327767334,0.12108616814370268,0.8555045553751686,0.0,0.0,0.7438576681276031,0.0,0.825471797823933
88608b44c5fffff,2024-01-01,mumbai,22.540088799783437,12.918664981588979,4.748936446776372,3.832563892391975,192.14244889862275,0.2183184193045225,0.2542976809130934,25.872768788946765,47.46147923087492,0.568766802805306,16.75395426674165,35.87392274158026,0.7855174071451061,0.14986448808595754,0.26375097655089497,0.4196597300177362,0.10805430636222585,0.8523714431874873,0.0,0.0,0.0,0.0,1.6617597032235187
88608b44c5fffff,2024-02-01,mumbai,25.771677289292626,18.601585662302504,5.965736221981909,0.5,252.1759009723455,0.12525417179449772,0.19425705425999817,29.64377569840915,59.723087386954035,0.2939432549792189,11.338137656306078,356.4531700702556,0.2845584672849026,0.11530684463962378,0.20628856042299837,0.46503125509428395,0.08071690382036859,0.8259929358689184,0.0,0.0,0.8754551230001708,0.0,0.5429579353669421
88608b44cdfffff,2024-01-01,mumbai,22.595121350974086,13.655802298618834,0.9475273072721617,0.6396094846257933,213.06611293125664,0.1780236099856462,0.35761747477395317,26.96452595914642,41.04385027770704,0.37767237346279053,4.848832322870492,77.42179137921401,0.2484104287654597,0.09986562291863224,0.20482117984938067,0.36732183199318,0.08596000776524634,0.8739890531139398,0.0,0.0,0.0,0.0,0.0
88608b44cdfffff,2024-02-01,mumbai,26.17324907247123,19.140221982816904,2.0697706566667886,0.5,236.26366225237757,0.11863593608507556,0.2263296817892086,30.42540127453978,48.782170495961736,0.6425836097862322,3.28706557667811,422.238604364028,0.7795524781415348,0.026968032974976706,0.17405971798893932,0.4804820988430867,0.09003002637185678,0.8659253103738832,0.0,0.0,0.0,0.0,0.959942365553104
88608b44e1fffff,2024-01-01,mumbai,23.66636705768159,15.824015920183173,3.310260521332784,10.59535880110655,190.26218582350808,0.19813525623600048,0.3442102002032838,28.265044146749787,47.08324385540408,0.6607869615565466,2.105653915886531,903.1025064782857,0.43112089645574586,0.16558803389845986,0.17073716824387394,0.4510551395741374,0.052238860205732235,0.9068751791898665,0.0,0.0,0.0,0.0,0.0
88608b44e1fffff,2024-02-01,mumbai,25.832925916106152,17.690819650216206,5.504336634865061,1.579518559718451,246.72431192699486,0.1498056645167713,0.21970463592709014,29.079735422230037,51.412029249702016,0.759288123233686,4.649790245279694,431.1867336803757,0.4365664869066543,0.3473403564766676,0.188136509192365,0.4023560549470539,0.06320765540636027,0.8806010876259992,0.0,0.0,0.20986549090172263,0.0,0.0
88608b44e3fffff,2024-01-01,mumbai,24.49605100926668,14.969321110611402,21.913854078304066,2.6431585920227465,196.72395460322963,0.19268809728215497,0.4042231386701391,32.16809660242173,49.51781137698364,0.3890413723944212,2.7365689337091537,285.3848331804912,0.3484012744201212,0.28716689875259477,0.14478060418325622,0.45837340839077056,0.09349220366406913,0.85981634590478,0.0,0.0,0.058167385053338676,0.0,0.0
88608b44e3fffff,2024-02-01,mumbai,23.966693719709127,14.761999022361458,17.406924660199582,5.827228919205307,230.71858230645358,0.146197895607074,0.1409071779334512,26.531530887671078,55.26066155328005,0.5637974538898486,0.8852207038474855,293.7583715979515,0.09748563760575173,0.01749301955000787,0.1769277593864543,0.4248672449575642,0.09596006211357226,0.8744341353085486,0.0,0.0,0.518082533391054,0.0,0.0
88608b44e5fffff,2024-01-01,mumbai,25.322089864268598,17.063692791297846,10.743216098060305,0.5,211.7872088245134,0.26869765512696286,0.42871998344762235,29.9357843263956,49.94127667201286,0.5014375856902858,18.17198868116692,217.79319458925875,0.8705942359793754,0.04966642700113644,0.1436416592921138,0.3999757889227951,0.08405057582404618,0.8757741433841162,0.0,0.0,0.0920805288757396,0.0,1.945001656982332
88608b44e5fffff,2024-02-01,mumbai,24.410974412274506,15.205221903782036,13.12057906407225,2.811550012726417,274.0131184368096,0.17833136219634077,0.2714110871073861,28.98938839737434,48.10916603343372,0.7734553709403631,16.656510047402357,176.87099951194034,0.5786742481257781,0.27594324136439896,0.14084314111313612,0.43882566211214574,0.04389783464620653,0.8160358803836107,0.0,0.0,0.0,0.0,0.699357377547632
88608b44e7fffff,2024-01-01,mumbai,22.14461116628517,11.423032992781835,4.993218993621634,1.9995698109999172,199.8573938093089,0.18035663461255114,0.2844602539197853,27.534889201546513,37.54406490765391,0.6738174324873097,7.457083217023633,508.9688233427864,0.5378028779042071,0.0558732998788533,0.17559805590442726,0.37366141711609113,0.10018285783308828,0.8287383332072886,0.0,0.0,0.0,0.0,0.9570209183709055
88608b44e7fffff,2024-02-01,mumbai,27.16546254803938,21.160579301543294,1.2216477808746793,0.5,258.35635604449703,0.10474243216067641,0.4069651990758757,31.278002102355494,49.87020215527521,0.4446237945271284,1.1496423364432948,168.22109489097414,0.7846418201076211,0.021487799901183647,0.1519273628947347,0.40419090308927563,0.09303073282211122,0.8632602108974327,0.0,0.0,0.08638853867837219,0.0,0.4001230926221168
88608b44e9fffff,2024-01-01,mumbai,23.37983429311485,12.316239042090272,13.321164279948325,1.0136499895510234,195.43313523570174,0.19133682865602153,0.38846882249357095,29.997525572991993,36.545706802795486,0.1636686821884686,4.3533123746478575,99.2760470868115,0.711199095405666,0.4061642438080875,0.166561177613697,0.43205178631062663,0.09852106074013203,0.9226198850899024,0.0,0.0,0.0,0.0,0.0
88608b44e9fffff,2024-02-01,mumbai,26.454119447537945,18.281246640383564,3.7697295185972717,1.5188088023012345,245.3762414617364,0.09575796333447847,0.3099962540863754,29.750421005475182,52.47878259366502,0.15585653442246228,19.488889873096984,689.886256642375,0.43734359331354256,0.11517865699085304,0.22498444718130026,0.4382568097867298,0.0978783692646417,0.9159376312981324,0.0,0.0,0.29529624520792275,0.0,1.6690683417857441
88608b44ebfffff,2024-01-01,mumbai,21.832013383526764,13.297578551408208,4.660271069096992,4.376997703579705,211.9565650762153,0.1792732825138623,0.3578038690766278,29.50417890903905,41.82691702921757,0.788681063512276,1.6184989014318643,223.04461269721853,0.39395692861024595,0.3043015352946699,0.17645006085704076,0.37370551192539114,0.07476915472049746,0.9013277595831256,0.0,0.0,0.0,0.0,0.0
88608b44ebfffff,2024-02-01,mumbai,28.151824334167117,22.96862481423699,10.618898901037008,0.5324885684253219,261.421623043107,0.16059107470112297,0.3120015462789359,33.05826940244302,45.107820369037135,0.5156284203425814,0.4270329708076026,278.7632571607965,0.6506796634919048,0.22414543629095224,0.1382258010774739,0.40114637541580733,0.08178639820397335,0.9059249547027103,0.0,0.0,0.0,0.0,0.0
88608b44edfffff,2024-01-01,mumbai,24.000233529959566,16.94576164011479,1.422620671301825,1.5511198502116326,185.7966876184909,0.20350609423624075,0.4075115347866249,30.712505672079445,36.595780350019425,0.7192829690299003,5.444357691899839,328.50323656068133,0.4168933876767642,0.1460318919084184,0.19640372747617726,0.4369385640208492,0.12248883037352098,0.8696498319284576,0.0,0.0,0.0,0.0,0.09791422737307655
88608b44edfffff,2024-02-01,mumbai,25.608516177036016,17.3381636780514,8.707387910362488,1.4824436419535958,221.87126013334017,0.14156182338005885,0.23095454750742853,28.06456598209298,54.50179092794171,0.43538034920881186,5.22228138529495,140.72887964191924,0.21100784480232812,0.5227007912394876,0.18137117651986168,0.41020139920960147,0.01619872422037326,0.8435165745613232,0.0,0.0,0.4573085125638733,0.0,0.0
88608b4501fffff,2024-01-01,mumbai,24.31783590301017,13.691024621423201,2.9695044903154604,1.8482683813351466,203.48845648029413,0.22369105071696835,0.28450908247831475,30.268205861425667,46.24400693149654,0.44478308962445073,8.072408503675629,85.95629764340384,0.15115968407530417,0.06384756611973685,0.15338026664794985,0.38257274775804895,0.1147573482396841,0.8851233459360421,0.0,0.0,0.0,0.0,0.0
88608b4501fffff,2024-02-01,mumbai,24.261123397559754,15.3668807919664,4.773720351226159,8.148295725235332,269.56527158347086,0.14098599580358567,0.31034406328576536,26.375184094976724,43.58998759303374,0.1985110809712375,3.6762077768176873,211.29063658663875,0.21890815067105995,0.06169741230785073,0.23006186598593514,0.36810127278183424,0.10321857925284694,0.8771564660314137,0.0,0.0,0.0,0.0,0.0
88608b4503fffff,2024-01-01,mumbai,25.206570630428708,15.088059552164452,7.803372001887803,8.37388047121166,214.30508217986213,0.2118872594835114,0.33812238199617545,32.77599993092001,43.72078105039327,0.5203386893257195,0.1364775141644112,82.57658776583402,0.8182049065889112,0.0667447666516854,0.14376575405110648,0.37818658412014733,0.08893942682550157,0.8428612936430155,0.0,0.0,0.0,0.0,0.1863015471594612
88608b4503fffff,2024-02-01,mumbai,24.671292829627962,16.107274166231523,30.15626680782909,3.0332144037801596,259.09458564424415,0.08758073419027027,0.21755418187505476,27.88042374103108,52.49223077941764,0.5391873251847936,16.787469207535597,108.79459029298337,0.2934926150848035,0.09847626743149467,0.16984350651761246,0.4095130622832216,0.0714138649132463,0.883544606921383,0.0,0.0,0.29637324080338845,0.0,0.38379759252446266
88608b4509fffff,2024-01-01,mumbai,23.55138362192049,14.87334834088678,4.752584851261578,2.3362942753658236,197.92534176713613,0.23845284744416262,0.40444784105797005,25.870762641689296,42.83327370161151,0.6705316986788684,6.101387576950983,98.39878879633457,0.5999804253353543,0.07128936111689015,0.19745067566347443,0.4631106321832583,0.07239575173038985,0.8583254333833154,0.0,0.0,0.0,0.0,0.3550709605904568
88608b4509fffff,2024-02-01,mumbai,25.71594556932342,20.489501157433832,0.9730345882999315,1.6193874831839106,266.86408124961906,0.1559469312372914,0.332052808879041,32.88522217056361,60.46739792794173,0.41836311402460763,8.98822002477953,560.3097755583015,0.291524467790174,0.07180192958691528,0.17336483228193017,0.4317875314720113,0.13499965412484885,0.8733943292628977,0.0,0.0,0.9350631020278327,0.0,0.5896357642886474
88608b450bfffff,2024-01-01,mumbai,23.615559351707578,15.66894297169448,35.49037034638427,2.9194939744058552,210.06324176747128,0.1754330297750859,0.4333552794279863,29.11599600981909,56.204506260868754,0.6434541790567598,13.943647249887224,102.64652238990693,0.3155860417142534,0.3516747851846303,0.22978438464372428,0.46956445700897065,0.04406474133519023,0.8451650361751809,0.0,0.0,0.5936701711271248,0.0,0.0
88608b450bfffff,2024-02-01,mumbai,25.409621812286,19.208217154290814,37.62041341266095,9.239143491830646,287.0620042346778,0.12665929033155457,0.2714387351224921,28.71932659825308,53.81640434649689,0.6150880359652016,0.5095295403772288,78.22232412048486,0.24104918201868072,0.03326078868223607,0.1443611107056134,0.37068314167275374,0.0695333213396763,0.9003900923691351,0.0,0.0,0.4024194484933975,0.0,0.0
88608b450dfffff,2024-01-01,mumbai,21.751071524409582,13.529322920617071,7.634217913827913,7.195980547654456,192.92530021421098,0.18799050121655125,0.3222601967563631,24.448763864934207,38.83061140159021,0.613151280767857,14.095661165587691,311.37770939453463,0.06376052033887034,0.3786200531835173,0.1431897950304885,0.4288199969412044,0.0774776381568289,0.8785997112971412,0.0,0.0,0.0,0.0,0.0
88608b450dfffff,2024-02-01,mumbai,24.747585018044568,16.142597720386483,24.132663068380822,0.5,241.23261437755846,0.1618485715998301,0.34260144189097125,29.8529068364615,46.43553656613138,0.3221835488804923,3.4122947132732646,196.96020936439223,0.6671731953289946,0.05170469719487988,0.15841234375883195,0.42188753801134704,0.09007334781484107,0.9039634224708841,0.0,0.0,0.0,0.0,0.16376450819755511
88608b4515fffff,2024-01-01,mumbai,25.225712323978154,16.332096228862337,1.4587634771267641,4.063466375428455,212.94435023299283,0.17745378897679798,0.32736093022417934,29.35938278649118,53.36954615765099,0.5531655731919756,5.563735910041401,3.466022481786593,0.6689221784108796,0.07775846459020712,0.2207468352055054,0.43224268421020895,0.080591687530541,0.8783934704529974,0.0,0.0,0.3666328888757962,0.0,0.29565363985928317
88608b4515fffff,2024-02-01,mumbai,25.250548918284384,18.508327335169582,18.288445658611543,1.7713892068952437,243.82834418173923,0.1337589416021608,0.2745559268625007,30.572450006467157,54.91968034026374,0.8167459869322495,18.92031052364042,220.44838009203158,0.4804106454805135,0.0914640814284407,0.14801726851741961,0.4261407829518296,0.07351135100047801,0.8725289696699194,0.0,0.0,0.4907751127983916,0.0,1.116194311401878
88608b4519fffff,2024-01-01,mumbai,20.99948885890828,10.624779076534688,4.5045115259776844,1.8341958003764303,208.1816334444156,0.23082208537228555,0.3719936987235551,27.35106334230185,51.54516763358741,0.8246689063593396,0.2895819416930573,113.49781160127387,0.5710586902453255,0.23685704514073522,0.1588408127558718,0.4368187288483135,0.10129751416734635,0.8920029633696515,0.0,0.0,0.22052785500567088,0.0,0.0
88608b4519fffff,2024-02-01,mumbai,29.578209142375556,19.81302894653571,14.291762870113288,0.5,254.7515600822614,0.1455506590126707,0.23095561286183977,36.8509672369333,51.622753249578636,0.5185872265562977,18.761495318115816,108.88513283292379,0.5773149100812515,0.05658794224744375,0.13119866667816887,0.44523303035911543,0.08419158808066388,0.9231404410830066,0.0,0.0,0.2267412854438804,0.0,1.0652249726573713
88608b451dfffff,2024-01-01,mumbai,24.16233533322051,15.878989807759767,4.042265180090473,7.492216353367887,187.86226969432647,0.23327854284106103,0.28379793881090426,31.648088365909256,45.777734476843065,0.31641858944278867,1.6304407886407493,36.41691508286525,0.23782623174137624,0.39169923793379924,0.1707963731878163,0.4168186521213669,0.06325681830525773,0.9294183256986955,0.0,0.0,0.0,0.0,0.0
88608b451dfffff,2024-02-01,mumbai,23.92113053039875,13.525894802392322,2.8599084470172182,0.5,240.84189571532198,0.10378871332146329,0.2457340593175389,27.143770151827724,48.8242449517664,0.0900197517736625,11.688640605226084,25.70143216029945,0.5746567018335911,0.04008690932205023,0.14977358894535825,0.43772670578585254,0.08874249290542223,0.870716079026021,0.0,0.0,0.0026232396301412854,0.0,0.6588477312411387
88608b4541fffff,2024-01-01,mumbai,23.206277545748893,13.88850582462357,0.2919698291891471,1.9088891101020355,209.50162141296417,0.20793078671576196,0.354369426577117,26.054407145616782,40.55748759646197,0.6638481755559645,1.6000158634444126,72.19978404229352,0.42201332115450885,0.08059516288793703,0.16014740892499124,0.41319529163564206,0.08762405163741924,0.9044124306191679,0.0,0.0,0.0,0.0,0.0
88608b4541fffff,2024-02-01,mumbai,25.531695676019538,16.555386297379613,7.8693697411240375,2.761055263097285,263.66281812458385,0.1239904125252328,0.298712406216402,31.259890402471413,50.131118262225705,0.4931305625924731,13.00826458682322,318.1378237881225,0.4062000364508571,0.2902616765436593,0.21585073334171226,0.36853380973530625,0.14023847696425806,0.8993344228507697,0.0,0.0,0.10728395930542138,0.0,0.27007375454794413
88608b4543fffff,2024-01-01,mumbai,24.66074162352706,17.4382704279486,0.40194311507403163,0.658049838237164,205.03312410253255,0.19620459526902442,0.2897450760888138,27.0170354781336,46.97873099053203,0.18521719877942852,9.894600103885482,389.78790451137223,0.4219375040716767,0.13225423028324598,0.17787196908723188,0.41796621263252853,0.12082874753300388,0.9379462757823086,0.0,0.0,0.0,0.0,0.25481551559925414
88608b4543fffff,2024-02-01,mumbai,24.932197124825784,19.542209878033248,10.860469971111584,0.6031218583909248,255.89581601716665,0.06481459865839045,0.26238472436093946,29.903756213443103,50.417311458449035,0.9157816533899688,4.9271783272387735,791.1168942098228,0.1936622452497075,0.17570317073658923,0.16671451636534862,0.39664011292769985,0.06451979672530117,0.8744533105028967,0.0,0.0,0.13020369119004835,0.0,0.0
88608b4545fffff,2024-01-01,mumbai,23.197443652724928,17.351435055417312,2.8214180203648414,1.826638447951178,191.55140633461872,0.200765433137039,0.28480946667298485,29.461248041650613,50.28493558848969,0.6731797278852176,4.215429445783838,386.43727631683095,0.689356500424755,0.03671408132790171,0.20233800295168233,0.4065824551400642,0.1045180235103308,0.8966831733360138,0.0,0.0,0.11960239288002507,0.0,0.7167631728944455
88608b4545fffff,2024-02-01,mumbai,26.022634005802527,19.891163268661202,15.37068055526101,4.698129799715464,269.77108249684056,0.10742072049661547,0.2965432054789408,28.845695947044376,40.852907621519066,0.9774913645847426,30.516544471622165,494.13852113321735,0.453445620691432,0.0037707524192660395,0.19620270977855464,0.42860166185828497,0.08110769022255915,0.9089328058249033,0.0,0.0,0.0,0.0,2.628834708209347
88608b4547fffff,2024-01-01,mumbai,24.67309133073348,16.573857265290272,13.885329007749839,2.0655850461299523,198.6036021388951,0.1939835679617105,0.3260250370748913,29.17798931931897,45.92427239326841,0.5977787891289639,4.107670234760736,519.6264739776893,0.34300701947787454,0.538732527689414,0.18826993285650123,0.4266996220381411,0.10456476366507239,0.884964256034236,0.0,0.0,0.0,0.0,0.0
88608b4547fffff,2024-02-01,mumbai,24.891730128981152,19.781719227313577,11.995603814400342,4.5314864665647825,243.42244829109978,0.17254885966374314,0.19335597581368708,29.648579341663268,47.73789872656678,0.40582760961915065,18.632402732740857,37.190867973934495,0.19326897285623496,0.4174898645955058,0.13248229988580976,0.4533773910784146,0.08315947371450011,0.8142895552818267,0.0,0.0,0.0,0.0,0.0
88608b4549fffff,2024-01-01,mumbai,27.441158449270155,22.063555406200045,7.414730928319713,6.468646359827457,178.4861552947266,0.18535954612051525,0.33376520651226427,34.53155442921452,40.90294756320057,0.20752924970873976,2.945609511161677,97.0324078480567,0.6501814834806411,0.37815130799569857,0.18420654421824664,0.4122753335542944,0.13543556019694938,0.9018114165561548,0.0,0.0,0.0,0.0,0.0
88608b4549fffff,2024-02-01,mumbai,27.194412344621504,20.515496740784904,25.228110354867155,13.13053077208788,232.31176453575674,0.10031267324575548,0.23200494505687272,30.128415195410206,56.02136823700268,0.6611602142179496,2.4613189209009354,123.839410737047,0.1328811058273942,0.09778848015479993,0.19767957242084144,0.4527838891133105,0.07195422224130502,0.8651613251594018,0.0,0.0,0.5790035946316611,0.0,0.0
88608b454bfffff,2024-01-01,mumbai,20.96454837201331,14.210613011111894,14.44030236858383,1.3133281305855995,220.98113471311302,0.20461528313200625,0.3447388542359489,24.512305287054176,38.007699599917174,0.7714220011555388,0.9865877150776997,661.848166786025,0.2371121818769661,0.18190653599491335,0.18088959524439446,0.4263801757783233,0.08978972241144403,0.8631315791952683,0.0,0.0,0.0,0.0,0.0
88608b454bfffff,2024-02-01,mumbai,24.036137327671412,17.393805469391253,17.001055672589345,3.410703366992792,258.9291608169265,0.1222421482683143,0.2918285608290557,30.6126410935438,52.41535741090002,0.752078883673764,10.3569463071895,23.33847718536209,0.09688951979250436,0.07611094654879344,0.16329521245774914,0.3538934708239522,0.10407583782188258,0.933762781230345,0.0,0.0,0.2902168505790833,0.0,0.0
88608b454dfffff,2024-01-01,mumbai,26.728583537678062,20.32753727749688,1.1290102102199342,0.5,211.26309620079047,0.2331314154139062,0.4005090672657602,31.938956990225833,45.339799978125114,0.09112194526702509,9.895715353476724,237.67865235304876,0.5011233881205114,0.2864841464002319,0.1716028427527281,0.41110372762623343,0.07717256347955762,0.804621210910656,0.0,0.0,0.0,0.0,0.20673364703579417
88608b454dfffff,2024-02-01,mumbai,23.74799871970147,17.357954117563583,1.3812201481136688,3.4179367685688375,220.01250815448847,0.10830212447515727,0.26073053747434366,31.218542920769544,48.628928174362926,0.5514458680680947,0.9569533599899033,46.50211722641435,0.21092080012596123,0.09519012342418122,0.1843952381333837,0.3941984598279918,0.08942837327171244,0.9219547738922034,0.0,0.0,0.0,0.0,0.0
88608b4551fffff,2024-01-01,mumbai,24.943077804628114,16.72352580517177,17.91730575272061,6.288029636602588,203.63014634970932,0.2312644214125829,0.31216674930776955,29.212493665101704,42.97327051483125,0.5025879594285885,11.883343991306928,834.4901147300305,0.12634851528856347,0.06985549741086941,0.1673561308962281,0.4183498700193332,0.05245079572628891,0.9267808703313317,0.0,0.0,0.0,0.0,0.2914921961667176
88608b4551fffff,2024-02-01,mumbai,25.078902747780734,15.83618311393076,18.476903148758634,1.9970379300627592,259.09319053174625,0.1299162666149686,0.20684033812513525,27.21037557181822,57.816020374713986,0.35061102893245627,11.43377684910389,190.67263238458074,0.07619932874695962,0.16714819038316717,0.23431762614370222,0.4605547554462515,0.08998994000767742,0.8677554106944236,0.0,0.0,0.7227279960685772,0.0,0.0
88608b4553fffff,2024-01-01,mumbai,25.585262337620495,18.07733650452012,6.717933926572243,0.7568290136620472,179.20008128251203,0.21067987075106556,0.31646686475129976,32.157923633793324,42.60077192095762,0.5129456307291045,5.14123894080612,805.5784180397397,0.3837261952426227,0.09257128432656836,0.1612696332153326,0.42418372995488,0.07885370037110428,0.9044862757241944,0.0,0.0,0.0,0.0,0.30693549272866066
88608b4553fffff,2024-02-01,mumbai,26.432365483926485,16.477708261071836,2.2225516709263253,0.5,238.90276837966962,0.13978892463778672,0.31810873564196174,30.96411730370523,56.36796772903105,0.43198266190353435,5.6828489327654,367.552652919318,0.07190538902048277,0.08898076467028566,0.1795111326458732,0.37414014456099565,0.056845583959782855,0.9168150636994458,0.0,0.0,0.6067609541128386,0.0,0.0
88608b4555fffff,2024-01-01,mumbai,22.44413076993534,16.358524680656554,11.993935997173486,8.521451454961706,202.79380077554862,0.22973170911271754,0.3771647344193558,26.12723593161723,44.015258376025855,0.671362448657533,24.234563876154088,457.1987240728874,0.16187713950379,0.0012695328031768825,0.12962586176186552,0.4365328024756849,0.09917798401815164,0.9191611107751445,0.0,0.0,0.0,0.0,1.3106181045639613
88608b4555fffff,2024-02-01,mumbai,26.180289701592855,14.728642537275613,48.564481946239994,3.166222840940651,246.19810597315038,0.18008884891261098,0.25016272142028156,29.21044890487324,48.21463605439346,0.37286428762008206,5.340694091387187,245.5636056914549,0.12179040558040295,0.07377274348612001,0.1685343821076653,0.4398554032443767,0.0789589845535623,0.8789621686006283,0.0,0.0,0.0,0.0,0.0
88608b4557fffff,2024-01-01,mumbai,23.400886453659215,18.323928511408365,22.312579818655927,0.5,219.59946196343242,0.16977171755275228,0.36221266247251876,28.43619352297342,48.43880901818445,0.502802396304482,7.555997994434528,530.3962354972524,0.6649832483978793,0.27436289939642444,0.17390326261130767,0.4162166747560725,0.11944771895751971,0.8969841621407626,0.0,0.0,0.0,0.0,0.485514103696744
88608b4557fffff,2024-02-01,mumbai,23.57042029276306,16.342866945326136,2.7335545655216924,2.3727619033492355,281.7579794840964,0.0706875461539685,0.24560012252260022,31.185818410883257,48.44255533146237,0.6295123405777261,9.295736251691064,28.9327864189175,0.7673115283648565,0.22336043865134264,0.16826294297395225,0.46518267417167286,0.17271850866142233,0.853279211763065,0.0,0.0,0.0,0.0,0.796654200164181
88608b4559fffff,2024-01-01,mumbai,20.931880020213377,10.425468537542809,13.903066227317842,1.125869270266618,186.04537709409792,0.2275116757722995,0.33125456476464865,23.798012866149975,49.55296322519538,0.8043193126719955,1.6803124274722623,1.718278529779624,0.37581132592830097,0.04447623655874253,0.18148644823544077,0.4391087838505035,0.10736307797671374,0.898042791573666,0.0,0.0,0.060982514647242456,0.0,0.0
88608b4559fffff,2024-02-01,mumbai,25.57536589329225,17.917047493903656,0.782231657092592,0.8487731137346903,249.56856881216254,0.08626664818927707,0.2991365405993432,31.239829634778292,52.41633044541545,0.5040214578138379,1.8162571510942536,91.06599386512839,0.4292099631428767,0.5002791511194223,0.21330516732375573,0.4619853602529941,0.06838255712020597,0.8841089821961053,0.0,0.0,0.29029477587745656,0.0,0.0
88608b455bfffff,2024-01-01,mumbai,26.803805194403616,21.424607366726626,22.919338344493543,0.5,213.43441575534308,0.17477721396688264,0.309315494139274,31.525835818388902,43.52926727694843,0.4964021726230977,0.524382828810543,735.1748105708333,0.49027328449226915,0.19694344990036988,0.20240641833820874,0.41983579739955884,0.09597033352958155,0.9152626070893584,0.0,0.0,0.0,0.0,0.0
88608b455bfffff,2024-02-01,mumbai,23.43761283716161,17.46676431045426,5.188264408473411,2.2680474534349013,209.62401834301704,0.10263005002555016,0.2593223593275404,27.259741870481236,52.02456728004233,0.34904707915693106,3.1107046368878595,693.0728883708119,0.6412211486477054,0.005531304317901488,0.2019688311202321,0.3554027594111232,0.12622406632754574,0.818369324226496,0.0,0.0,0.25892049154395413,0.0,1.3198098421956987
88608b455dfffff,2024-01-01,mumbai,23.147110401081857,15.589109215493654,27.501335849490545,5.897009718704975,174.82039248435004,0.20292363638931515,0.314496716629854,26.37740091544064,41.301713729295216,0.8967628248712184,37.56366246161742,171.21632168669248,0.6981064728663792,0.24282358785005903,0.20184709064880174,0.45618873615220007,0.03141343049502509,0.8816189577105273,0.0,0.0,0.0,0.0,2.7083239079700214
88608b455dfffff,2024-02-01,mumbai,26.615622482152187,21.083270429840706,0.8585800574908425,1.1582422079125865,258.5663739543754,0.1521645432562864,0.18778216831810163,32.85310127912791,57.22046651053251,0.5895922599906688,0.06704997619360413,114.42937107749258,0.40290152666876833,0.1802484923670423,0.16421528908591654,0.4187839415342275,0.10071615402294562,0.8928677104311361,0.0,0.0,0.6750331693919803,0.0,0.0
88608b4581fffff,2024-01-01,mumbai,26.68436706371891,17.52091041628811,8.66919790739878,0.7293887177445006,183.4323752103631,0.19508744365893863,0.3904119486613917,31.151955817453945,36.43141482877125,0.3312506123068014,6.966322883261882,281.19042684691783,0.3939534757160163,0.20931602619259754,0.14882633108542445,0.4210515158535556,0.11879808433335151,0.8752487376925849,0.0,0.0,0.0,0.0,0.0
88608b4581fffff,2024-02-01,mumbai,24.591142234349803,15.484480443195661,7.074599750918668,7.885311958614256,260.8570846413903,0.10353391025636384,0.2909461027564904,30.000197827534024,54.6256511599412,0.7128122545711577,23.171889522823516,279.5120605609453,0.5707280490383327,0.007124130857537216,0.1750672170297998,0.4477441975086539,0.07296805174015691,0.8497408035099944,0.0,0.0,0.4672278375026138,0.0,2.146143081386433
88608b4589fffff,2024-01-01,mumbai,24.590484597870585,14.924085362718065,8.19049436386279,0.5,199.2584187448825,0.20990127532148667,0.33339248220972667,28.350008736921435,55.09902253681485,0.5727792382534939,2.6919096262222793,284.6435065855433,0.5608290107836214,0.15203189042903814,0.17508083976523872,0.41606786427728765,0.1220868669025185,0.9205325146886951,0.0,0.0,0.5051377011296108,0.0,0.0
88608b4589fffff,2024-02-01,mumbai,25.076656409199373,15.914566243910647,30.126894212239847,0.9649594960915793,279.7183373188165,0.16301082416263027,0.3476710588212374,27.14170057387843,54.3061064560305,0.8948342502939365,3.0019836415515417,607.109267456279,0.49026580937594516,0.15330858939406317,0.16012396754197522,0.43373293367067334,0.07790211847941995,0.8430854299500398,0.0,0.0,0.44163715597896686,0.0,0.20050748660369389
88608b458bfffff,2024-01-01,mumbai,22.638607990763298,16.878853784583473,12.804761157692955,3.220327663299111,211.11372993515334,0.2088524878017146,0.41358622042071513,30.29340199484124,42.34067921715138,0.7514453829791005,0.5479615905225257,61.27549395410759,0.45699780662784795,0.2524059851758582,0.2427916055856177,0.4026754797742061,0.14574851261935023,0.9225668856376996,0.0,0.0,0.0,0.0,0.0
88608b458bfffff,2024-02-01,mumbai,28.914906483696434,17.773960098281307,7.859250525149905,1.595878101154216,258.6364501117639,0.1327562753956852,0.27193432723156113,36.31682145765997,56.876152912491875,0.6671272289958557,8.589746366666997,218.33471758442167,0.6796529785698406,0.3341252917276663,0.16961235363651803,0.4483019764258783,0.06085806300910958,0.896218746765082,0.0,0.0,0.6474588753295717,0.0,0.0
88608b4599fffff,2024-01-01,mumbai,23.171214789004367,13.444548509280239,8.909214369901202,1.754552830576648,204.01145981104136,0.170785013377881,0.2642991267157633,28.101809128107465,40.93859187038366,0.0616483137868827,2.7782910380465204,209.32547396242995,0.36436730527604555,0.3643228071154305,0.21463253116357017,0.4315381825851985,0.09429746947812735,0.8340893058750438,0.0,0.0,0.0,0.0,0.0
88608b4599fffff,2024-02-01,mumbai,23.737348965910783,16.71275065274735,17.853338011242972,2.707917660349327,233.1871214624613,0.1438707323786793,0.3332653169759329,27.141522456307044,58.85949640304184,0.3781203693397532,0.7237866965918303,74.05102798860536,0.17366660937416917,0.3939757083248135,0.1614229120105368,0.4306786621078347,0.10235211400780815,0.8568180394310531,0.0,0.0,0.8062945906379572,0.0,0.0
88608b459dfffff,2024-01-01,mumbai,23.872882844796283,13.132004823805847,11.448375287304884,4.144098517659668,190.2661826014894,0.21023357213348093,0.32663595391520045,31.44640324300193,42.58314279597343,0.6178170819162284,6.379520651704634,352.8381490365061,0.20945572242889807,0.06622987435364465,0.15754756821737387,0.45866492981938656,0.0529660175445648,0.9035139936326451,0.0,0.0,0.0,0.0,0.0
88608b459dfffff,2024-02-01,mumbai,26.432366407214822,20.99198994619875,2.334168791510419,1.1369521108856742,231.42376272387258,0.17256112423175937,0.2943987580064181,28.863834494405015,50.95200797821841,0.4044726465763031,4.23439809499991,12.234479818428651,0.4169149507444179,0.18813597571715895,0.12743403550087912,0.3925129192577162,0.041046606620697576,0.8299628978144915,0.0,0.0,0.17302476812157017,0.0,0.0
88608b45c3fffff,2024-01-01,mumbai,21.654788905496154,12.318954407864734,10.111453571400542,0.7496400930382113,211.24085495396517,0.16863684861027384,0.32773279861703236,28.455883183774997,47.93393056616367,0.6606315866089263,8.959240158212278,441.95119116455874,0.5114950857820648,0.15667722375665197,0.15970218908536796,0.45438084514456356,0.13181878141260617,0.8702280125229159,0.0,0.0,0.0,0.0,0.6598021731918183
88608b45c3fffff,2024-02-01,mumbai,27.981381925321546,22.77368512133144,3.277736586313451,8.206042568114675,260.1390359174921,0.13682041481608645,0.320471232577694,33.96968479500246,52.50249451279009,0.4745473090181513,2.915861492649177,233.98046485912275,0.7531693996339457,0.10338007434258333,0.18297486050136594,0.39330361395020963,0.07256972673752449,0.8603286873030904,0.0,0.0,0.29719521008894934,0.0,0.3559747720673726
88608b45c9fffff,2024-01-01,mumbai,23.408325544738897,12.600896759499655,0.48261697681430177,2.091511438516424,207.23631674150013,0.2246775875768744,0.4120487958126437,30.19425021862655,43.763376950793436,0.1455347769038802,1.5651586007834992,67.12475563924865,0.26105885097551523,0.0249205855349243,0.1690871678981887,0.3774984746677155,0.12371395465674423,0.8750097955124913,0.0,0.0,0.0,0.0,0.0
88608b45c9fffff,2024-02-01,mumbai,25.723837591240557,18.70656865379847,5.811224993885294,2.5747370717276503,255.20977935166857,0.10226703381477878,0.3175857948519417,32.778259734006724,48.515616165643124,0.33728624122514683,7.648723041787971,7.0362121759984335,0.07954902841938341,0.05654671756923123,0.19490823119649728,0.44241825240099547,0.08082107655616615,0.8927688504995461,0.0,0.0,0.0,0.0,0.0
88608b45cbfffff,2024-01-01,mumbai,23.82746490844746,14.580241328046016,2.9450021464425262,7.820369159884537,204.57342808401793,0.17905302078788643,0.35741811127009665,30.11423446360787,41.7182798813305,0.5571300076167384,6.868730876231458,228.6896050171674,0.5030881046790536,0.29029085089505097,0.17134810622407573,0.3961488395659659,0.0953858191050273,0.8325396304497795,0.0,0.0,0.0,0.0,0.0
88608b45cbfffff,2024-02-01,mumbai,24.642501159953458,12.65729814300686,6.318298196317351,1.5643526852881156,248.90266328117423,0.10388001011652541,0.21370005558381236,29.006227492022106,59.803981870340806,0.401929051245314,22.3438017223842,143.32372336962084,0.499094784585676,0.35601159442669983,0.1639700578813061,0.37080422525365847,0.03537907125891592,0.9251931018325005,0.0,0.0,0.8819335435029538,0.0,0.2956305103178069
88608b45d1fffff,2024-01-01,mumbai,24.12372154433585,16.685142332522496,12.218966001363285,0.5075541509315398,219.88080313332878,0.18118728392963657,0.3187760736634676,30.583626309392955,39.08797756484121,0.7036331730344704,3.0534300375070833,342.85308693192394,0.32750844836001014,0.013817736001159129,0.16875084581846686,0.47045226710560395,0.05416161014604746,0.8575673226524037,0.0,0.0,0.0,0.0,0.0
88608b45d1fffff,2024-02-01,mumbai,26.938649235880344,17.2617438067186,0.2957506376804395,10.627817572604187,264.6514195186202,0.1465384853160015,0.26758233041640533,31.84467504575988,45.48317614928943,0.2251994141018537,6.465453442288333,276.1469272704479,0.17857721629456724,0.10651664788511679,0.1525407121390941,0.48149286739614294,0.006829870685946204,0.8884538783797011,0.0,0.0,0.0,0.0,0.0
88608b45d3fffff,2024-01-01,mumbai,24.81317645486656,14.621966544115821,5.976690808905864,1.9600478669011794,209.9487489796124,0.1997884111580977,0.31677021501659236,27.132662882593262,49.00254331116938,0.1350802364488981,1.5879052380298302,91.35526412158468,0.42710195023593106,0.019959396268758003,0.1445139971590291,0.43328238053658935,0.12870108326586777,0.8872501901448617,0.0,0.0,0.016902232446575006,0.0,0.0
88608b45d3fffff,2024-02-01,mumbai,27.012095885478534,18.779913267365394,17.249074151884777,3.4595096438226314,248.78326175931193,0.13673274505042937,0.30664815726560046,31.724706127196505,48.686585535232155,0.2741704126137208,14.72965410187289,114.33230190802874,0.554014628129195,0.015098926616805532,0.1715020610874447,0.4016070965474878,0.09633615371768231,0.8848076326631686,0.0,0.0,0.0,0.0,1.0435272739426975
88608b45d5fffff,2024-01-01,mumbai,22.1328191040958,14.771413017211733,1.1469985523777428,7.405557370816643,176.17185311708516,0.19998941270718132,0.31315358385702746,27.66848359279593,45.6864495678104,0.6174526018676001,10.406593880528371,34.17903410564275,0.6240612744306328,0.22654160006773397,0.17365571472054928,0.4627700566789963,0.03173509331587913,0.9210774851395799,0.0,0.0,0.0,0.0,0.0
88608b45d5fffff,2024-02-01,mumbai,27.964744253882785,16.528211600242866,13.547128967638365,1.6584516615975486,264.01870252146415,0.12744862526232809,0.2249961642150317,31.154051410370172,52.5188289186007,0.16471526143539014,11.681227829388709,41.62341015980305,0.2368798806310334,0.03913925388599783,0.1556126482296273,0.4908087875732569,0.0446474148665472,0.840421365800106,0.0,0.0,0.29850334811114576,0.0,0.02138726911551905
88608b45d7fffff,2024-01-01,mumbai,22.23863806389847,15.422394266189572,1.1366354140992487,9.026786258356525,216.0346693727196,0.17036016101779772,0.33887443001118006,28.514146760516105,43.70252528401019,0.42816493987609144,14.620846733749111,72.93432836416828,0.6375835011118632,0.24734979956456332,0.21328605433438394,0.4451490790766459,0.08385738882841214,0.8663012562256334,0.0,0.0,0.0,0.0,0.7111107769753097
88608b45d7fffff,2024-02-01,mumbai,23.201938345401274,16.06109270755894,35.96730449349815,15.0,242.16223485017383,0.09148878859801243,0.31079861849798546,26.20803631240393,57.38241966355949,0.6981731711314928,4.835805922297201,207.6348232037869,0.44785744963001245,0.13530152029798748,0.24207949342258048,0.3690400201818201,0.08796699151860622,0.8460465632569364,0.0,0.0,0.6880031592248337,0.0,0.02311696949327041
88608b45d9fffff,2024-01-01,mumbai,24.679851967195596,18.684828134938538,0.8634867492241748,3.8170038105182105,180.6076940106474,0.2105203943107718,0.3307063205650446,30.832083030621796,48.926515014512226,0.5326235108221496,5.409746669252551,264.47608109029727,0.6351033305657281,0.025411043093436572,0.22453232298586046,0.4178760445570352,0.09880972000599413,0.8246416856864363,0.0,0.0,0.010813519653881247,0.0,0.942638558722896
88608b45d9fffff,2024-02-01,mumbai,25.132524612228575,18.580296777270036,3.8333061277062885,0.8092091257748906,256.1907072905346,0.057517179051194606,0.25037689577190836,30.615788483770526,52.35677027167861,0.4050326624424376,10.286766367893962,400.854071106772,0.27430163570922933,0.3643780029077745,0.21410337234872695,0.4330127818359044,0.09520181362480382,0.8419995429190857,0.0,0.0,0.28552490981821993,0.0,0.0
88608b45dbfffff,2024-01-01,mumbai,21.815353366842643,14.831377591071341,11.345617435245718,2.7955021847976633,183.70394755406474,0.21048142181478954,0.34535598959701236,28.121065178534884,47.52875302132087,0.2887608052801654,2.610626607210796,173.16733726081526,0.5409513024956815,0.13659788510905974,0.20257713343919564,0.43198297341225356,0.08405227920469076,0.9093369171230847,0.0,0.0,0.0,0.0,0.0
88608b45dbfffff,2024-02-01,mumbai,25.967728695166876,19.061288359162226,1.8858529115478015,1.865773025909358,264.54120426534087,0.10871726652412209,0.27350853869177416,30.42222686393527,52.082630887795446,0.3149728890149735,1.4087810166168724,254.4315593919944,0.5365481057806041,0.12803053922002566,0.1770630216567898,0.4287610124554086,0.06584485241184079,0.8606813470311371,0.0,0.0,0.26357050537907334,0.0,0.0
88608b45ddfffff,2024-01-01,mumbai,23.69514519271948,18.360480123345262,11.788360590448189,2.948518058538757,188.4226030465964,0.20307577132363863,0.28320454974381115,26.85213828689198,47.699509812842074,0.5889309667976691,17.878941500994657,682.4759188406343,0.3264938040146511,0.1880051006292605,0.22969480913076779,0.42089242488859496,0.09428011963812907,0.8254603153681538,0.0,0.0,0.0,0.0,1.458856151260594
88608b45ddfffff,2024-02-01,mumbai,22.715207008339874,15.133056620838854,4.479089264702246,0.8102588462148974,251.30685167019195,0.09650604216434494,0.23607557311178007,26.399936370695197,67.85247684887909,0.4030623721220557,21.047596657125155,116.12102298990719,0.5085265754272281,0.530807336335774,0.20188376869337288,0.44207804441385296,0.09026398809020925,0.9011770469613831,0.0,0.0,1.5264958511229973,0.0,0.15372402933733667
88608b4601fffff,2024-01-01,mumbai,26.436200892797245,19.89955196762569,0.31873938377724403,4.904965781149265,180.9041472489531,0.18583819776702737,0.336758431900816,30.21445424934881,36.18933102756044,0.1291185632333045,0.5481319524434565,204.55703437380956,0.04310600523334156,0.18441857705591302,0.17191478485563583,0.4177698648886214,0.1120860481295973,0.9077253752629901,0.0,0.0,0.0,0.0,0.0
88608b4601fffff,2024-02-01,mumbai,22.669135844801005,12.790763828422019,18.10091914739018,1.8467759028599842,251.58754417458263,0.11282118048328224,0.3046036315365275,27.33896156753047,57.03362531204328,0.6940525660608602,0.9840160484187185,207.6898052420948,0.5069530362497692,0.007859504405226944,0.1463730437866418,0.375156996003487,0.12330027306769127,0.9104243793066056,0.0,0.0,0.6600700248068313,0.0,0.0
88608b4603fffff,2024-01-01,mumbai,23.64338488850857,15.49455014506521,10.7505614900475,0.5,217.02764190098844,0.1939207510855572,0.38533196336918685,30.100905680119034,44.6105767562422,0.738591501736259,1.7661705342322034,6.699315557978184,0.37529141624275353,0.009727958876114938,0.18240487309031608,0.41294215563755937,0.0855767477886386,0.9017673732193136,0.0,0.0,0.0,0.0,0.0
88608b4603fffff,2024-02-01,mumbai,26.835034748289335,20.984970660258604,2.172467538994641,4.334816664647116,245.90776395083347,0.09956871467336298,0.3446710870805915,28.969027435449828,51.778843409496,0.4353475524214551,3.0067485708854242,261.5737235792085,0.3407303522295359,0.02213325205119656,0.18263587817048,0.3714998603199099,0.07910048202863454,0.8935796109739401,0.0,0.0,0.2392417385026693,0.0,0.0
88608b4605fffff,2024-01-01,mumbai,24.577161360257378,19.21761160183712,13.244229855118332,2.7380524424970165,234.45905739832816,0.22458552206311985,0.25496687302449683,28.86979681657788,43.030946693039255,0.6514817020117526,4.656331895280515,11.161852918103275,0.8830841458629136,0.5729852489863433,0.1694229197294546,0.3925667465264405,0.0969919872909776,0.8485711526845492,0.0,0.0,0.0,0.0,0.0
88608b4605fffff,2024-02-01,mumbai,24.07969570960747,15.420124329768933,6.2820747585806185,0.8205609922867536,240.78303863289864,0.09999155213655814,0.28680299426061756,31.082051684585487,56.3832676088424,0.35981356313287405,2.469390860563076,258.38973626134725,0.34523925537329564,0.09480466613286062,0.21937215828177756,0.4344869002814219,0.10294965917448548,0.8817856398329158,0.0,0.0,0.6079862423019736,0.0,0.0
88608b4607fffff,2024-01-01,mumbai,21.52945670466349,13.878701493368176,20.39839008633424,1.3165820858055475,227.3912942190761,0.20118326866170053,0.4204538802683286,24.905177162682044,39.37828775330065,0.6769622688567852,1.7573121944407284,476.92150581036555,0.6517122927063643,0.3384687187275988,0.16962889902933806,0.3862507685027466,0.10267270494020247,0.9046380431589858,0.0,0.0,0.0,0.0,0.0
88608b4607fffff,2024-02-01,mumbai,27.067076403624267,15.906185345462484,2.680204177004439,5.850785613128586,240.12137698833592,0.1332427344751786,0.2863420006158527,30.91798960981548,53.98404010745851,0.3963627769516662,16.722520978604916,498.1655019437086,0.6477362007930757,0.010631379246867417,0.19938028174457045,0.4435665439612385,0.051459077538198256,0.8606900222182237,0.0,0.0,0.41584452898524,0.0,1.9176696083117277
88608b4609fffff,2024-01-01,mumbai,21.113735986145123,15.388862710927526,6.801501131929902,0.9094072896823224,198.62026472815137,0.21747889958928374,0.424623590674027,28.63068408623176,39.95099744340696,0.33787304398853146,4.052376929600001,228.33501007774404,0.33725511594978785,0.06650144379856542,0.12068902052191147,0.44303635100640815,0.047611999095471355,0.8524624294881167,0.0,0.0,0.0,0.0,0.0
88608b4609fffff,2024-02-01,mumbai,26.444185656689783,18.61373485210811,11.02541781735903,0.6006507548737966,270.1521653405287,0.12480746474177161,0.18387310904228066,32.164561141017856,55.89301251777242,0.05843744496948191,5.051643318619382,7.289967051835345,0.2753493956851504,0.20162696449725498,0.1809975524919121,0.3877700334600197,0.0852497280653389,0.8862679076313175,0.0,0.0,0.5687242493871275,0.0,0.0
88608b460bfffff,2024-01-01,mumbai,23.87038302670907,16.899458407558402,0.8421384864272714,6.917469236675801,195.39250657570537,0.19466577929425477,0.3491007683818297,28.588701648165056,42.36867761375624,0.5425134365996158,2.035605507529275,802.0293257782464,0.5057944687754661,0.3338422965903314,0.15417204399502932,0.40357038066820183,0.0978161138201628,0.9025456456360741,0.0,0.0,0.0,0.0,0.0
88608b460bfffff,2024-02-01,mumbai,26.019219851433373,16.80757449302731,16.06569474818008,7.224611799395284,259.86912224410895,0.178001471726426,0.2464405466322209,30.12616144321949,49.959604232995204,0.04121813799954719,4.502563564720608,66.49325009207776,0.43260619585760735,0.021186151043058907,0.19537044921990904,0.3612179675680997,0.10185938737792187,0.9223431165549381,0.0,0.0,0.09354828838001049,0.0,0.0
88608b460dfffff,2024-01-01,mumbai,22.910425378120642,11.3193499639141,5.195963263926809,0.5,218.93520515684256,0.16464864937688994,0.43259540535495183,25.244096771462555,41.82956475001833,0.6318798869630551,21.378632010460308,79.23448919934772,0.7062818292617128,0.116011267480569,0.10637019545757147,0.4491374818528674,0.11122320441406754,0.9218270833445238,0.0,0.0,0.0,0.0,1.408779419644588
88608b460dfffff,2024-02-01,mumbai,26.344542907730187,16.67932220108886,9.466796994863554,3.533050519583057,226.0622695910334,0.1321827370668472,0.3742192613538777,32.97733225556662,49.2740189978059,0.10293236065906043,11.837844477692796,231.62952837173356,0.6923277049884013,0.029640876883676066,0.16308960680655654,0.3945164574292394,0.08524318323303022,0.8291937611454304,0.0,0.0,0.03864331515927779,0.0,1.33565703327513
88608b4611fffff,2024-01-01,mumbai,24.030045055543688,12.308647071479728,16.060879453128685,0.5741356746732512,191.55896706466575,0.14846858309043487,0.3449724461569482,26.588437377085594,45.332112061692094,0.316804303044811,23.83433770947306,338.7640084959506,0.13386849594544742,0.13301038557973852,0.21463323115139576,0.4260314023424694,0.10558594061443875,0.9368773832790114,0.0,0.0,0.0,0.0,0.8770232334359375
88608b4611fffff,2024-02-01,mumbai,24.557515949223973,12.777189498371495,3.7509875746648875,0.5,243.82647093309592,0.05554537255193627,0.258582024935293,28.915055315990323,51.73364795734677,0.4756033474697125,7.5443672224542375,521.6453862596355,0.44655398660987766,0.1362640743762694,0.20014688492179156,0.4278712789234933,0.15068606992984482,0.9093831355258555,0.0,0.0,0.23562226865036562,0.0,0.5302036460720474
88608b4613fffff,2024-01-01,mumbai,24.486926136740035,19.087198550564803,21.120734975375292,0.7825255010147566,211.49733534772778,0.15252750273394544,0.309126180397053,28.86206106811799,39.52541443911629,0.041466683340610266,2.8527493812183096,521.7228674608405,0.19410143699367283,0.13802054272003625,0.17299586127920658,0.36055786990535366,0.16673791806904814,0.8927399335943511,0.0,0.0,0.0,0.0,0.0
88608b4613fffff,2024-02-01,mumbai,23.41655447304321,12.040474150069347,35.75979969028935,1.2665733949226243,250.12089872227872,0.05778018219117595,0.16560374208743833,26.80138494107715,54.979207819839395,0.8234753511276887,5.539333243523,1.336526085037126,0.5435604178637086,0.4423567216337369,0.17365910251892952,0.44382134591137323,0.04007991316422066,0.8892469744514421,0.0,0.0,0.49554236055146894,0.0,0.0
88608b4615fffff,2024-01-01,mumbai,25.542903500702543,16.750683361146464,0.22480259065367753,0.5,201.1588003127838,0.2278562073149475,0.3598910226791437,30.613900406622875,43.11719572053867,0.7199844096223367,8.35077969115049,813.1792016882567,0.29695379653382104,0.1350646520782299,0.1767764484567287,0.45788807766840556,0.07646089876705932,0.872291959714662,0.0,0.0,0.0,0.0,0.500731494107333
88608b4615fffff,2024-02-01,mumbai,25.377720451254483,19.738942185897205,9.73269602731007,0.8413263447319235,223.00686068439327,0.11805382856937482,0.2662546160586756,32.60182673149827,53.96662035128697,0.7639219147761769,1.2652270424527743,456.63345882943173,0.5680818544099019,0.09192012861652146,0.19094198474533106,0.41950124673341993,0.11062935501639867,0.866813342556761,0.0,0.0,0.41444947086989714,0.0,0.2745956098221643
88608b4617fffff,2024-01-01,mumbai,23.84472205504496,18.660679767346295,11.091314630459648,5.436910251747194,233.57832225716302,0.15734049862978502,0.2618448199924027,30.857974004443747,44.27617079249224,0.30779986068760323,4.035730925905798,69.18708284015189,0.13998880473522154,0.3181893577854938,0.23945112927195134,0.3984904072312163,0.07581012185114497,0.9048053194123887,0.0,0.0,0.0,0.0,0.0
88608b4617fffff,2024-02-01,mumbai,24.94365678870796,18.13278502138889,11.78169710161548,1.0820563212533636,274.1056594891278,0.10061833844646212,0.29083683201020516,30.957436091263563,53.29347271964031,0.701524730977882,7.5111148759060455,229.55095508177257,0.3278219948267139,0.20374602019543714,0.2297249259593134,0.3932384595079705,0.12717073099549622,0.8675970100599352,0.0,0.0,0.3605405609457292,0.0,0.0
88608b4619fffff,2024-01-01,mumbai,23.652279764654057,12.117005993483183,2.1793718423189055,1.8826249845205583,203.17388777414848,0.181930606041319,0.4002188779953934,26.244789908355216,54.52148575527038,0.6649466494225891,5.354351906064692,389.93068668262725,0.05707800616714264,0.612267328806829,0.19898146287048585,0.43897317551022574,0.12086143144765708,0.9090206307848161,0.0,0.0,0.45888576935349634,0.0,0.0
88608b4619fffff,2024-02-01,mumbai,25.780883449954082,20.09210515398137,12.541677102336052,8.167820044487597,256.3270086236182,0.12151946157470081,0.17996456012653378,28.95822989197113,47.526081679485515,0.3693831759665134,13.419740388606812,33.00630801892987,0.4315366144327445,0.15915450656787095,0.160610250579584,0.4345420954650819,0.05234363477757255,0.8462330284621307,0.0,0.0,0.0,0.0,0.2068524630107614
88608b461bfffff,2024-01-01,mumbai,18.99497956314817,12.479587273099071,12.356784765903479,2.9727944508459596,195.533991289175,0.1989204774979362,0.36844923383776246,25.285334966525884,47.41698900113684,0.44123525451372425,9.974462837579825,63.82932910620048,0.06964693535645601,0.02560660709659335,0.2160150629147914,0.4175465470892805,0.05825158187237898,0.8856397659234975,0.0,0.0,0.0,0.0,0.0
88608b461bfffff,2024-02-01,mumbai,26.925877361715894,19.67131935705187,10.755384612326715,2.940404834890513,238.71959685175932,0.1585221798331724,0.29369695964767134,34.53987532334344,51.628713274639296,0.8480403563973349,6.359736369140348,190.79196321301828,0.5056961869496595,0.049410065580252766,0.18944085947944597,0.4945976100312873,0.07455318953364493,0.8651597670971959,0.0,0.0,0.22721859300471214,0.0,0.33905639040682267
88608b461dfffff,2024-01-01,mumbai,23.1203087630885,12.169068024253352,31.542229827966764,3.140402536461452,209.03925783636933,0.17045433125912418,0.4178632061851064,26.42024858928348,46.084976081884335,0.11363295052743401,33.3799319124487,52.31915538549421,0.28878682625036756,0.20878211909110778,0.1982589405768453,0.45282070106599703,0.10536330620161041,0.887734808912144,0.0,0.0,0.0,0.0,1.6817328586873992
88608b461dfffff,2024-02-01,mumbai,28.651238330907262,21.969518329813198,0.8493365806070731,0.5074009362186623,249.75945413148227,0.11240603370955686,0.21741791965521307,34.62476123630064,53.23166319323864,0.9040214171365349,7.628432877456654,168.0737113688122,0.4776126258490894,0.307326657319224,0.18370044134495872,0.41696473502952636,0.08304248979797445,0.9192265174935987,0.0,0.0,0.3555905558731535,0.0,0.0
88608b4621fffff,2024-01-01,mumbai,24.258793968193352,16.532206673267595,12.739010797971764,4.768786894668175,221.6286526832961,0.22106733925314323,0.3872112120965626,29.185184737125894,45.84483714344264,0.22268258793109333,6.988557071811281,933.2951439965781,0.24095351915531907,0.029014533916883568,0.22255099567662096,0.4003355392634135,0.07633594164801681,0.8801795635452937,0.0,0.0,0.0,0.0,0.7181022929484613
88608b4621fffff,2024-02-01,mumbai,25.731150747735057,16.78609645997955,1.076195675002623,3.212597842681432,241.79351530810226,0.1627159070641746,0.21123702647426823,31.8152717638723,57.99764253713407,0.07129077031923843,7.50405298607613,601.0408628617295,0.3358252996484822,0.22007530925912505,0.23931782637915117,0.40317581481490433,0.09625186109335918,0.9194920357193861,0.0,0.0,0.7372731750662154,0.0,0.009741475316068714
88608b4623fffff,2024-01-01,mumbai,24.28707905763214,14.985945334229275,7.569686568657356,0.8051168759239805,219.94075427965652,0.18715900882570774,0.380540750122155,32.17916222841177,36.94476693913741,0.08602997012237186,0.37095445582421566,252.2877388953691,0.8000455351603003,0.14754860335444953,0.20825705098624592,0.4276280260797785,0.11164307036922362,0.880107090165672,0.0,0.0,0.0,0.0,0.2802435979562096
88608b4623fffff,2024-02-01,mumbai,24.910495328013447,14.314358301937878,6.593605197089509,1.7816333730669478,263.200655980786,0.13957647748089447,0.31473673918431705,29.23277556621958,61.67186228606388,0.8287193831838459,17.779095855564353,106.80258555123844,0.15245098026554962,0.6079912333483829,0.14005376274877665,0.4057276120264652,0.04455697013540867,0.8838944783562952,0.0,0.0,1.0315224187308294,0.0,0.0
88608b4625fffff,2024-01-01,mumbai,25.363570149210528,20.084505547850572,9.50503569965494,2.372613912365283,181.4743021416059,0.2045812345139678,0.39533940983228344,28.21423445506062,41.19072028807615,0.20941464200782534,3.080627376492264,501.91136939189045,0.16939543031013246,0.19517101003401652,0.17817533788200204,0.4227357683945101,0.13002329995387166,0.9269206473830107,0.0,0.0,0.0,0.0,0.0
88608b4625fffff,2024-02-01,mumbai,25.001508968441954,13.514303661353875,1.6222924680120545,0.5,233.79996058228954,0.10842202581842487,0.2188512461317817,30.184612122177562,61.65813250211811,0.7392776512884859,19.270029071773557,437.86920502470326,0.5307149856342823,0.019023793749292865,0.16550298700436855,0.4729894024475115,0.1000572711788725,0.9018421083829735,0.0,0.0,1.0304228713934942,0.0,1.7531390211076747
88608b4627fffff,2024-01-01,mumbai,23.230994801132116,12.457853178314451,11.468037120832138,5.7066563555752925,201.27944639023409,0.17265614582612318,0.4257372871787392,25.823641936352807,39.09392075410925,0.7148254683717101,8.21751112859861,151.56709977723375,0.33201061892445977,0.16050188128732956,0.2125700249204609,0.4203573730682315,0.08607980617270498,0.8817588501479501,0.0,0.0,0.0,0.0,0.0
88608b4627fffff,2024-02-01,mumbai,24.75238561259886,16.47451015563999,13.93556215239198,0.5,241.56716664737635,0.1004594361817461,0.2469534180710554,31.968674071819613,53.97175575183039,0.4529239270864431,4.324105403969934,160.26628219902585,0.39980800551656226,0.4185807708310582,0.20525731113227155,0.4142772570640694,0.08373742695030802,0.9142827030242056,0.0,0.0,0.41486073852101063,0.0,0.0
88608b4629fffff,2024-01-01,mumbai,22.402134478979743,14.671174117495474,6.982931395692436,3.5898979953060506,212.18101130322972,0.2053731295492989,0.29220153025291346,28.93630596530631,52.92505594026973,0.45627739013608004,19.86946621967885,24.40138639067198,0.34769512244791795,0.15685990182148288,0.146515759477232,0.46392315394804196,0.13934255933333906,0.8310230194749861,0.0,0.0,0.33103596783729516,0.0,0.9606290618710702
88608b4629fffff,2024-02-01,mumbai,23.408124015642326,11.463414008230266,8.59977866006084,1.6477893847234308,237.77715332092816,0.1084070476723512,0.24839039745335767,26.191877914032087,48.28760586170502,0.4496852656758019,0.6408066404385687,281.5906300458446,0.2079519796818532,0.14460119322664883,0.1889509361782849,0.40510547480249903,0.07527052594900158,0.8598178575726712,0.0,0.0,0.0,0.0,0.0
88608b462bfffff,2024-01-01,mumbai,23.59598850454323,13.924064818283549,6.639279752005841,7.574676625837762,185.06282059970525,0.22250069292031394,0.2930567013219977,28.588955352552897,51.93142670501227,0.35788473310760466,10.080635078884498,3.839927917699655,0.15406151612772684,0.017612836897769202,0.17293407048626191,0.4599802305736139,0.18371431759595236,0.8720158706862785,0.0,0.0,0.2514613449414503,0.0,0.10079504752984908
88608b462bfffff,2024-02-01,mumbai,27.318720924258173,15.959711862344962,22.83394603795104,4.670794574092282,250.5626100822811,0.10667849446983899,0.28080869920027546,30.949699873128765,47.39619846212248,0.4997895018583641,22.27596789895054,46.634707010583995,0.5780246579585845,0.08886778661194465,0.18840484510810282,0.4251894744889991,0.0680687508709458,0.8855098994005037,0.0,0.0,0.0,0.0,1.4387432200814527
88608b462dfffff,2024-01-01,mumbai,23.447734633252747,14.14439444051493,2.0444621608775098,5.689812451957876,198.1636240711967,0.19012016002543705,0.24993454266189968,30.76448720613732,43.37583726286712,0.5330323547459632,0.36118797323315416,197.48185750518596,0.3622116457447614,0.4611726086815047,0.20101884820625415,0.4544492634155366,0.11564028723022465,0.9265658304388825,0.0,0.0,0.0,0.0,0.0
88608b462dfffff,2024-02-01,mumbai,25.166514061110664,16.64511789348672,1.7499448447686314,0.5071110310688034,243.7714414261106,0.13489552005543728,0.265280250824254,28.788254419478257,56.21200946848238,0.7014806198657084,20.024300043012705,150.0106610987587,0.05715190083740922,0.2708642478242416,0.13789794126723337,0.3974571439277812,0.1299959123485337,0.8818209683292091,0.0,0.0,0.594271064191839,0.0,0.0
88608b4631fffff,2024-01-01,mumbai,24.03045230926503,16.66595486474278,27.792621305653917,15.0,218.55488343202262,0.2535438485521785,0.3729718164989822,29.57320147791733,38.14540289699371,0.1977342522029073,31.6665882805897,116.97366032291343,0.3837809037544452,0.523389507256914,0.16447114985217942,0.41536075715988496,0.11606484909084776,0.8883503209614114,0.0,0.0,0.0,0.0,0.8814330562085289
88608b4631fffff,2024-02-01,mumbai,26.11825191823595,15.261920171835037,7.291879630490517,1.0547381451434366,234.50885150130347,0.09575969299959017,0.2659600619105724,30.072683597547574,52.85262870312293,0.7494851773573855,3.674615158559907,2.703488432625771,0.42418155555671544,0.3361716994183351,0.20498182845274038,0.3766322166536859,0.06793691912933614,0.939148453209849,0.0,0.0,0.32523564526340154,0.0,0.0
88608b4633fffff,2024-01-01,mumbai,21.989495449269292,16.377586961755533,25.779147010459212,2.3783391839544845,182.3575798551211,0.19284070349472635,0.3695381254313791,25.314926967379677,40.7852161754809,0.6680559126928063,11.620381811787578,419.733720505598,0.6117433151638433,0.3680416732938177,0.1698782579902549,0.3921742280744106,0.11938562800435908,0.898929935686925,0.0,0.0,0.0,0.0,0.3151495094134394
88608b4633fffff,2024-02-01,mumbai,27.49777130452145,17.34287646837756,23.86093745281318,4.944220364233652,260.08764976516306,0.10674571056286952,0.30879259216919464,31.771153733586253,53.24204007225418,0.4322321961853687,6.686551514173651,4.350471973661129,0.5177453476977061,0.4796674947947723,0.1439941807840078,0.42061192393786323,0.054188849922146044,0.9270490845178926,0.0,0.0,0.3564215864076804,0.0,0.0
88608b4635fffff,2024-01-01,mumbai,24.99111820719028,18.085949780628507,1.6598708689050254,7.48112606124057,209.45838530005636,0.21877836184068444,0.363499008222065,32.148347190402106,43.849022636364154,0.2067463578280579,10.121389417731763,140.65692961982722,0.33543389714249033,0.1010201442403242,0.13010127319323697,0.48932809394745885,0.054169275481444186,0.9004422375381156,0.0,0.0,0.0,0.0,0.0
88608b4635fffff,2024-02-01,mumbai,25.551050959065698,20.12754466194981,1.1650588871709135,5.2354063180157775,255.35051956011824,0.11272375280785327,0.24323333855128249,31.43731892895194,50.09964808457519,0.3472298190309263,10.22903086054535,107.68412849373667,0.7296240580276625,0.10668284414945987,0.149310998999157,0.4308577259767676,0.07808943798186407,0.8837598518444195,0.0,0.0,0.10476367565217697,0.0,0.6661104110599876
88608b4637fffff,2024-01-01,mumbai,24.833412654258687,18.272501984384174,1.6666615472385546,0.6470918030889852,230.63745244755228,0.22846553521090762,0.3698971946609222,31.053218048805682,47.274612598518246,0.459171384230664,27.509870219764483,192.38902025507687,0.2283818819354893,0.2071466367407782,0.18431667467382717,0.40549274995182905,0.12306117015981548,0.8610761295986588,0.0,0.0,0.0,0.0,1.3086885593146167
88608b4637fffff,2024-02-01,mumbai,25.47999763361814,18.17682042868131,11.919128001368826,0.5,269.2147495115747,0.10915808175326111,0.26102876701665173,30.644904198149035,60.63310326939873,0.6092961208134853,13.11228097798791,462.64124240531726,0.3786696523544742,0.2228275883657095,0.20232358627398012,0.4376201130258621,0.09243524488603115,0.8282680530164954,0.0,0.0,0.9483335852124898,0.0,0.726372928529425
88608b4639fffff,2024-01-01,mumbai,26.69934837246224,17.10647018214243,29.615876236041867,1.6087692912181732,158.11012464989685,0.19892879825211537,0.3620949808579235,30.947525193626113,37.30268194515175,0.6562849801676249,6.952268173162314,237.35738542486257,0.6660174746247041,0.15569942342089732,0.1619771985767747,0.3854083337699153,0.06791680575528933,0.8764219880139,0.0,0.0,0.0,0.0,0.25499596150420367
88608b4639fffff,2024-02-01,mumbai,27.576597872938226,22.129872294312136,4.398032723089993,12.49906466821453,260.7959020031448,0.12833797525388319,0.45956034149872765,30.202764069822017,59.911234225578625,0.35372940007240844,6.1873345450163475,676.4501046774154,0.32861503307233086,0.3950303569960828,0.1750464899734727,0.36913453368649335,0.12565807254582306,0.8416523503971413,0.0,0.0,0.8905228295463832,0.0,0.0
88608b463bfffff,2024-01-01,mumbai,22.740120705813894,15.841448501014746,23.63456407013068,0.5,223.63259682168683,0.19720354487055117,0.39814369896945245,24.9600819470731,46.178887583905336,0.7578117190832714,5.380370733864572,744.1201135162422,0.49599210217467166,0.008505814319101284,0.15757149584368293,0.4616710740553835,0.11058220553807897,0.9298012156706889,0.0,0.0,0.0,0.0,0.7402315485019385
88608b463bfffff,2024-02-01,mumbai,25.013906760198918,14.754191152136416,2.0287516021112344,0.5,242.93053776138933,0.10442250108919143,0.2757875440995299,32.93696918250087,47.385878295102906,0.4438298685855238,4.110304865720894,15.874072638652779,0.363424786830148,0.5395062284090139,0.2329517825111524,0.44579060947937804,0.10743722937244302,0.8525807066355774,0.0,0.0,0.0,0.0,0.0
88608b463dfffff,2024-01-01,mumbai,23.648027633070274,16.688801396542623,3.8218204464842147,0.5,181.17027756507576,0.188242571338189,0.30331284744184056,29.585937484926454,49.24180049742405,0.38927893621724147,8.861140564682536,582.069042084781,0.3862544462785028,0.05415719596029651,0.15766376094389795,0.40870208996657437,0.12607680618931677,0.9021112802271096,0.0,0.0,0.03606310221144607,0.0,0.6341768101370167
88608b463dfffff,2024-02-01,mumbai,25.477393078251005,19.832877854858385,12.408376472206177,3.240586991336049,225.82595493441193,0.1579728022189471,0.321729899322873,28.16832151239108,51.21049353800928,0.4962179452771939,4.736577158713147,380.9640664990325,0.0708173837258762,0.16025721639900667,0.2131668994848323,0.4166198571955662,0.10343773395945316,0.8735476422416442,0.0,0.0,0.1937255388059699,0.0,0.0
88608b4641fffff,2024-01-01,mumbai,24.220346611566264,16.419766911287905,17.061574546315196,3.8658876237441038,192.50012389070136,0.23723171579812583,0.3391555145465794,30.72581506516739,43.89643796656886,0.7244573519401494,6.8638212889798655,7.421139403246044,0.6730570645156572,0.22586664816065682,0.20913533325039085,0.3983558650406044,0.09563157216119433,0.8567063917288598,0.0,0.0,0.0,0.0,0.11311054628425804
88608b4641fffff,2024-02-01,mumbai,23.367977838750466,18.24920614532734,3.91582306567905,7.7233768142958805,252.9054153349134,0.11823349415102546,0.2070877459293633,30.545051117241698,40.378306124700416,0.7139383881249793,0.3646667211970839,391.03368093953867,0.49979503701953604,0.1470081135318954,0.2025047826156483,0.4596741486990781,0.08660661469990523,0.818153600703685,0.0,0.0,0.0,0.0,0.014157335791639927
88608b4643fffff,2024-01-01,mumbai,22.17356081293384,12.561527998962067,4.399205399563183,2.0315582535747376,185.4612322847836,0.17573582456803513,0.3699678987607412,29.72034601283103,45.83523977842332,0.7989245225056006,2.2479137021735554,1386.0237770405147,0.24840627638109594,0.27229502020258783,0.1860100729304082,0.4240740035576487,0.10766502729724761,0.8789999872965524,0.0,0.0,0.0,0.0,0.24506600909195028
88608b4643fffff,2024-02-01,mumbai,25.582705760235626,14.583732625397774,6.102512695129944,2.532911254430714,257.5282468224905,0.14415151479977062,0.2980191329642752,28.941193045177663,57.47641290757898,0.5892651192801923,2.968008483797529,377.98222942853926,0.02724744192887455,0.5270300724617621,0.18360030803159322,0.38202298868871565,0.07328382425960815,0.8697893688449768,0.0,0.0,0.6955305916736886,0.0,0.0
88608b4645fffff,2024-01-01,mumbai,24.760267168344793,18.475397759694832,17.367239740049673,0.5,179.5812301499494,0.1999986056887238,0.3985945730619028,27.546681123719996,48.00599045161511,0.6646258359580276,2.6630152971592866,226.44138963433866,0.10098225072490892,0.017052789767238053,0.21813994500602465,0.4043615287076749,0.11288838580371721,0.8434107933227806,0.0,0.0,0.0,0.0,0.0
88608b4645fffff,2024-02-01,mumbai,24.661383522149823,14.379152457104189,21.620397214384308,1.113249257607921,264.80643052700685,0.14480950299116524,0.21060267191164395,32.36625643934079,42.897485624339225,0.14771018776267889,4.96175390020655,576.1166513075088,0.5550916616913681,0.04308149559260922,0.18351037903942674,0.43074665587555294,0.10960129259795244,0.8845468456106372,0.0,0.0,0.0,0.0,0.7567512369439273
88608b4647fffff,2024-01-01,mumbai,23.78430686128418,16.237201294996332,4.332716812500863,0.5030895926991972,188.8777112973318,0.20424798244084286,0.34212982150080323,30.053038580126874,48.79302249624917,0.5280939642901598,20.941385395175015,74.69065247279603,0.42033426009399566,0.02758607716476358,0.16775324638853248,0.44908714030950875,0.08869657668957392,0.8901142220628714,0.0,0.0,0.00012279476045895095,0.0,1.2201456426052142
88608b4647fffff,2024-02-01,mumbai,23.832805406280066,12.492530057049517,6.564774408265587,2.439992050106279,248.08561652003695,0.14486740916198454,0.2276884988244297,29.3943604029062,58.037432557839,0.7294145947646087,7.275347082370541,290.20548533055205,0.4334995711448099,0.4205242019752237,0.1731752878085007,0.3853436382364352,0.08897022115905807,0.8893985641985781,0.0,0.0,0.7404597518901072,0.0,0.0
88608b4649fffff,2024-01-01,mumbai,23.285967678731794,12.048223620856275,11.795460556880425,1.338747158242389,197.25131061956296,0.23358050623224097,0.39288781892214786,28.931895630590567,48.674940198711155,0.7222922423066569,18.042912568809115,314.73472694060473,0.24220012404928046,0.14040454408377043,0.24052008252578586,0.46473142995749994,0.021029336260012244,0.885307344152048,0.0,0.0,0.0,0.0,0.5551499800620499
88608b4649fffff,2024-02-01,mumbai,23.814784771026428,13.885600050845818,24.18115813586665,9.002233691295874,248.21360263323163,0.10824987371776347,0.283427765711284,27.49097265558854,47.42311874385947,0.5666154771178208,0.07222135781590235,197.98144743126315,0.17428944722170758,0.1035964015382039,0.18997778063039727,0.419251519524519,0.13808447871835816,0.8671407201863072,0.0,0.0,0.0,0.0,0.0
88608b464bfffff,2024-01-01,mumbai,24.705067803386378,15.184247848683917,0.90788582275828,0.5,195.10148303344764,0.20313139523121385,0.2665939198738845,28.578238705395925,48.34501356691516,0.3416414838358059,2.35825420555363,29.944067134678,0.2269880261659352,0.26805037365465423,0.1776983581553755,0.4575810563052406,0.07487379357297028,0.9248188259045645,0.0,0.0,0.0,0.0,0.0
88608b464bfffff,2024-02-01,mumbai,26.66730759531749,19.37204475485898,7.773341509321647,7.073505324281083,242.55806965107752,0.10571993448357808,0.2826076430856741,31.049358404791143,52.53800647567533,0.24309616629881003,0.28465062074747044,90.25871711291373,0.2757032214413219,0.18641472534700992,0.2044292035612735,0.37923025354527024,0.12066474392987576,0.9013866827600957,0.0,0.0,0.30003917940326974,0.0,0.0
88608b464dfffff,2024-01-01,mumbai,22.578997374709903,10.745773270843952,7.735594726409195,0.5,180.57943720145164,0.18277164428809195,0.3961639821250711,27.394122281148242,46.35330513140016,0.5969605645704549,28.449833853225265,255.94472930804852,0.7309731241646293,0.22570781664046233,0.19929300902505998,0.4361726061715419,0.12862061945916742,0.9286841652768552,0.0,0.0,0.0,0.0,2.243918606997043
88608b464dfffff,2024-02-01,mumbai,28.278913875939917,21.390985724363276,0.1930886707222618,0.7832670229012284,234.55192538628268,0.09974360829109728,0.2959586526752051,34.03180068447348,52.90858728586193,0.7695381911058204,9.296605232597475,599.5318640575657,0.5352208589489172,0.27114917949827155,0.20222867274518627,0.4291474967727552,0.05885440592804657,0.8997322855165903,0.0,0.0,0.32971707853975646,0.0,0.3180518888803079
88608b4651fffff,2024-01-01,mumbai,23.384844059065994,12.987224780910525,12.48853268602786,4.523516422375775,187.07713314919587,0.19418256218616503,0.366509649091602,28.170825469052264,38.02934251221672,0.6941842849247963,8.237371013724433,274.96262724147704,0.609775772839189,0.131532290837171,0.1837502838361585,0.40010771363096453,0.08769529756567919,0.8881308907411027,0.0,0.0,0.0,0.0,0.4491246173045234
88608b4651fffff,2024-02-01,mumbai,25.200215918592917,17.689880239205372,0.8415492410130522,0.5189922653566061,261.20744928251787,0.11169425670458502,0.29832646708458205,29.97542852056589,47.13378485393816,0.337052967929507,0.9634509213858022,158.75249726125105,0.13574021952153736,0.08229138848871452,0.20425022121523354,0.43022547688188356,0.10941774609761892,0.9015066921771934,0.0,0.0,0.0,0.0,0.0
88608b4653fffff,2024-01-01,mumbai,20.98116550626579,10.795323316266883,15.551955317995054,0.5,196.10360354846358,0.22289982503095934,0.26247450476677636,28.740843291818013,37.320595017442486,0.5539200761995544,4.544642719981819,140.32537286409195,0.36929571051409976,0.09540882250854428,0.14224421820133573,0.43608902783993303,0.11121052180119459,0.9040008625119675,0.0,0.0,0.0,0.0,0.0
88608b4653fffff,2024-02-01,mumbai,23.45070330515713,14.03670167602141,10.251962103775272,1.7185319600097895,244.38919526100648,0.11499988501261729,0.3012917712868433,29.040711315459358,50.18906862742288,0.2878116061451434,0.30760552910305455,105.27350063887182,0.6625089131485106,0.1758376648091433,0.2025634038170125,0.40305551699107484,0.0833114687239304,0.8803309045575115,0.0,0.0,0.11192490413032546,0.0,0.0
88608b4655fffff,2024-01-01,mumbai,23.767102944581268,15.335522912766788,12.682746124843419,2.553567880575786,190.47707876609857,0.17186195772716242,0.2960805110759167,28.225630044976565,40.86595046163984,0.6878729656751718,3.523221581164392,95.41047428187943,0.29680899258604043,0.3226546989317638,0.16415234355537467,0.4034141589006877,0.08507426194809273,0.8995180488022142,0.0,0.0,0.0,0.0,0.0
88608b4655fffff,2024-02-01,mumbai,24.469469450484556,13.539564213046793,9.710250538601485,0.5,280.1121478175567,0.1382687248964196,0.23956667170137136,32.26050295065318,43.34794550043809,0.3728916596703333,4.029480390340091,770.896681337789,0.5042541995264899,0.24139824516047614,0.19545271013506674,0.4162638832147062,0.08675005365151187,0.9104505697164603,0.0,0.0,0.0,0.0,0.09810513370353469
88608b4657fffff,2024-01-01,mumbai,22.97805079722522,13.820617702009852,10.064475848680868,1.2458957697611743,188.55293032475487,0.2052262686251512,0.247639522751198,27.210385341042652,54.50783542694536,0.1704846029739894,12.980056513540513,188.48772745557028,0.27737012062682637,0.15672069182531279,0.2328844652483032,0.3945709338673241,0.07455669635906921,0.917345962968517,0.0,0.0,0.4577925852056016,0.0,0.0
88608b4657fffff,2024-02-01,mumbai,24.178253332857423,16.62360466532038,13.274626559896346,1.7885229420927593,246.15570592677832,0.1523121432403947,0.27843135692794196,30.18496308412063,58.31136938720168,0.1473832672184863,6.578973012838359,1052.4774684022495,0.40165568058257994,0.1619405238548961,0.14484226626444408,0.43458127944090763,0.09271309170044519,0.8832484837138201,0.0,0.0,0.7623979347860348,0.0,0.6798772861648067
88608b4659fffff,2024-01-01,mumbai,24.05570281321082,12.234400361075313,31.53180383575222,0.5,192.29600876710055,0.19524545526351353,0.28898230843395467,30.113890718400462,50.50226276668165,0.7782208516761208,10.510578749896954,335.90799547055815,0.6344987568363878,0.0890580901005658,0.18535291895930014,0.4679256099003667,0.10412183752080217,0.8650723466051111,0.0,0.0,0.13700700179852476,0.0,1.1017133335560003
88608b4659fffff,2024-02-01,mumbai,23.20654167416116,15.942926395251833,15.449350038540263,1.1563904760626944,250.9416564058547,0.1095341854564966,0.2199474405549524,30.70887828608086,52.13833167617056,0.5180257717604491,18.76681897534002,110.97685323992731,0.3900060459850694,0.44561106533594863,0.12873768350751477,0.4154049935854972,0.09937761655268805,0.8989043227169268,0.0,0.0,0.26803129323904684,0.0,0.0
88608b465bfffff,2024-01-01,mumbai,22.727903479836147,13.380372697601862,1.790899700228938,4.164125781400615,180.92820429186887,0.22386689380663982,0.35956262496716057,29.04643422976547,39.9597060133238,0.7920779780880223,8.461408774855071,24.134591289375066,0.2278515940094066,0.09313335071932283,0.19665641193936562,0.3794347721103167,0.08449317466893258,0.8801014960568408,0.0,0.0,0.0,0.0,0.0
88608b465bfffff,2024-02-01,mumbai,29.499769860822415,18.490948309305786,8.800952371694578,0.6260948047467545,239.31506844913596,0.11273476236503038,0.3193717356990001,34.378686876900865,58.22819349932725,0.07188160788417036,7.346824316991993,609.7888709674215,0.42229396197455965,0.01585464164536469,0.18343302835887407,0.3712575276773004,0.057189468231706626,0.8414245151386547,0.0,0.0,0.755736808405308,0.0,0.748310011529264
88608b465dfffff,2024-01-01,mumbai,23.980272206648657,12.789510888196096,23.082493060274135,1.73965912486778,203.34751576339954,0.22609094815437825,0.31719364635170305,31.576800791317673,27.3398977601331,0.5480020525811753,15.826837219129581,304.8909276879882,0.45051396272833466,0.23366746794873944,0.22399771981157285,0.3702200385269786,0.05838204738828187,0.836005545548583,0.0,0.0,0.0,0.0,0.7388531012642086
88608b465dfffff,2024-02-01,mumbai,26.895259717087505,16.588782094457343,12.378557926108535,0.5,225.37617373753167,0.10221056330846051,0.28939126063250936,31.10409080349477,53.464363747316334,0.31310407097658005,12.791445974613989,125.16073622342779,0.17122863585498577,0.2006576853995765,0.18040032997799457,0.41045904653896637,0.04332684789014846,0.8807192382328237,0.0,0.0,0.3742263389010039,0.0,0.0
88608b4661fffff,2024-01-01,mumbai,22.336590542209414,13.983615700387848,34.41800504453103,12.919417963058688,220.0811267520399,0.25394960138893663,0.38700941977545233,25.511162025356704,53.06709846540376,0.37303330920499084,14.885721986869678,60.04644293235591,0.07351828191592943,0.4475232700492983,0.17848706693936262,0.4011325855846946,0.0857567742771542,0.8753918880751593,0.0,0.0,0.34241141853021434,0.0,0.0
88608b4661fffff,2024-02-01,mumbai,26.278180656759037,18.275557279611895,19.658113955933864,0.5,258.53642782142197,0.1076842359348332,0.29485327883153384,32.269861027183694,50.54667490676097,0.9177954137882476,6.141963691872514,137.5237444547085,0.3851700509235479,0.1992879404298112,0.16521375478930947,0.42757249429820987,0.0744199336705117,0.9378564302772223,0.0,0.0,0.1405637402412026,0.0,0.0
88608b4663fffff,2024-01-01,mumbai,24.753613984598754,17.442176985396653,0.40319747757121654,10.295048199854085,224.45176684964468,0.22265642106114233,0.39349683525660517,30.748937493833385,41.08078277587177,0.9917437715065831,5.6859556322561495,1121.8385215738965,0.5740486831828815,0.2742298680180598,0.13308058757519914,0.4334492190688387,0.041490144263366634,0.8593420133414265,0.0,0.0,0.0,0.0,0.6235270042074886
88608b4663fffff,2024-02-01,mumbai,23.386004388502354,16.25419878931782,8.700816349808846,3.039832245799021,237.39488935127878,0.14554121807751064,0.21323967152192214,28.689345172705103,54.202143800303695,0.6107879828169335,4.383472326326289,107.47168383284193,0.434647084153023,0.18735042701267302,0.17625086401007897,0.40909337920797306,0.09103540565401665,0.9326352567083811,0.0,0.0,0.4333113249434426,0.0,0.0
88608b4665fffff,2024-01-01,mumbai,24.493633197884154,17.164505982715063,20.14043465667623,6.007214561648151,200.60119404518494,0.25068727554160586,0.3565053690651671,32.457943465511754,41.132305146155204,0.44426364672417645,12.322573306883465,313.4058730137823,0.2762540855910832,0.018056747979273476,0.18324779791901485,0.4042687114215002,0.12714285193533095,0.8666263434723904,0.0,0.0,0.0,0.0,0.7060718728084397
88608b4665fffff,2024-02-01,mumbai,25.742278223182172,20.738189804735104,10.431955569520468,7.575840505447868,216.56016170412337,0.05,0.3478356508911026,32.44518592385299,56.61976908156143,0.7655815419378348,0.08585161462216118,156.24822741533814,0.714084060839685,0.21163951075881868,0.17930358196832288,0.4439039739935685,0.09214418871143329,0.8462611846660782,0.0,0.0,0.6269264212320471,0.0,0.0
88608b4667fffff,2024-01-01,mumbai,23.066906150449107,16.200869563700827,1.4772352520372076,0.5,214.1403258425058,0.17279695153987312,0.28980699934790677,28.430168317105323,44.25117089766448,0.5008926476005168,3.076215904740846,120.56738456997053,0.5004241755720394,0.02765470374548256,0.1761626346048925,0.40738809959189864,0.047338026650773725,0.9203013645585576,0.0,0.0,0.0,0.0,0.0
88608b4667fffff,2024-02-01,mumbai,25.35309569297809,15.822541545750674,11.519441766441565,1.1556294142595416,245.10478092566171,0.1477482767407938,0.23857645128007507,28.330193444475753,42.72103469825445,0.5281432495990733,6.128964129647795,126.60929805010859,0.4606082172682351,0.08916892501229719,0.17767685120928475,0.4695548132070649,0.07449838802117455,0.8876390731857969,0.0,0.0,0.0,0.0,0.0
88608b4669fffff,2024-01-01,mumbai,21.789296532108388,11.043428332064995,23.61090990060101,1.9369774836039313,213.63015698184932,0.17242428628090936,0.3998967910872755,26.964267151947205,36.143521717592286,0.4440080872335602,0.6855218646733706,134.91948480413274,0.20733579900924487,0.013204373686240828,0.20624230554616785,0.38295992028121534,0.12262889091082202,0.8418389453337768,0.0,0.0,0.0,0.0,0.0
88608b4669fffff,2024-02-01,mumbai,26.316436567513236,18.66561817366052,8.748974984350237,2.1795343790827455,237.42647411678007,0.09034847834492898,0.34578702793281413,30.06459328801231,61.990410949587634,0.06698735038302708,17.489674189526642,171.66203547731484,0.4028041250572488,0.14339458580456574,0.17256547290392066,0.40506623732982755,0.06535137248269444,0.8690133918574905,0.0,0.0,1.057033332534921,0.0,0.6641219458184177
88608b466bfffff,2024-01-01,mumbai,27.260988549016083,21.646643164338354,4.82896535070571,6.056900913316198,233.55393815165573,0.217224486795242,0.3511602162352937,33.152236555602585,50.79758700271664,0.1869875312068764,1.55241126957927,71.21863645321834,0.38259410657219445,0.060699589024937196,0.2616558662055807,0.4190969890122376,0.07633609871681028,0.8868702093610805,0.0,0.0,0.16065799140371548,0.0,0.0
88608b466bfffff,2024-02-01,mumbai,21.857540949904998,10.955214700235459,19.762870747228792,0.5,256.1912669536362,0.1218913160480436,0.2924124910357874,24.64121823718972,50.079281580929575,0.5446467302830491,5.547151375163027,602.9764159860401,0.29858010182818834,0.08000940581188819,0.15569878021799308,0.4286923924823591,0.08590264379976677,0.8926309449663495,0.0,0.0,0.10313262778260932,0.0,0.030005478011456053
88608b466dfffff,2024-01-01,mumbai,26.836451544281427,18.833764726269713,0.16191258710903716,0.5361043760763398,213.48320900375873,0.1927654783036704,0.2984214070288955,29.371357484778517,52.90239819223313,0.6243113012881351,26.423284489923024,367.66743867451083,0.09477314874648562,0.45103493077403806,0.1271796610304329,0.4113774649812073,0.048725561598442706,0.8786253447322615,0.0,0.0,0.3292214260628531,0.0,0.02434707256833189
88608b466dfffff,2024-02-01,mumbai,25.106842863446808,13.94601511928866,6.049958621527201,6.59302951780657,239.7925495939865,0.06507774107630168,0.31040417415762594,27.512653560991897,48.40394185474051,0.24721388390770646,5.6914269241184146,353.88215872071044,0.200401515119345,0.3432155218763525,0.21338983940435174,0.40507009346445133,0.08507334494277928,0.9299785223408699,0.0,0.0,0.0,0.0,0.0
88608b4681fffff,2024-01-01,mumbai,26.427997279741717,15.49265548542084,10.80768197940735,4.211174722083057,190.30020199276115,0.19724751486105901,0.34321183965184837,32.03746739488629,44.98727378204603,0.4143010215292864,24.293420458851095,154.57840355140195,0.4658361307813475,0.11074156623058243,0.17338812653779895,0.4670411348003538,0.03783074387528045,0.8142986083652313,0.0,0.0,0.0,0.0,1.644471871147018
88608b4681fffff,2024-02-01,mumbai,28.0088750122522,22.983203871144106,4.096433764373323,1.5549689612855233,251.58731829894765,0.139830539124481,0.23245990393648192,32.193318227104605,44.53477370495612,0.7388204772846988,8.75745976493274,36.17929096771631,0.35330677809591615,0.005588370776429976,0.18525871867310445,0.43606550951642553,0.06488344789528142,0.9101495539891538,0.0,0.0,0.0,0.0,0.0
88608b4683fffff,2024-01-01,mumbai,23.229528161243504,13.723174877553225,7.338121638548602,2.6408520656254866,204.99819824263693,0.1614284499646857,0.37723987515849383,25.697815656664556,49.729067625760635,0.5925459448011239,2.9641123959074327,913.2742679582707,0.38447236289069747,0.02996649225188776,0.20149327360926636,0.4153982559532969,0.05473627058331812,0.927242110981292,0.0,0.0,0.07508580465525878,0.0,0.3209943708806954
88608b4683fffff,2024-02-01,mumbai,25.565632518916697,14.925989904921135,7.502873629611059,0.5,267.95304981968724,0.12550562465323672,0.1808595142748778,29.367235387923916,51.062444835020685,0.06904420252762404,1.1006374106142847,238.99876077505607,0.02632351012861539,0.013211977899635883,0.1823209311641415,0.410861385987729,0.10078532135228147,0.8457393429676773,0.0,0.0,0.1818690844138201,0.0,0.0
88608b4685fffff,2024-01-01,mumbai,24.673107384460604,18.33734131997779,9.938621223405562,0.6743726873288005,195.90209327440905,0.1929372404994498,0.3088052867812944,31.502237243841325,45.99344061727487,0.17265001053403164,3.934593305830333,138.0997939131237,0.4027674660238337,0.2668857773759757,0.21148482570862825,0.5162598019497565,0.07280276507809777,0.8868251366991341,0.0,0.0,0.0,0.0,0.0
88608b4685fffff,2024-02-01,mumbai,22.134100581568603,10.529789903482062,5.720103728288572,4.650976586061262,242.49696548135165,0.1332169540551344,0.37677457743666903,26.152300025813418,55.34075973869497,0.5616539543230257,5.146506111654477,153.84644587085242,0.5042446923167923,0.010438161458613513,0.1774997995422192,0.3954115368052777,0.07036645116120853,0.8320261119318709,0.0,0.0,0.5244971825105337,0.0,0.2962786608857415
88608b4687fffff,2024-01-01,mumbai,22.661490710195014,12.514244926763912,13.903419928419265,6.309254107628165,219.20757092190473,0.15234148044084886,0.25728215985976693,28.678699304469262,54.839739685603746,0.7576281390381039,20.13440005241799,637.9960757472004,0.22757726273450463,0.07836473989781732,0.20548934288828274,0.3974874232806252,0.05278158835188555,0.8903917678187233,0.0,0.0,0.4843730795017687,0.0,1.197924015135792
88608b4687fffff,2024-02-01,mumbai,24.149111287148102,17.417750254453928,0.2078842339462431,0.5708874882528385,226.66864051278532,0.12344923254887138,0.2459300366541665,30.421314162991344,55.821306726083044,0.11100292612964836,0.6665760541817354,229.08601396761148,0.5937613131166347,0.3542431292957438,0.1438128027382404,0.4035369361815333,0.1417893785819449,0.8632078784609958,0.0,0.0,0.562981703646058,0.0,0.0
88608b4689fffff,2024-01-01,mumbai,24.9339621181644,13.20671585884519,9.678977353162585,2.5031822639882146,183.50184524112586,0.16991303436968974,0.40192624680083644,32.563559731977286,48.521438191789265,0.8776633258163236,7.015064336851438,300.129505159873,0.22270837565218465,0.0064643819207073315,0.23122140958790077,0.3682658324630867,0.0022836181350894824,0.8282932732769428,0.0,0.0,0.0,0.0,0.0
88608b4689fffff,2024-02-01,mumbai,25.7898940873098,15.16971308173184,12.912360285557249,0.5,232.33864553612528,0.12878276670970923,0.2657267303786115,32.07485095611988,47.84600892864678,0.24364795673394637,4.894281552368884,94.33083503772397,0.21287939403322562,0.03300001863356361,0.16479440842849724,0.44126124124531124,0.12492804322417869,0.8525037681974528,0.0,0.0,0.0,0.0,0.0
88608b468bfffff,2024-01-01,mumbai,23.395709008035784,15.017068897308326,15.397010802913371,1.774094840738922,176.40991114200648,0.19472858479622496,0.29133482856511994,29.800006542291186,37.99034221878406,0.47745406546472435,2.505090475441877,63.25700357739574,0.6970537006073573,0.004763113096762446,0.18812617503528845,0.4397302045424935,0.11860290072752143,0.9542621865111311,0.0,0.0,0.0,0.0,0.0941620709611429
88608b468bfffff,2024-02-01,mumbai,26.025916004389092,15.582616852215748,9.972714639696491,0.6612705242447363,260.6641652285424,0.09606100118703997,0.31970625334881847,29.56893945404765,51.21700614208218,0.5996046121151669,3.1793528623180283,539.2216444519173,0.5613463863748787,0.11046555840799728,0.23028484065943858,0.42714150334604195,0.08080123856569799,0.9293018470079644,0.0,0.0,0.19424709956000333,0.0,0.21369523300377546
88608b468dfffff,2024-01-01,mumbai,23.778685946890437,13.6442213352162,8.930606666567545,0.9465068682631688,200.82276290613976,0.2403436772215331,0.4149511714038529,31.472963973873544,49.349641181745994,0.6400256216271726,9.56545578932831,67.71236486894382,0.3750025185663587,0.12256228091425003,0.16436395918335142,0.4084253772296647,0.0845410472589287,0.8139820587402328,0.0,0.0,0.04469950448630927,0.0,0.12547345229850615
88608b468dfffff,2024-02-01,mumbai,26.106088535855523,15.977622274587448,11.354175890507246,1.0497782526765278,247.40727063847862,0.15820266029956281,0.3000244692543903,33.61118886533122,56.200055234866284,0.5990620547968102,0.5589296525201104,32.28747761998936,0.23983017593504172,0.008473276977840177,0.13022857915488978,0.41126678169253883,0.05901573033241078,0.8488336924789446,0.0,0.0,0.5933137114909971,0.0,0.0
88608b469dfffff,2024-01-01,mumbai,23.030430448078082,12.904219354630014,6.523080409727003,4.57626354690316,208.39780046702447,0.24092331292555533,0.3327996292001388,25.11171711939525,44.80889257996305,0.44327671275680935,10.665777207789917,85.47333901999197,0.538023824456222,0.31766044263680543,0.14587079624430746,0.39357101425043484,0.08429979807548266,0.9016992812559399,0.0,0.0,0.0,0.0,0.0
88608b469dfffff,2024-02-01,mumbai,25.603149086583734,18.579647264518012,7.604361033321664,5.876344442765312,267.53465424104877,0.08173905555253128,0.18977125088204833,30.329924111650364,55.417196949933405,0.29615474926143176,9.521028557146906,532.1598186335448,0.4282892278081634,0.11096931721050203,0.22530531574809842,0.4064377885415631,0.09676133187843805,0.882900781392704,0.0,0.0,0.5306186431556934,0.0,0.708435744051629
88608b46a1fffff,2024-01-01,mumbai,25.929728613196602,20.307720143207284,15.403535681973457,4.482805359479027,187.85321394105182,0.13801215117804455,0.26482899498666446,31.259023387159537,47.883249511214345,0.7209969416142701,6.056347843464397,98.6377569668418,0.2534834164520831,0.33080684014250533,0.18615586204960258,0.34487351411114525,0.06626151299134969,0.8970669603755018,0.0,0.0,0.0,0.0,0.0
88608b46a1fffff,2024-02-01,mumbai,24.87312619664687,14.098115385512504,1.3221802288768676,0.6893193720179113,257.5012144969185,0.14956329309254066,0.25827900606841986,32.51000937874413,57.095623064125036,0.7869875317348369,8.854124048114496,237.92195391038842,0.2376029277144044,0.08455235164608246,0.24756406657388802,0.40919727120006316,0.0980048702132994,0.8847055644574195,0.0,0.0,0.6650351038999575,0.0,0.041064243275366924
88608b46a5fffff,2024-01-01,mumbai,22.120692040596776,15.937209233982433,4.446492543460384,1.3982202225499907,213.35959099159686,0.15530770702852692,0.34140887952145677,29.628954810588255,46.193903626175654,0.32085603431496373,9.267985188358972,81.5374853424649,0.2558827681255586,0.17012768835460315,0.15183068972845304,0.44491147386328445,0.06911814921810537,0.8687483382577844,0.0,0.0,0.0,0.0,0.0
88608b46a5fffff,2024-02-01,mumbai,26.768457829357008,19.073600433157686,8.980245201461823,3.1941349708519926,265.29088557504775,0.14076591584311807,0.2060729552860373,29.47058458453227,52.746086447149416,0.7501981193787691,9.215334182555212,900.5308456643153,0.12919420759057737,0.2873028204851411,0.14739689234988024,0.41229441315343585,0.027770828982959392,0.8815223045997755,0.0,0.0,0.3167032273949115,0.0,0.0
88608b46a7fffff,2024-01-01,mumbai,25.289842220697622,18.48229752807518,10.08027984080299,2.5565227683206952,188.21338989582443,0.21078206463468796,0.3641133893287043,30.183993289942055,50.82369114555404,0.5148608734583375,2.820818149804843,568.222893237884,0.49391801134505103,0.10629078278578116,0.17759946576296246,0.4392839860634811,0.06452798198332549,0.8773846692283434,0.0,0.0,0.16274853710084058,0.0,0.12960419028930334
88608b46a7fffff,2024-02-01,mumbai,24.073352848399495,15.801572069774831,12.595912324593474,0.9412588913274151,254.36193093630715,0.094903712758199,0.2705619601760852,26.283210220500692,46.559244744473624,0.24734728307901202,0.878568555483158,252.9449644666231,0.46956856662805907,0.009492598573487904,0.17533444392631586,0.4449394917754512,0.11277551962349688,0.8552407394109999,0.0,0.0,0.0,0.0,0.06110154617615589
88608b46a9fffff,2024-01-01,mumbai,23.79909980422189,17.912180086268616,12.586923323764978,3.033681071847603,222.90315199354706,0.2559062516850809,0.3252899092076529,26.865035182673843,45.83729643666995,0.42874451832585636,2.455657958402603,252.30417186093715,0.2513215985791779,0.1593084725403057,0.19798805206244935,0.38797603594523977,0.03955888597827539,0.8635999909241255,0.0,0.0,0.0,0.0,0.0
88608b46a9fffff,2024-02-01,mumbai,25.797512315679462,17.15077392723044,17.905595586643116,3.5262258087706764,247.33112211615332,0.08157582710225147,0.24305197708543358,32.059563811907594,56.6784446212282,0.6019217322137829,7.225348502952333,9.575172629215437,0.16110686852149853,0.05834792801576827,0.14810796543782379,0.4029461439876985,0.07741997169139857,0.864654052833575,0.0,0.0,0.6316254415270607,0.0,0.0
88608b46abfffff,2024-01-01,mumbai,25.255484090752073,19.756661589272507,13.390501318401192,2.791642861197531,201.3288588339778,0.22808331273871682,0.3736986249576873,32.1356956739115,46.48016841358765,0.7637992075659324,11.526370776421382,61.76523326046268,0.14159621750119608,0.1162988133951717,0.18806469519525984,0.4093077293848233,0.12986536241587487,0.8964862808881162,0.0,0.0,0.0,0.0,0.0
88608b46abfffff,2024-02-01,mumbai,24.071080455208197,18.930524598601536,7.135638790295465,0.5,277.9876102349462,0.14781715478641153,0.27943915963736365,28.64343177388897,48.501803986549184,0.15421864889428466,4.526656218669203,765.4703171606798,0.3375658498347985,0.023324980486260118,0.20431994123184918,0.38428311876285626,0.07310963998456244,0.894217271275639,0.0,0.0,0.0,0.0,0.3892416560956447
88608b46adfffff,2024-01-01,mumbai,25.06749649722422,14.103303488514959,27.813449503315564,3.5851675411629484,217.36084436211934,0.1816445244729296,0.35670986492987605,32.412954351265284,42.7507516925726,0.6755875417834911,6.639058235808884,259.6691256607034,0.1434555374948441,0.147448819201523,0.1011152542521643,0.4183546165993391,0.07431940409985752,0.8994358660172919,0.0,0.0,0.0,0.0,0.0
88608b46adfffff,2024-02-01,mumbai,25.664168791975356,14.928967246733967,0.9262092545013568,5.058326076677771,261.22282146719897,0.11604838232524367,0.20535567116295994,30.19344052208308,55.881995655417136,0.6433615405940929,7.548890447329614,120.86690920210086,0.757462461978349,0.01218119147672729,0.15864919419003004,0.4054301396846107,0.08880197790125935,0.8882313646660096,0.0,0.0,0.5678419658991724,0.0,0.7746139738045055
88608b46c1fffff,2024-01-01,mumbai,22.26827109181792,10.896801870092261,5.454293746699761,7.605620367008215,186.91308124625795,0.18838645113065317,0.3628451199417312,29.795435854996338,48.59721779111763,0.03829498542899459,1.7077777419254596,36.27964984913732,0.44047404667735507,0.11879316123239114,0.2015499405485143,0.44912648066332406,0.06126620520836641,0.8431679956367436,0.0,0.0,0.0,0.0,0.0
88608b46c1fffff,2024-02-01,mumbai,26.90212404435099,18.331542126252618,7.495526340798353,12.900262647769779,249.74097899148506,0.09224491534743834,0.3202224136030357,30.876705935736197,50.64033417236385,0.6910509710034723,11.693939398756832,212.27422843716775,0.29480932025681655,0.3183850063545055,0.18893806853352485,0.43677403246355206,0.05997749805296289,0.8349813458310492,0.0,0.0,0.14806442608718648,0.0,0.0
88608b46c3fffff,2024-01-01,mumbai,22.789605855373306,11.294383852953981,4.389918015916455,2.238090147426984,182.17535298166058,0.19925191060531824,0.3000913690943306,30.02355876373894,40.1923395111491,0.789333545958389,3.5591261861398746,910.3655273208814,0.6113711844079647,0.1354889050442213,0.1335149020987832,0.43257056595412935,0.05234362119101541,0.9059452127871854,0.0,0.0,0.0,0.0,0.4801673706565482
88608b46c3fffff,2024-02-01,mumbai,23.77388627580416,17.100341433433613,3.9862889726288304,0.6758611079701942,276.35509168029915,0.12009034617563454,0.2776653340814995,27.91062659991831,48.55161457402212,0.4103336723343894,3.3143491847810087,85.36820632914822,0.14634590170656836,0.23003925832020636,0.17281534648603872,0.4359041373993537,0.08689737546868821,0.8703034404170288,0.0,0.0,0.0,0.0,0.0
88608b46c5fffff,2024-01-01,mumbai,24.37545470731678,19.070622007306476,11.296811509484598,4.530328741634932,215.48266467141354,0.1774244549786596,0.3137640498870226,31.218670215817742,41.91842629519365,0.41851750614277083,0.19486979794017908,353.4409755876147,0.20947735133911194,0.4387360688696525,0.20480477797513236,0.3677583575166867,0.12093503480543955,0.9148012737678327,0.0,0.0,0.0,0.0,0.0
88608b46c5fffff,2024-02-01,mumbai,27.429240607246953,17.199407275279306,5.58600332474138,7.626786971547572,265.5661379964506,0.1483248737927209,0.20539213449640054,29.739773338683417,48.40515243536491,0.7661498830128244,18.00020065222798,124.1679657361371,0.17855272132723637,0.01950029253012207,0.14427609880666453,0.37989819486659243,0.07673751977930429,0.8575502618595524,0.0,0.0,0.0,0.0,0.5222440832838819
88608b46c7fffff,2024-01-01,mumbai,23.231933899826277,11.475523617343757,1.5970694784984576,4.792394899563989,216.13058194876743,0.17680877787560714,0.35612339790412456,29.146576947793903,47.21068041087823,0.5398379158683905,20.728031363078866,48.90586133515432,0.5286684422450618,0.09131685892042779,0.12689266214953832,0.41771800457463265,0.13781505055968124,0.8720066633582945,0.0,0.0,0.0,0.0,1.343605117785974
88608b46c7fffff,2024-02-01,mumbai,23.635645165033683,13.798074647638698,0.9945142412036152,1.117744823040505,277.6631494230345,0.15035871520735206,0.2997776368018026,31.432608164139875,52.543862437253445,0.8126998607409741,38.418721471823694,612.5408479814664,0.1916310171933869,0.035329232895904394,0.1891729990721489,0.4253532376705335,0.0646151861736877,0.9232719646970344,0.0,0.0,0.300508153058368,0.0,2.7044384724904824
88608b46c9fffff,2024-01-01,mumbai,24.165158535364867,15.073212041462881,0.40261263556193644,5.139661656442187,186.9835192854748,0.17824659038165588,0.2807517203586887,26.316758074567225,46.845243048480846,0.5244501737690609,3.6033472170002354,695.3711297257776,0.22675531324222759,0.22834443695527754,0.15845775460113057,0.4287467415046571,0.06774003546816054,0.8706308273731665,0.0,0.0,0.0,0.0,0.0
88608b46c9fffff,2024-02-01,mumbai,23.019137329717665,16.219661462008048,8.93137709519473,1.870745704592879,255.09747011208128,0.14994105917994466,0.2949814960637539,28.01489635817426,49.21063501468653,0.4469935409409055,2.183088139569022,182.08809320879206,0.863940678217655,0.08689305343737701,0.17123274999225932,0.34862946942489637,0.09626534148604408,0.8548099351503534,0.0,0.0,0.03356721999682627,0.0,0.5394332159984162
88608b46cbfffff,2024-01-01,mumbai,21.500333743181944,10.843368569572192,0.48508853775829286,0.5,232.03880017161646,0.23528819982243204,0.38477197416799225,24.258195600409266,35.12602599433306,0.8144929895262422,15.06219240448584,109.95838500386643,0.4944501054760355,0.27603416677201587,0.1368368010881979,0.47174696218297335,0.14932816728648723,0.9364693045281808,0.0,0.0,0.0,0.0,0.199954796769501
88608b46cbfffff,2024-02-01,mumbai,25.79747288062794,15.075766522334954,46.04617410777816,0.5,239.02865076103325,0.0545571483386081,0.30343641075059335,33.666207349204626,50.69762088798849,0.14391895549146094,4.349106694277233,152.39962876220656,0.43874689891491414,0.09781801234375875,0.18956233511091314,0.40071069272678594,0.07742863210728243,0.9049707360638406,0.0,0.0,0.1526522226525636,0.0,0.0
88608b46cdfffff,2024-01-01,mumbai,21.682375759760728,10.045464936135827,30.566523242319708,8.449217585959634,201.3913524145205,0.18697065533770374,0.4629060553319927,28.42458753379728,48.4092655303533,0.8737200303031901,23.35560641953233,524.7086220227535,0.2995716695304114,0.031204893901149822,0.15953007667098848,0.4822155825998257,0.038863599511611766,0.878644332516234,0.0,0.0,0.0,0.0,1.5827340684925553
88608b46cdfffff,2024-02-01,mumbai,23.697873558212578,16.36847573446313,6.397531693533861,1.358305108958661,251.7710254669296,0.10535315803358608,0.18270531322664077,30.32541232444596,49.308819462111096,0.45603950892901096,4.06256611698457,706.488685030737,0.5182492183920304,0.0647373740071425,0.19721022025950508,0.4448263509174861,0.05112172362319364,0.8679552230612377,0.0,0.0,0.0414303042347031,0.0,0.6055770614451793
88608b46d5fffff,2024-01-01,mumbai,21.711189657204724,12.43265962264809,6.006861530783537,0.5,204.97340736784793,0.18234758921216465,0.22873587521454075,26.527436649181897,54.10071277316235,0.7912101137725503,0.909841548759818,397.199845282662,0.35473504471332223,0.33879728489587835,0.2164730271032252,0.44116859843003,0.07143850473314768,0.8496006254251821,0.0,0.0,0.4251882389388127,0.0,0.0
88608b46d5fffff,2024-02-01,mumbai,26.82169126849137,19.46650971606943,26.66938547477528,0.6771675406490504,273.8655638167608,0.07213386093044369,0.32573219258422403,33.55787237251361,56.75902960275499,0.5614104699423175,8.60682056630754,26.887132084275613,0.73765640846366,0.03807386951370891,0.18628843798635378,0.4355134066775154,0.10692702161138551,0.8514821046541068,0.0,0.0,0.6380790756277134,0.0,0.9597912213421169
88608b46d7fffff,2024-01-01,mumbai,22.88522669135993,17.544464802389772,7.8322139653734615,0.6931869355694811,199.28606963763394,0.20883855475325538,0.3775003603207435,28.495127121815433,50.83006924100978,0.37149934649279026,10.662557273747431,449.0430842405437,0.05735538426729582,0.5106880021907866,0.17887804566895346,0.43086303329254716,0.050975859988113416,0.8301003510195757,0.0,0.0,0.16325932575587948,0.0,0.0
88608b46d7fffff,2024-02-01,mumbai,23.644299861929525,13.081215878717883,17.7777457361373,4.468048349955702,254.80652171991127,0.18480355425748213,0.28377012504433585,29.428679025752565,46.29281247744925,0.6987890414033614,12.945007495471627,319.67659121179463,0.6574819679009799,0.23592937034592124,0.22276590739423813,0.4311895260626462,0.09892895822076389,0.8617128891575677,0.0,0.0,0.0,0.0,1.006870022591322
88608b46dbfffff,2024-01-01,mumbai,23.01779703739666,14.265015464862579,1.0073239403162149,0.6146407372901478,199.74623652801753,0.19003371813166592,0.3037013512046204,26.354345099218975,42.435170275817065,0.760690083493891,0.9526306564908472,671.1714786860185,0.6241655230347737,0.16730641944853503,0.18110967489859273,0.4594034422721323,0.13831604755004023,0.8688573130280667,0.0,0.0,0.0,0.0,0.5121554326204197
88608b46dbfffff,2024-02-01,mumbai,23.451069253838316,18.023105131340813,38.14711528361081,0.529455928609285,250.02146983495774,0.1014201372930307,0.3222998260378819,28.310372307161806,54.32465404513859,0.25319024422841235,7.882181915273658,350.2197618999907,0.6734276711412885,0.049545569689785574,0.16989725375718204,0.4147877568423942,0.10993953807176497,0.857626622577406,0.0,0.0,0.443122536397067,0.0,1.0390495146162355
88608b46ddfffff,2024-01-01,mumbai,24.02994874054527,17.020345637932763,25.353844588445543,4.903902094020784,184.85230351664705,0.2055253950129386,0.3582275554058673,26.42029578404182,37.606032442874955,0.6809865733383073,3.272033642360224,326.27759947270505,0.7102977102592963,0.6042874417319877,0.16781258324129109,0.4743563545417258,0.08358518230736578,0.8986928801513057,0.0,0.0,0.0,0.0,0.0
88608b46ddfffff,2024-02-01,mumbai,23.09874732497854,17.58747609349632,1.2059942041992768,1.5817354804633585,216.75922561675446,0.14600982784812483,0.2148759331955513,29.461763429524165,53.41090531424373,0.33316239575981266,0.6749727573537103,770.3954843557544,0.7044704421471742,0.05273971532468841,0.2223016309842762,0.40122774471281086,0.0874267224640279,0.8829382133475805,0.0,0.0,0.369945129671836,0.0,0.8840020900971665
88608b46e1fffff,2024-01-01,mumbai,23.88331381940032,16.287787601350978,11.820071674430723,4.002012594930663,203.11727416668975,0.26023308294625147,0.37442195208095286,31.40065786163332,45.10549972095333,0.3074515383093708,13.236453474039719,236.13064486884846,0.6158305141587855,0.3212839025476012,0.16541246707921387,0.42974499200534116,0.06887315606883884,0.8402097795190757,0.0,0.0,0.0,0.0,0.46336098890073674
88608b46e1fffff,2024-02-01,mumbai,26.793996161803513,19.728894369169833,3.6598375876904807,1.0526706584881222,253.93733583626047,0.15336192658208847,0.28071443710843347,32.39678191014451,49.80646207785164,0.43375823888774645,0.6055301215081529,218.52301535803392,0.6135808583125538,0.248968432057421,0.10338999551853363,0.41534695855020204,0.07732838208430602,0.888444972249983,0.0,0.0,0.08128392576607359,0.0,0.0
88608b46e3fffff,2024-01-01,mumbai,22.800493518824887,11.548563176041348,3.8133205810448993,4.799931730869209,219.6807050668785,0.18784856972116776,0.2789215010407951,29.532196682575183,49.07120623951542,0.476857671918134,1.6594539128137915,235.4932321693293,0.1205825207516773,0.1785119974713901,0.18259280391416188,0.3674806198029936,0.10087857861545524,0.8791117897612726,0.0,0.0,0.022401091010901174,0.0,0.0
88608b46e3fffff,2024-02-01,mumbai,26.76032574256252,20.13614411669045,0.46617317375313283,0.5,234.27668430114565,0.11548211019668689,0.22661532461978617,29.867153909706204,52.701810417970044,0.4142008640083138,5.018407051346831,1712.1779116110451,0.62948708279459,0.1613917699282667,0.17367299028226738,0.39599285095411657,0.11781303365156616,0.8687270243049556,0.0,0.0,0.31315738936976395,0.0,1.9665405773213507
88608b46e5fffff,2024-01-01,mumbai,21.365356109050733,9.94362397881042,7.892356441402077,0.5,204.9950052985632,0.17231456826537,0.41854408034990104,27.842532569541948,49.56132571681607,0.07683987450999372,11.240598866733482,130.91659637713084,0.12813263674508651,0.04706635410626452,0.2008210959056409,0.40590231567489315,0.10652389231022347,0.8796542843289772,0.0,0.0,0.061652223320834226,0.0,0.0
88608b46e5fffff,2024-02-01,mumbai,25.877942238782367,18.421889059459723,3.6926554584096323,5.8468820448092185,245.85311892896405,0.18791631002728887,0.2677461579787566,29.732399959707486,60.645364475081124,0.4313577320542414,2.608650025742233,149.1709182256817,0.2931763115803809,0.32023689923497634,0.19478253423309932,0.3871580638116744,0.10188087199049298,0.8764211667633133,0.0,0.0,0.9493155217173795,0.0,0.0
88608b46e7fffff,2024-01-01,mumbai,22.783385748637357,14.624100746197657,8.028051479067907,0.5,193.56880112616452,0.2176129077682607,0.40586398384549677,26.131717381990303,52.74972513200681,0.4228219640065392,1.9552359961834949,500.8996049063643,0.03042232216757564,0.17576244025393672,0.2035332246606168,0.4562928656589707,0.12361710354424386,0.8415176870361563,0.0,0.0,0.31699463083302437,0.0,0.0
88608b46e7fffff,2024-02-01,mumbai,24.82149910245481,13.948106377445495,7.113096726321192,0.8471131535554912,233.17914234386103,0.16280654112744294,0.24256487122057896,29.148909738210257,55.127110778548186,0.8855844930392744,8.38379844266274,84.39015926797408,0.31442640304490793,0.48237200035402095,0.16901248887583303,0.37926332533688034,0.059013211111327186,0.8730025304888333,0.0,0.0,0.5073871430385523,0.0,0.0
88608b46e9fffff,2024-01-01,mumbai,22.811893356620267,11.876063845318617,1.8872763029443818,2.6094398445827527,227.3276945399939,0.20522625228421132,0.36882088046629724,30.399570150201882,40.514756478122116,0.25409466601338454,3.820532020418303,175.5887395313002,0.33645254741067254,0.037666143091330595,0.1867597098635423,0.386945646918587,0.0653440565423975,0.8933345586061078,0.0,0.0,0.0,0.0,0.0
88608b46e9fffff,2024-02-01,mumbai,24.312679949730146,14.235463238750755,35.51689596321223,4.1936695662738055,255.594677665987,0.12398340760173741,0.25251610645233025,26.357123753390333,56.879328634562256,0.44698290927700274,8.600082260514691,110.67511228313528,0.26152201387748836,0.2128201901733599,0.16185460978074664,0.4262087767956707,0.12199285096957987,0.8441586943092287,0.0,0.0,0.64771320247415,0.0,0.0
88608b46ebfffff,2024-01-01,mumbai,20.96714014879844,9.620096754660697,5.046953248626367,1.1203031326537554,182.82361242007866,0.16863171493578644,0.3356208439035642,25.53810707120274,46.52423867843316,0.8852688950818037,14.526901114070009,355.7423400498029,0.2961033125896379,0.266840541461767,0.22046757903034872,0.4755944183459153,0.05336517319808304,0.8690514198670767,0.0,0.0,0.0,0.0,0.20988633288384487
88608b46ebfffff,2024-02-01,mumbai,22.40340237821342,13.526137135221573,0.47699978325650705,3.3025901744176576,240.15979636816195,0.10057933516880554,0.3198672566315613,25.094921051814037,57.397164632611265,0.6973781858345374,0.15417067508093898,99.86985627772304,0.6319035915920144,0.1997698639421373,0.19402665484777404,0.41894018830160734,0.09049317361105652,0.8373527117693937,0.0,0.0,0.68918400748319,0.0,0.0
88608b46edfffff,2024-01-01,mumbai,23.473609428235033,17.08755296481998,3.4662988081081862,3.0087028806770446,202.8139680652142,0.16657392201175597,0.354824499523327,31.430984807519796,43.04080319805071,0.2451853821122732,6.379100838771972,176.05430261248972,0.5779587490667091,0.18250026630026492,0.16620875063087967,0.4126261233126176,0.055960727372156446,0.8784137327347274,0.0,0.0,0.0,0.0,0.0
88608b46edfffff,2024-02-01,mumbai,28.19184831871903,16.77211127063308,8.85124169832274,3.3769088201526873,260.5290782388297,0.12084345203145175,0.28447311275190906,33.73731696715424,64.94673880971564,0.3906549432393574,3.2269723482711035,1125.6538347735868,0.352480164939542,0.22268973693809996,0.18051474970023007,0.3407252635767251,0.14118181303731372,0.8660663367660794,0.0,0.0,1.2937903302949674,0.0,0.456395236441836
88608b4701fffff,2024-01-01,mumbai,23.603764568457457,16.27756575142928,2.358438315809388,3.765257294562346,179.4161622439929,0.21753713666148483,0.312198189401616,26.150564799032626,37.10830336784785,0.5659994483626791,17.255649501157674,153.21346595104652,0.1911179331801478,0.1299401633635503,0.15722898050165235,0.3968832092982396,0.06175950875173297,0.8787097710823842,0.0,0.0,0.0,0.0,0.12786102144694567
88608b4701fffff,2024-02-01,mumbai,27.49295743470776,18.73066048957586,8.256423199747346,3.7925620305151404,226.4761575645484,0.15700202801355884,0.26433921540323974,30.37854372200189,50.55066076866381,0.29480801528629114,20.493674745267516,32.31437249612444,0.48223143600750845,0.17302981916989232,0.17919249389896072,0.3952869418400522,0.06408388225427121,0.8363380127335326,0.0,0.0,0.14088294729206172,0.0,0.9872239311499414
88608b4703fffff,2024-01-01,mumbai,23.586508494912213,17.17020161734137,11.871420085519205,2.003191726726846,202.86732289648972,0.220318985069525,0.36407173784675856,26.72950209327886,49.957762485687425,0.3636955234343073,6.660419453057258,600.5074662155266,0.2953966860692832,0.1329117138912587,0.24158299883843,0.3931014386510462,0.09470196889579595,0.861520840653516,0.0,0.0,0.09340079237014494,0.0,0.31736817237654313
88608b4703fffff,2024-02-01,mumbai,27.18623893812761,16.80907637190197,8.488025392251272,0.8682419927462449,253.68040580147024,0.07977015760835435,0.28349996159920554,30.16572566734766,57.762107496955224,0.38895532362192325,0.12035485702776991,422.67860778214515,0.6821501995730482,0.09609131533464958,0.22049368926371593,0.41184486142018195,0.1492471156327651,0.8753993817289104,0.0,0.0,0.7184103927164863,0.0,0.5227313496225534
88608b4705fffff,2024-01-01,mumbai,24.73540309863141,12.877773079986017,0.6212036578844398,1.3263163907065632,187.14158516211788,0.2096315486272928,0.3391597091075626,27.445900418682957,47.84209638359333,0.49438627153806136,6.7683044328194315,138.4762965090545,0.6219701733785917,0.06250681201086428,0.19644074345438495,0.4343472178372693,0.05561440018521906,0.8216081469887586,0.0,0.0,0.0,0.0,0.5943227630610484
88608b4705fffff,2024-02-01,mumbai,25.759730005095083,14.560267693825557,5.871285995558214,1.2763975826716476,239.94140634241515,0.14315391400498043,0.27484013852952127,31.838673133490627,52.795870298204704,0.5078129147407495,5.64341775330848,6.9927524142765325,0.8158818810694167,0.09531954344471756,0.16554804723667976,0.4181487511289117,0.0337102995994366,0.8857005018765937,0.0,0.0,0.3206901583682144,0.0,0.2156057561313168
88608b4707fffff,2024-01-01,mumbai,25.454122613245016,15.266920641486918,16.505054445621116,7.607190161140089,183.33608927346927,0.22462412301816115,0.3206377707966815,28.657918213301805,40.3708099320615,0.19842665214075392,0.5119574851084714,396.4701819394258,0.21216466831393233,0.12014154714530492,0.15838147267355068,0.4268658392270695,0.05110633175258461,0.8492827445815723,0.0,0.0,0.0,0.0,0.0
88608b4707fffff,2024-02-01,mumbai,26.60887228064379,15.657501164265941,2.7009858259825714,2.554757196481457,270.2349412376009,0.09383814327314864,0.2130073997224943,29.618943179800176,52.15640798963137,0.3953267035354927,4.627051602381675,301.3583606854032,0.26399357766112913,0.06244679096649753,0.20076024362806474,0.41140846378018964,0.10114120156183956,0.8789936813883233,0.0,0.0,0.26947893162965664,0.0,0.0
88608b4709fffff,2024-01-01,mumbai,24.023856372795592,16.518173403288547,28.77362274661361,4.136514757699273,182.9660095372063,0.19679143646841435,0.3058789032420062,30.665645747547845,42.083422451249305,0.47832664274743186,7.048640565372365,423.7553145790922,0.5545101779595305,0.08873528283239736,0.16488604932407877,0.42914282948724825,0.10573618182944428,0.8595370818734487,0.0,0.0,0.0,0.0,0.6822670191869846
88608b4709fffff,2024-02-01,mumbai,23.227916103495758,13.234622462452782,26.25735426507724,1.1494057526104562,245.9185057235974,0.1028645816782354,0.2446776206312777,25.906914448128205,46.309775009932345,0.25856955937350673,1.7521070445273699,15.185207970484688,0.42507183359470885,0.17622302251022012,0.19732174000409242,0.39945712222656743,0.060646454236607486,0.8747860005282715,0.0,0.0,0.0,0.0,0.0
88608b470bfffff,2024-01-01,mumbai,20.905998235815225,9.028351395641982,16.069237059510403,2.069014045194434,198.80185768200587,0.22221435974952902,0.3584152311692915,27.717938471214097,54.59906840448414,0.5790331727871788,1.7230411456371855,401.02948302631705,0.526017614983433,0.08642366695913091,0.21025320180412735,0.4126664682640176,0.09512773977542845,0.9037633367587525,0.0,0.0,0.46509896219785346,0.0,0.011257079002040283
88608b470bfffff,2024-02-01,mumbai,24.613848315564866,17.962652686884535,20.360914282526245,0.9518460137191117,256.1339732955029,0.11396654464971652,0.33426428246881346,26.801402364297612,49.31806903931292,0.4823761883681691,0.5275221204912335,123.63598113488153,0.19580950437713898,0.10726392673416918,0.20175173242425634,0.4690316035164371,0.0855476854925423,0.8576651314153194,0.0,0.0,0.04217105500135144,0.0,0.0
88608b470dfffff,2024-01-01,mumbai,22.568344192719014,13.831284676849267,0.423968219557629,2.063779248206979,205.32232127975368,0.20418046255223413,0.33654619504516486,25.232573041581173,41.447399765277886,0.667590252061839,16.690988781262803,644.0186491393932,0.38421042694126845,0.14846266686380913,0.1893641578194287,0.3297113149481448,0.09601023923075348,0.8416627661617492,0.0,0.0,0.0,0.0,1.2917301313048266
88608b470dfffff,2024-02-01,mumbai,25.02173460739908,13.446226210981607,11.13452393961994,2.8393125186748303,247.60121015592875,0.12303326469372251,0.28225845741944144,31.206814346651605,57.934774637481446,0.613219220569866,6.923572691281626,374.77338506444056,0.1804672408329111,0.08166553245979183,0.09831718072915524,0.4167883455994689,0.05207388226995863,0.852521409182766,0.0,0.0,0.7322384103576118,0.0,0.0
88608b4711fffff,2024-01-01,mumbai,24.170363627888673,13.610923180341972,11.084241287860282,3.4173818333456873,204.51210490295912,0.18659533388184882,0.3661848472084889,31.308821330144653,38.33197939803685,0.640770098287046,3.8969885851547774,103.66576851029843,0.4721035264200262,0.18157678991920592,0.20305212747139056,0.3940346516257417,0.19145638505599147,0.8623656660003794,0.0,0.0,0.0,0.0,0.0
88608b4711fffff,2024-02-01,mumbai,23.626477648783993,17.430436977125666,10.821795383130318,1.1310277988390502,260.09690165261225,0.16316468001893653,0.30200401330772875,29.883358025219962,52.763192390809394,0.23307658900550388,3.480192839579104,598.6967352408765,0.48142443342894814,0.2941331295740448,0.23398881623143875,0.44800758710041716,0.04796814256548364,0.8830880682515759,0.0,0.0,0.31807315389034874,0.0,0.0
88608b4713fffff,2024-01-01,mumbai,22.331259369470633,12.971452697412781,4.738347842967177,1.6336092405880887,211.81446901949238,0.22242459620636804,0.33891011994831843,27.431216072139325,37.82157040947933,0.2277042201233849,16.226503047189343,128.636485259906,0.4802384287428423,0.016665352625198818,0.1647491799336419,0.4119846165063023,0.07923274020092039,0.8887249187269478,0.0,0.0,0.0,0.0,0.9527089393991971
88608b4713fffff,2024-02-01,mumbai,24.46570348644299,13.64141753298948,9.416337478715551,3.5150831583456954,243.18529327636543,0.12996836121853755,0.2931308448638527,31.836536779560742,48.37351079602606,0.7985359557909094,2.3473547153865635,178.7074386658502,0.5390847097389397,0.21938680741901348,0.17402827408688173,0.46611484854176166,0.05581749459848285,0.9188318387368404,0.0,0.0,0.0,0.0,0.0
88608b4715fffff,2024-01-01,mumbai,21.781470092980765,11.974295404590562,4.417051192712148,5.887734996464894,206.42834410393053,0.21043023161927854,0.3112492898939046,25.150168198328103,43.66616514277748,0.653066165798913,3.984783426431446,238.79930791661195,0.6243337942223546,0.5508524055348804,0.17726070482859824,0.44432909175934115,0.08885268244071026,0.8876297191650243,0.0,0.0,0.0,0.0,0.0
88608b4715fffff,2024-02-01,mumbai,27.573640628137337,19.229049123666336,2.402354861411496,1.0044105713110816,238.3840373200368,0.1365446548073115,0.26729637136042395,29.635836761764335,52.52700089817583,0.6772798688796999,15.132864763343331,210.42764143238603,0.539236744245659,0.4722765897701907,0.18970607521644037,0.43493535355933216,0.06396201520114847,0.8878697240401169,0.0,0.0,0.29915779966100914,0.0,0.0
88608b4717fffff,2024-01-01,mumbai,24.1291622352363,18.0548742191302,49.63990853738377,0.5,214.90451274096404,0.2140887601049556,0.3188706359806956,27.1870905548633,55.4296447568471,0.7884014901778262,7.909831061695921,33.032728961896154,0.320819648655266,0.20695907970833566,0.1759062015504882,0.4511719770852207,0.08318043051862725,0.8589948918019975,0.0,0.0,0.5316155235874376,0.0,0.0
88608b4717fffff,2024-02-01,mumbai,22.926810198689466,16.660565245563728,10.973206744168309,0.5,235.47881338990547,0.13692327684363453,0.10927578733475055,30.142673037818774,53.64813084552108,0.6712420417366163,0.39359928501207386,153.71052691786772,0.7143330410723255,0.05561971249297194,0.11941410943779263,0.3974885969920006,0.1141052438604917,0.8518916430237812,0.0,0.0,0.38894329470446026,0.0,0.11845485795865231
88608b4719fffff,2024-01-01,mumbai,22.220156686363172,13.121551954326442,28.12995960802003,6.519283190217651,198.65841283380922,0.16124917228058253,0.35712182069131376,27.11871256534026,42.88043686999978,0.2147255160333041,7.158985989774312,367.42378638226916,0.4559708317380014,0.018897727417599083,0.17491120424985088,0.4024018813926903,0.07792853455925183,0.9333213402673773,0.0,0.0,0.0,0.0,0.2064915477466368
88608b4719fffff,2024-02-01,mumbai,24.22370180673457,15.99593369616325,11.002824395421902,1.9723413244138308,273.688134055923,0.10837777090603173,0.26221392319952747,29.67993445131694,57.37557372412115,0.492422625403299,3.6159624854939585,85.55322764151269,0.19688387421991205,0.277109031069755,0.1368388317082399,0.46081085810477695,0.09490047364805447,0.8325903382804836,0.0,0.0,0.6874549033665684,0.0,0.0
88608b471bfffff,2024-01-01,mumbai,24.616215178792025,18.121687313531652,8.483641326759347,3.1044350997541743,219.32754403517322,0.2069136262287427,0.3420435907020759,28.220278471922654,50.49575466066655,0.5435588100616915,15.326333867964582,26.126061472605276,0.6529538091550432,0.07679226916459513,0.15117446463056924,0.3828106391752254,0.13641530691967887,0.8692768410620914,0.0,0.0,0.13648580127066015,0.0,1.1702039920471197
88608b471bfffff,2024-02-01,mumbai,26.638974926885528,16.90095057196826,5.060113761773727,7.769374537633471,245.46286134540452,0.158984985019788,0.42001843306285186,32.65567933425015,49.80486075829458,0.6590624960778663,1.9427577188241696,380.97848273055143,0.16656795818685824,0.02935758400145401,0.1564576876922628,0.5150556143991405,0.01971382874584962,0.9251916584634747,0.0,0.0,0.0811556843704228,0.0,0.0
88608b471dfffff,2024-01-01,mumbai,22.747921517297577,16.137953782392696,10.133121822749228,5.431936400445069,186.5519738674553,0.21340547359601925,0.34085354477974517,26.962403495283716,40.51493643483901,0.6122820620144205,0.8837364004031596,46.72030907254277,0.7048390469055748,0.12927185607784442,0.16354820352861243,0.4529866402064546,0.10977394359963036,0.8762266488185807,0.0,0.0,0.0,0.0,0.0
88608b471dfffff,2024-02-01,mumbai,24.235794136339315,13.45043383839443,19.185289458427093,0.5,253.1674160676676,0.10755663698530392,0.23922665414957808,31.867591156762543,41.57374862106596,0.15262702954188845,23.724721490784987,144.2700551063419,0.43147190829581233,0.3339408701095725,0.17089072615194253,0.46445910066551505,0.10569951557939179,0.8745045158879093,0.0,0.0,0.0,0.0,0.8985210907719566
88608b4721fffff,2024-01-01,mumbai,25.231462332957094,14.818528975206075,3.3881446453140422,1.1618039924931143,167.30104840166456,0.18673902329522585,0.3305770645304941,29.872172226083737,52.28806045102721,0.5059261891255274,19.84769017905415,403.1532726242768,0.4773171517776669,0.16568151161127137,0.1356064079443096,0.3998567842559529,0.08366950646043224,0.8181907839441491,0.0,0.0,0.2800222958918495,0.0,1.4155474031306934
88608b4721fffff,2024-02-01,mumbai,28.014523207076344,20.234710821629083,13.703745749081255,3.790896426528775,235.18670229160097,0.1076139626886776,0.32803423986551106,35.07497107587961,52.330324101032026,0.6310914110277805,6.492191704245818,1635.2972095096413,0.43509401867064806,0.048855890586489994,0.1671329776454973,0.41722779222573614,0.10171157880393691,0.8628370412078619,0.0,0.0,0.2834069728840315,0.0,1.8795433932573966
88608b4723fffff,2024-01-01,mumbai,23.66912666142125,13.916231073551755,24.593176348688548,2.706625276924858,183.63294494428453,0.2105998359882772,0.32858733553537384,28.883140490206756,50.785941268820636,0.5345656944013958,0.8806197056642926,1149.991029077078,0.20228873383913443,0.012177579008672074,0.18829879757121046,0.40832713558479355,0.11483439033677469,0.8565807985697776,0.0,0.0,0.15972534484880613,0.0,0.5586109913520979
88608b4723fffff,2024-02-01,mumbai,27.409337117440252,21.221661187658338,5.086928577870275,6.117762444232951,251.55313855008205,0.14374566968625474,0.27867475382810036,31.416964175031566,48.46448543903371,0.5412308988142067,3.5896323523744877,737.7623096291511,0.1636445437044934,0.20458213597573924,0.252190930778108,0.41580489579227337,0.08146596279273505,0.945730640052264,0.0,0.0,0.0,0.0,0.0
88608b4725fffff,2024-01-01,mumbai,25.30334931172718,14.15941303978037,1.227265252604389,0.9138371864103186,217.55467495927797,0.23108713651610246,0.3461545212880644,27.577248209557425,44.96422942092014,0.5624599989757211,14.076587469455593,8.38574541072063,0.14354334457385573,0.252580928570919,0.16414996342572344,0.43394927808458067,0.09126116617508219,0.8837826023903667,0.0,0.0,0.0,0.0,0.0
88608b4725fffff,2024-02-01,mumbai,25.073626891700425,19.442717445887517,0.32573485398377283,0.5,248.82642188821507,0.12464478096150233,0.2746353425251876,32.89244340418008,52.68976564309217,0.45139380670619456,6.008042116570633,98.69201108925357,0.4878376166404206,0.15743829262471182,0.17360441385593545,0.43360369355148753,0.09782416087208036,0.9321990062722055,0.0,0.0,0.31219278568786485,0.0,0.0
88608b4727fffff,2024-01-01,mumbai,20.7339941608281,11.527187066400035,4.220434325207749,8.519097851347398,197.46294818463153,0.20730503461721106,0.4551230728722021,28.332702277005378,43.064043662239,0.07332668166307993,6.072173249219915,138.921150826821,0.3698475567246213,0.11764128968412307,0.17028330861696472,0.4648174778282696,0.05083501306834106,0.9026862190013883,0.0,0.0,0.0,0.0,0.0
88608b4727fffff,2024-02-01,mumbai,23.100097917473217,17.553575518373066,2.38483764304973,3.74735354792576,245.99023358196817,0.15151986656201377,0.261996723679417,27.45725885814909,54.456417535191555,0.7138433197778303,4.935357380650161,180.26934455190744,0.3673556083074146,0.09407641133504539,0.1971498317792106,0.40322039739563553,0.09219904094933346,0.837563930657899,0.0,0.0,0.4536747923697773,0.0,0.0
88608b4729fffff,2024-01-01,mumbai,24.171953432988097,16.061762620789438,15.332853076306085,2.2656240662871454,223.88941005995724,0.19924347068409398,0.3631649371418062,31.802491313411373,51.902924534405564,0.25331636902781157,6.492565356481345,98.55829770287151,0.13383147863679745,0.03726069875172129,0.21814210793435326,0.38306099155074635,0.11414360957630865,0.8186153201073525,0.0,0.0,0.24917875361134098,0.0,0.0
88608b4729fffff,2024-02-01,mumbai,26.00466910162888,17.882938580527668,2.0264046323327665,0.7786277043527421,263.07601619057186,0.07827834064941896,0.29572061325304944,33.58383588197672,56.05540337361367,0.7344375293896933,12.075446683321728,139.14855624811045,0.38488179078903423,0.05344995441220241,0.1756737663679393,0.43450210525653243,0.09751726605155017,0.8606115832325975,0.0,0.0,0.5817292925730329,0.0,0.5363723974587064
88608b472bfffff,2024-01-01,mumbai,25.425274173345237,19.66579447788095,17.888383696537367,1.1459117304389754,187.61489351192043,0.18158129268340212,0.28252242457496934,29.357533587244586,52.31460041004305,0.6905401962837681,1.8420452030038177,312.13479895404254,0.38012480548590444,0.08117819094128081,0.18696645642485846,0.42458812776201355,0.07025768130498623,0.8845679913978257,0.0,0.0,0.2821477438511275,0.0,0.0
88608b472bfffff,2024-02-01,mumbai,24.258290405188884,18.79222860606879,9.327761647259535,1.9342523747264324,232.49884726270068,0.15048058695452354,0.21080706517241732,30.148014989470646,60.982098279371044,0.5428927512090713,16.690355917932703,106.89020608911743,0.38688170509520525,0.12339497871415833,0.20452183047322353,0.44809725588437543,0.0891720074587849,0.8400598994058008,0.0,0.0,0.976282789327728,0.0,0.8603848692093369
88608b472dfffff,2024-01-01,mumbai,24.480018726561717,16.25178085861573,17.276260191396304,5.8600375903369475,204.02801228968661,0.18586811483417107,0.3639284536993233,28.89398268608307,36.017233245451465,0.7347016385214653,26.694103016420378,101.14791648811708,0.2023750943887916,0.1654927734838547,0.1889765018510531,0.41636029049362544,0.03153539279307564,0.8961732157424872,0.0,0.0,0.0,0.0,0.7394211936250689
88608b472dfffff,2024-02-01,mumbai,24.336955165178054,13.353826275060733,1.459828877979989,10.443146749296446,250.34691946029614,0.19545244183528138,0.2701025605679674,31.572203791395218,54.58024176066729,0.6831886697907131,7.327159903822981,22.709729741429662,0.07015101039835386,0.11862735523585256,0.20659112214331382,0.38534090384614633,0.06126127917750465,0.8602914683303673,0.0,0.0,0.4635912337323836,0.0,0.0
88608b4731fffff,2024-01-01,mumbai,25.522870210215306,13.688435688068557,11.0022245547163,0.9400674734423564,180.82211300864566,0.19669161646697877,0.3718730169895874,29.642558309476293,40.15608272921417,0.41574257921931057,22.403613855900588,110.36414436253709,0.25615934810740887,0.19673044830183867,0.12487394156749804,0.40433382886675723,0.09796401541617145,0.8785792963457607,0.0,0.0,0.0,0.0,0.5402787169824131
88608b4731fffff,2024-02-01,mumbai,24.679275711889808,18.239622444883064,6.2043825490799795,5.543785544401386,238.38814953950768,0.144794026735438,0.2626081065396099,27.924480568506173,54.9866102569877,0.7188986507947109,0.33693941874044,77.7705221772254,0.05134093223454929,0.11879084153180282,0.190546376841289,0.4306071227007483,0.07844588252093049,0.8753856311331157,0.0,0.0,0.49613518343115603,0.0,0.0
88608b4733fffff,2024-01-01,mumbai,22.261006279516437,10.587461149211395,54.09630483504113,2.555411709694855,195.13346861959786,0.22320546765463936,0.3541472401917221,29.07033968466696,39.431107435255534,0.5302305026805193,3.0775902353072926,736.2648755874587,0.5279284211234606,0.007053011546729967,0.19682999491804332,0.42623807996749746,0.07364389159415745,0.878655449201872,0.0,0.0,0.0,0.0,0.7451723411773532
88608b4733fffff,2024-02-01,mumbai,25.815228844690353,14.951795158486952,9.922706034798633,1.0980323806861711,260.31834105119617,0.09708486419739254,0.3003345419087029,29.57294097953442,61.86431326435041,0.49920578716811564,4.946413944145821,60.34835720124923,0.21620046802430767,0.005523772299254436,0.1913035697967368,0.4138805223601215,0.09368515463817692,0.8244638880801648,0.0,0.0,1.0469348215463719,0.0,0.0
88608b4735fffff,2024-01-01,mumbai,23.02150806128023,16.652033319075485,4.298290436694281,0.5,186.67960414206775,0.2452433851097741,0.30823463055529093,30.520188560657722,49.23060050740645,0.6005134580408802,2.326913848079615,56.96174733515582,0.25737433310262475,0.06399159864323724,0.21529792249012564,0.39875242892443713,0.06394471801805791,0.946016095865886,0.0,0.0,0.03516615297679796,0.0,0.0
88608b4735fffff,2024-02-01,mumbai,25.75628910973839,17.58131303273289,7.336801591293617,0.8181444563730165,212.4267009115245,0.11389862013385607,0.2706633807636481,31.785210786015245,48.763445854909904,0.3147833233239096,13.869335777757167,412.20400217006016,0.3869286167672963,0.06498687803808982,0.15933584849069743,0.4926176430615892,0.15716908056259993,0.9325561063396646,0.0,0.0,0.0,0.0,0.9094319068126505
88608b4737fffff,2024-01-01,mumbai,23.954637333568623,17.58810738235945,39.41797717021254,3.5295369748122396,186.3450230037559,0.25863987941296646,0.34212510488846726,30.09197509412741,50.2822313254559,0.9186392176965377,1.3008020380549203,511.00463714565376,0.4019547142385769,0.2306057117391185,0.17460331414964622,0.4268256163932693,0.13073038380920526,0.9211707378454805,0.0,0.0,0.11938582244963837,0.0,0.0
88608b4737fffff,2024-02-01,mumbai,28.273205726874625,16.829788708505433,1.3016112683872278,0.5,268.4588157368588,0.10050209178863603,0.20536582454660637,32.9974966602314,41.23465770176604,0.5082877348995205,12.69099011214895,373.5052803042208,0.33353264641933134,0.4808756671796888,0.1478923172620069,0.4289238806716947,0.04507937262010632,0.8707627159980783,0.0,0.0,0.0,0.0,0.0
88608b4739fffff,2024-01-01,mumbai,22.573617914717815,13.082627932491233,4.437513154155313,0.8714379990017518,204.3009651068548,0.21400550488458114,0.3531047958561974,25.07971841784752,40.00407386325737,0.4571522397707651,42.9748207202877,390.1464291535883,0.49008206055842735,0.05299216474977463,0.14731590502543482,0.3535361238346459,0.07028490793801713,0.8899050644238642,0.0,0.0,0.0,0.0,3.3991171847545414
88608b4739fffff,2024-02-01,mumbai,26.920354100012716,21.241743080902047,23.399767569186647,0.5,255.00445553729622,0.09055280585746298,0.3172927672144135,34.095001822054805,52.24930233109154,0.7683215251289897,0.05714595174777631,27.975467031984593,0.14292114233933667,0.42941006196752457,0.17969893295944153,0.4092454078701324,0.09828322342919604,0.8568117312729557,0.0,0.0,0.2769183586599369,0.0,0.0
88608b473bfffff,2024-01-01,mumbai,22.511930296556876,16.161516566212814,24.771694465581547,3.4543128241171184,180.56114314484543,0.2213542774893742,0.4468807656836524,28.565764506415398,42.34887568757107,0.8307689712600328,53.94302650254331,354.3513508679902,0.35970348747291564,0.05906071493591311,0.18201862055821705,0.3823067176355015,0.0649331428004786,0.8658152083751797,0.0,0.0,0.0,0.0,4.230016437385131
88608b473bfffff,2024-02-01,mumbai,26.325098649935324,14.939107634846422,46.58670442979214,4.807689949375656,249.6413875693481,0.12635709208152934,0.27394506096454974,29.65345324726856,54.76548163960602,0.3064148614322249,8.410687856818903,716.8110378752335,0.3271317005204272,0.2438606180620243,0.1889145396155362,0.38209257506209815,0.05567550010296507,0.8899805593185404,0.0,0.0,0.4784261369224072,0.0,0.0
88608b473dfffff,2024-01-01,mumbai,21.575952488107166,11.650178454424283,16.808082297634698,3.380083784702042,201.81336176789296,0.22521070888050448,0.4555960489629409,23.98116917039594,37.5591522190474,0.587319501044305,4.836442962363168,411.78136481496404,0.19772161787717046,0.12391053777530199,0.18928883955371414,0.40289901195264344,0.10951200330723432,0.8638440945545953,0.0,0.0,0.0,0.0,0.0
88608b473dfffff,2024-02-01,mumbai,23.660445811085033,12.78649290224434,8.684169000944918,0.7042803904060749,255.2356540691797,0.10582919086225555,0.3321878579346616,27.887464523142405,57.9611625588284,0.7000385564361359,9.240576119193777,359.94763096801495,0.4103497882501632,0.14420201008097605,0.18871862036671783,0.426144282424146,0.12064472034330334,0.9287389897472359,0.0,0.0,0.7343516824068632,0.0,0.17855684910432731
88608b4741fffff,2024-01-01,mumbai,23.787108443195326,14.400741043757703,8.812504503091048,0.5,199.35135838136526,0.2277128911889471,0.32733187263573754,27.838375248858405,46.38471328174331,0.32580316264387466,10.756116170292565,32.101461706840304,0.2936997605551822,0.15135265170589562,0.19817240584192128,0.35641127040755044,0.035895417147547806,0.8546664243839274,0.0,0.0,0.0,0.0,0.0
88608b4741fffff,2024-02-01,mumbai,23.04155860798983,17.409884859866832,8.922425607149933,1.295492170358698,227.57553842531922,0.12731522255982533,0.3622568935707942,30.146633200928946,55.40370192152144,0.8828403029465471,4.776723228141581,48.41335365975621,0.2555986048894817,0.02211854640678793,0.18316482032261905,0.44169314603032045,0.06614908344220859,0.9019941210608363,0.0,0.0,0.5295378961740763,0.0,0.0
88608b4743fffff,2024-01-01,mumbai,21.22177606703479,14.06201527395445,5.337096965117486,4.786155094624073,203.32762626134877,0.22408865929253236,0.3838531090471726,29.041489077993337,35.335607207037896,0.3879991867462388,9.521631840416452,489.0742720492533,0.43168304217071224,0.05514573106326168,0.16132678931702926,0.38714450745133605,0.08381554557931299,0.8792418276595435,0.0,0.0,0.0,0.0,0.6091080337608684
88608b4743fffff,2024-02-01,mumbai,25.406605834708376,14.404234008038737,6.3670368754295765,0.7381894379298392,262.71652713502124,0.10483279690219481,0.3614051422542751,30.193656289068585,42.043504686095254,0.32470014939219227,15.9730661667511,213.94724588827341,0.6917093438148488,0.2154477171505078,0.17707895482080746,0.37069634826669623,0.1215752285498884,0.8694257616409957,0.0,0.0,0.0,0.0,1.155870114510673
88608b4745fffff,2024-01-01,mumbai,22.00157547570727,16.54581624182473,19.520655992470076,1.82005495727326,219.1281835465858,0.18475830703281973,0.4155205444020597,28.915600468840978,46.42722922702404,0.848901035835539,16.859971472222288,141.3346597288431,0.04034610065117627,0.0833083118542681,0.16905878460754412,0.4319423524234602,0.07938684827184375,0.851954902826418,0.0,0.0,0.0,0.0,0.12964151810334698
88608b4745fffff,2024-02-01,mumbai,26.2400738582484,14.329752668324168,30.38138847082644,3.7569451555851523,219.45285285809086,0.08799866160893807,0.428657807951213,30.566616082909356,53.15233668865474,0.805374647283403,1.3575790047357832,892.9915188577955,0.10907336435264485,0.16269833270235115,0.23387707013364029,0.4073247975029949,0.06387420358857993,0.8630270479313153,0.0,0.0,0.34923770667757476,0.0,0.0
88608b4747fffff,2024-01-01,mumbai,19.72222471664328,14.065492133748544,31.671102556176702,1.8633927996349704,215.45461822581888,0.26318224160122455,0.359299094843295,26.007202825726377,36.86164704957848,0.5114423326301872,21.69604400012159,25.78182504298717,0.5259403267631908,0.05725551483959429,0.2082788705949556,0.42021741719481137,0.09677998914539186,0.9341145396980836,0.0,0.0,0.0,0.0,1.2850290971057068
88608b4747fffff,2024-02-01,mumbai,24.616952977253025,16.902490787875955,13.604282274188265,15.0,271.33421900838994,0.15282815906335392,0.31232329022928423,30.25135420663714,50.08539889272389,0.19353296574470563,0.44631329468831366,79.96382534831363,0.3339570655391048,0.5893652227000048,0.15354182024476704,0.39784464551944193,0.10527750659985267,0.9275710523487959,0.0,0.0,0.10362253162389727,0.0,0.0
88608b4749fffff,2024-01-01,mumbai,25.087934469222745,19.308364317287197,50.07227069121518,1.7335798999131145,210.16850744844172,0.22014710992881925,0.3078977046309673,32.84827622947601,37.50030040257076,0.6176794652451165,18.212329247896562,316.10313552436486,0.08281099596046204,0.09906659370147454,0.18354741977168448,0.43020843374658313,0.09849792785686548,0.8625204606327429,0.0,0.0,0.0,0.0,0.5550561533018034
88608b4749fffff,2024-02-01,mumbai,24.39816428732389,14.369245534615239,15.952983838391281,1.7775044769309583,240.39542056681344,0.18188268589100826,0.3084916460984447,27.618438659703923,47.96185063767726,0.5044344544886735,3.950322518434514,266.8257125461549,0.6951018368769563,0.16743707511655115,0.18422053562716767,0.4276590026362733,0.09442073280897528,0.9120829328835734,0.0,0.0,0.0,0.0,0.0912718146287395
88608b474bfffff,2024-01-01,mumbai,21.01602796812307,15.377655107979063,1.7285889987424297,2.153805715303073,199.75826289342254,0.16139321529376294,0.36918627709053015,28.975396805809375,43.89982247877351,0.5005404413757837,7.56032952812881,695.4072528632672,0.5166212133101629,0.344344593788655,0.20416074523771452,0.44572539217199486,0.07378665383103519,0.9150501470716368,0.0,0.0,0.0,0.0,0.053135195122936275
88608b474bfffff,2024-02-01,mumbai,27.624473129904022,21.437622770177057,13.13166464099442,1.9589918290633275,235.14251486129726,0.0853771031942557,0.32854730496193496,30.803155796678034,46.59796409004502,0.6710682130896733,2.227740074298651,355.9000324820147,0.25656806598266063,0.0039148161395308155,0.13874069441921122,0.46857354379783633,0.1113900747420768,0.9501223744298228,0.0,0.0,0.0,0.0,0.0
88608b474dfffff,2024-01-01,mumbai,24.99920367147645,16.261190484218556,8.054689628267614,2.446938322067508,185.33288348588718,0.19503851762014868,0.32872543728308046,32.29727525399633,45.56721797779867,0.45624102419000684,4.3899520006549855,128.38221800102642,0.6851082290380206,0.06464514474274356,0.18312011122938635,0.47258939749133755,0.0512141800474561,0.8790282249257223,0.0,0.0,0.0,0.0,0.24338117859583963
88608b474dfffff,2024-02-01,mumbai,26.087786701246706,17.02042430286116,6.188872245568767,8.451606322070088,259.1882935337166,0.13794687439041975,0.331899180525515,33.58406849958122,48.82069508964137,0.1402875575536257,3.6769909684947772,303.86509528319726,0.3932977317838737,0.09911117292886291,0.15810340306719603,0.3917519922312177,0.07400397802424048,0.9193976766283503,0.0,0.0,0.0023389495449582963,0.0,0.0
88608b4751fffff,2024-01-01,mumbai,24.099520089705262,17.083393517574677,38.71653857812666,3.043455045644012,212.3787647396093,0.22737070823953281,0.38045697231265946,28.275718850160278,42.62927689624334,0.6618321545886686,2.8212120298760066,260.25423742813683,0.11553889082083207,0.013631647577478222,0.19800309205063432,0.4923769240335165,0.06997543042562843,0.8997130685489236,0.0,0.0,0.0,0.0,0.0
88608b4751fffff,2024-02-01,mumbai,24.976550346545704,17.081398478757613,16.078956234023803,4.942665764606676,235.28720733024778,0.15926633446065713,0.3390022469334367,29.699172904333423,52.51636231872566,0.7869078982407957,5.584417196036521,141.77177778410024,0.5526161217599879,0.10996197930135732,0.2040281570913852,0.43652994323789185,0.12909199276999045,0.8525840629351478,0.0,0.0,0.29830581089311076,0.0,0.3777866262103077
88608b4753fffff,2024-01-01,mumbai,21.944191898300204,13.870335331112345,12.145624323289194,3.002082958935441,173.33608065919503,0.2362785554673388,0.27349396160802264,25.621017543944205,40.94710939998731,0.5277030863038827,10.888805291907634,46.387955587692645,0.41571035991226585,0.023477197164664204,0.15403721762170292,0.4180602956285689,0.08916438924212475,0.8616526333751108,0.0,0.0,0.0,0.0,0.36497403933350914
88608b4753fffff,2024-02-01,mumbai,27.156167987374864,18.87299672158722,21.480136991308406,2.6782899082601075,235.1820770402565,0.18692420967236317,0.2946845723984604,34.92331965461592,54.68747187797211,0.4714030891659626,5.274199502154664,783.2408842600735,0.3688398220523071,0.1063591148897783,0.20534895311474413,0.38521595006142667,0.12418153018654751,0.8330028347946186,0.0,0.0,0.47217873885485245,0.0,0.7570783434358079
88608b4755fffff,2024-01-01,mumbai,25.440701206487407,20.09061404049686,16.583402853010693,11.937595756063239,196.96216219925338,0.2434455279939975,0.34599221463967406,28.500718298714087,50.137775732692376,0.6344936511226195,15.42266006068859,110.65968157780279,0.40613381725437,0.005034014227532453,0.18417558968887185,0.4056669742197224,0.10181466351851833,0.8495662176013814,0.0,0.0,0.10781712165917211,0.0,1.0259058992192729
88608b4755fffff,2024-02-01,mumbai,25.63471773730616,16.8237893008273,9.565846535835318,0.5,258.03039966911115,0.17012144893339481,0.24505986262739857,30.257141640927074,49.61790238793001,0.6754812061625728,17.338209491953386,43.76152345764597,0.6242417745557677,0.26884888111130467,0.18950912373746248,0.43188264974512236,0.09770627863490437,0.880003731977724,0.0,0.0,0.06618315609620452,0.0,0.7528910744194958
88608b4757fffff,2024-01-01,mumbai,22.272175579566728,15.38880089419095,21.328213806125635,0.7759558733366516,191.43512449561302,0.15892048845753473,0.40902208635337894,29.18429052669436,49.21870087937231,0.5826377760927695,30.462602201056832,6.633672432727132,0.522174760981999,0.3877239408576973,0.14693026917461807,0.45769816126179524,0.07773131149937089,0.8735653569428846,0.0,0.0,0.03421317335440173,0.0,1.2110811431721107
88608b4757fffff,2024-02-01,mumbai,26.295022225019995,20.444568261852034,25.689537302849704,8.057496692391318,255.74163343595535,0.11961757691684297,0.21557541316006973,33.09228941391545,50.00396687809777,0.2773179586325839,1.1765943108347583,935.7706074835769,0.28214143806222164,0.0023276937831831685,0.1554207856651806,0.38148657657244206,0.07420423230986171,0.9540362027385649,0.0,0.0,0.09710106302616302,0.0,0.0
88608b4759fffff,2024-01-01,mumbai,23.112312689662723,13.920406470597262,1.4816477961939971,3.704575627197973,221.3449321692545,0.22276921399664168,0.27152234744891757,29.002258942944007,44.809838934255914,0.35150652368132085,11.521302505600838,509.3203174296514,0.11776465170065155,0.5705563067064386,0.19081555808441,0.3257040635667438,0.10966122125133347,0.8650247185022836,0.0,0.0,0.0,0.0,0.0
88608b4759fffff,2024-02-01,mumbai,26.760077045581696,20.656119713878496,1.6246394970213196,3.800888926402793,216.08505437191405,0.1864770601460891,0.3866942385332676,32.4330769205666,57.097602488023284,0.493402801207775,10.562692553214644,75.45994692097838,0.2742577169736317,0.05324048180136901,0.1617180498582125,0.46946718947512933,0.052369608609164786,0.8924789263575125,0.0,0.0,0.6651936257154046,0.0,0.0
88608b475bfffff,2024-01-01,mumbai,23.930793034129263,12.773642416400259,2.9636806368358695,0.5,184.721905902368,0.16849421804694997,0.2997212299120948,27.771772650285612,43.03998880455929,0.652744483403973,4.197510613515539,26.042198652553814,0.04118886138069055,0.32589152606716754,0.22678413181585522,0.3733588617283187,0.10228524873652994,0.9221857045381466,0.0,0.0,0.0,0.0,0.0
88608b475bfffff,2024-02-01,mumbai,26.315882018220705,15.308468599386716,13.445925977316367,1.1826104284811787,244.2776142712761,0.08406491337805372,0.16495599491081048,29.294846908368296,62.81045836460134,0.3474492834954173,5.92086999339611,468.56695606558424,0.1224097786090761,0.14992010941626827,0.18969476018657652,0.39385036015684644,0.08070427259966992,0.8994243995222677,0.0,0.0,1.122706685825014,0.0,0.0
88608b475dfffff,2024-01-01,mumbai,26.648442517019582,21.452542035266024,8.717668360004962,5.210250557601404,232.82315693412562,0.1760494956804813,0.42395264033038316,29.90375914893322,46.48489274960882,0.4503851800049646,5.4132877853971095,513.3995772526524,0.567191607589084,0.06814643702762915,0.20945584743884563,0.4074051994812273,0.08042845156554296,0.8636463964395741,0.0,0.0,0.0,0.0,0.7077842458180493
88608b475dfffff,2024-02-01,mumbai,23.7224888875704,15.939582994522098,7.568575028141506,1.6631646562839755,245.85767241873114,0.10024921919832099,0.29524045600998233,27.935946783038595,54.149346951775755,0.3224315711616793,6.3423567337180735,300.3815425486818,0.30949013741192755,0.2300001194162895,0.21384220292989997,0.4030359480981813,0.11711696002204244,0.8740947200521478,0.0,0.0,0.4290830985964073,0.0,0.0
88608b4761fffff,2024-01-01,mumbai,21.482049960332024,9.848742898903861,8.468463133052175,0.5,172.68453211868237,0.22235814442237356,0.38338812081847484,25.45058059559353,41.104691028193535,0.42185061365930693,3.5901535441997687,300.9123019734432,0.08451186916412795,0.07289815244809678,0.19522201223300362,0.4068547036678565,0.1622307208726191,0.9225958199771558,0.0,0.0,0.0,0.0,0.0
88608b4761fffff,2024-02-01,mumbai,24.642438258610703,16.83636136002818,8.483000496007064,6.680961711787841,257.6674898658558,0.10879427334516703,0.2990549331663642,28.874878503625936,49.506030751503964,0.9299126925881026,1.487068016398501,271.21421633753084,0.7211419582139427,0.05169377582901192,0.1896945435649483,0.44748798410676716,0.09062034398541721,0.8718631385748193,0.0,0.0,0.057223935729628944,0.0,0.42676018929931575
88608b4763fffff,2024-01-01,mumbai,25.041513062342766,15.513003226813538,5.256047280711894,1.7876136605059367,236.89351797103666,0.19613733899921101,0.2847081838995775,30.882600758869877,44.29540295275426,0.1977610893769874,50.57812658493231,264.47207705206273,0.30609623672673036,0.08853672909250845,0.14407632088012753,0.38157627247323433,0.08119729098563803,0.9057149388114009,0.0,0.0,0.0,0.0,3.439157759465878
88608b4763fffff,2024-02-01,mumbai,27.871566911468737,21.098867480322866,11.052194487217218,0.9248012912807999,245.08276244415433,0.11991818832422764,0.21910065621406255,33.869149313757134,53.58297162595123,0.7190697919657575,13.683280443016956,77.92845905241042,0.06763747324984161,0.11194331954201066,0.23419410686066108,0.39444661846894613,0.053850372981522336,0.9129003567714669,0.0,0.0,0.38372503004247627,0.0,0.0
88608b4765fffff,2024-01-01,mumbai,22.689469201363316,16.66750270501977,2.080314990823282,7.024700770383907,192.7053163640069,0.2323351942173262,0.3370145247354431,25.76343185706688,44.49387412543329,0.8948604518169713,3.511111314055491,744.2342930698604,0.3678252902590562,0.3596570898737961,0.1603319973883294,0.4223664621003696,0.04219928349253342,0.9139691645290547,0.0,0.0,0.0,0.0,0.0
88608b4765fffff,2024-02-01,mumbai,23.667750564039565,18.19180658552259,5.855948562649389,0.6583783923954603,281.968317306829,0.1174606792296117,0.29529981250415316,30.641100702409428,55.194694550269986,0.5013597172386175,8.238764653512627,239.88575131304893,0.37561116042527926,0.08905424054898063,0.1585527440712168,0.4074983609800326,0.10189984469278997,0.8607163995008418,0.0,0.0,0.5127995775340488,0.0,0.15261867591980374
88608b4767fffff,2024-01-01,mumbai,23.40071694879925,15.78862308350473,1.610367211752661,1.1965010096420259,191.18644916973707,0.20855695263947427,0.45341465436331685,28.095462538579653,45.17539976112313,0.5273813900412768,12.743781948048987,81.23238916411462,0.6498380531206418,0.024338472936906264,0.1697609844783,0.4253521398986212,0.08072283169594352,0.8748239521708817,0.0,0.0,0.0,0.0,1.0044693640332758
88608b4767fffff,2024-02-01,mumbai,27.255436727316436,15.46420892327237,19.346048380149817,2.8000962139560923,252.64529940102318,0.13816034967525515,0.3074887131140176,31.090908918839595,54.12912660233156,0.5554288268781836,6.892912777068535,109.51943845215091,0.38943391816761125,0.14649827725420667,0.24860280669247117,0.44041153248633913,0.0703177923007966,0.8970958496447491,0.0,0.0,0.4274637554604063,0.0,0.0
88608b4769fffff,2024-01-01,mumbai,22.71218595466723,15.476760844916434,20.15585415187806,1.9791851711269537,180.36658230593076,0.1883212694990932,0.34661472185509934,27.569836677601693,45.25882280363525,0.5642519459295526,3.6299828594117223,297.26954912206776,0.7017830139504756,0.19757923254661952,0.1521510392580638,0.39957773033892074,0.08821201551097888,0.8623950688076993,0.0,0.0,0.0,0.0,0.11334829551490296
88608b4769fffff,2024-02-01,mumbai,29.38612441925247,20.273486658488928,1.1135430551415808,1.879665243699057,238.5076831640436,0.1345398406278721,0.19007086607578055,32.82715805083618,48.88992787364398,0.7602237751307018,4.770307874675203,97.1079504359033,0.7060939070432,0.4403727236212105,0.16014256677216407,0.39574070763200386,0.07909286467793508,0.8517196788512982,0.0,0.0,0.007883444899515188,0.0,0.0
88608b476bfffff,2024-01-01,mumbai,22.90117189850081,16.131598158524703,3.7607909800186023,1.2628133045121932,200.67442047257495,0.21111341606730072,0.389877882464954,26.9277149498894,45.41203433145832,0.49438992215775207,12.744811814621288,301.2820540874636,0.2614027339965071,0.2890954461126884,0.21664685219737195,0.419151252295442,0.03732410722878886,0.8461786923707041,0.0,0.0,0.0,0.0,0.0
88608b476bfffff,2024-02-01,mumbai,25.634567902948714,18.50810051667447,3.4267399594692582,0.5295523838795875,268.8359841730754,0.15962166062957653,0.2466095044049482,28.718857147819108,54.45439276109297,0.39092103614012286,20.454789112456293,912.2290796910833,0.5421448493715334,0.16943807298044922,0.2500703992377682,0.4660977248065087,0.08596389613303133,0.8851035138054201,0.0,0.0,0.45351263869149666,0.0,2.2555538313719246
88608b5401fffff,2024-01-01,mumbai,24.797070642379012,15.575789062319103,11.936880246884382,0.9734752402300554,175.565108862118,0.22157670880171562,0.32224553163960723,31.806302339303855,41.808347136072165,0.568272209099455,0.2559142659268459,490.57891241799007,0.6031491761074423,0.05657161051435562,0.1840523104673571,0.39773685185776886,0.03760457832411938,0.8613976713705429,0.0,0.0,0.0,0.0,0.11943918550242737
88608b5401fffff,2024-02-01,mumbai,25.233769568455862,19.43795173065515,0.5635223027750378,0.5,241.49103241633284,0.05963652100201895,0.26292896870704524,32.56375746945304,50.90973139875954,0.4210586256131787,4.4880350717236706,122.92378488297854,0.2809652876738489,0.259602953417316,0.1840439293213179,0.40155178064870634,0.07417290718745925,0.8504824187444503,0.0,0.0,0.16963905567632975,0.0,0.0
88608b5403fffff,2024-01-01,mumbai,24.262819165568757,13.725162922501106,11.298014045394492,7.674384350279215,211.50973526393847,0.20457322112162887,0.23956541828809286,32.24146694121221,40.90321472928399,0.3980286378076048,3.9006307762252628,105.30840105741899,0.2998131543089407,0.29248702566870854,0.18795728039761822,0.3799495080207248,0.06890912648787137,0.8594299614024459,0.0,0.0,0.0,0.0,0.0
88608b5403fffff,2024-02-01,mumbai,25.866529974947056,20.493179383326982,0.9573860892350218,2.8001404535274204,249.1467117099337,0.09575500440760945,0.22200868406565408,31.372589840683126,56.98091326420327,0.8880047019485863,2.951912052996107,445.82051462656534,0.5742893866296465,0.08685177308251679,0.16438267335562792,0.38240875787078304,0.0937392396286539,0.8720846419407535,0.0,0.0,0.6558485897080042,0.0,0.2564785187875952
88608b5405fffff,2024-01-01,mumbai,22.450216717109807,16.77412310841534,3.74899605119817,0.5,181.49532089775465,0.2372890847391949,0.21222076129252612,24.80322851689738,48.113258022467086,0.5754190322831141,7.495979736229223,111.04228671414967,0.4175623707866873,0.08020783577109221,0.1428666967143146,0.45269297053628876,0.08962223289969692,0.9132082985475402,0.0,0.0,0.0,0.0,0.0
88608b5405fffff,2024-02-01,mumbai,27.44435352571181,18.375051934568887,2.4498844171662575,1.69267083024989,223.51640627338406,0.0948924950633813,0.26030202821968995,32.27476009583417,52.68937067019982,0.21974899917018714,20.152397429296812,103.01740992305491,0.8308318192806694,0.08815125376691256,0.18718518615634488,0.428886597877256,0.09341834448296543,0.8662809123802782,0.0,0.0,0.3121611543531096,0.0,2.006113070964211
88608b5407fffff,2024-01-01,mumbai,25.804708254843277,20.775798900435575,0.11545180296395857,2.1353114591172138,184.56587875127468,0.2093783644531799,0.39452600348381495,32.72853196567381,52.15864700152411,0.4791829250673212,3.030994957064548,55.36977846837773,0.7903878433614994,0.1465577810068193,0.15087631585725328,0.40774672084039015,0.0617060792791802,0.9047794071179245,0.0,0.0,0.2696582425040772,0.0,0.0
88608b5407fffff,2024-02-01,mumbai,24.60284252956814,15.696559919461869,15.685900372093947,2.507766818621935,228.08518559389185,0.12101950527080355,0.1917257151264531,27.64239887764805,56.094982739541834,0.7873711364594457,4.877487247715313,33.43529029561452,0.2278298921198575,0.047719029205106886,0.11015596552650211,0.45250088634915225,0.06190417544934185,0.8490504137130784,0.0,0.0,0.5848989991461029,0.0,0.0
88608b5409fffff,2024-01-01,mumbai,25.54380419830295,18.018904459379865,6.833165070144974,7.395502772709089,205.21723342891377,0.1845413591283353,0.28502552670874803,29.282516312951962,41.1188995500795,0.7621937418051409,23.968644371457444,463.98994955921427,0.43768272666012975,0.030994511470296603,0.19352844894542762,0.42749475178329094,0.09837540226907067,0.8959502821673294,0.0,0.0,0.0,0.0,2.02155568566012
88608b5409fffff,2024-02-01,mumbai,24.106762460264257,14.940275298378948,7.348637442061127,0.5,252.0451219766297,0.14311342925189666,0.2655846315043862,26.14890192616852,55.36598165451116,0.23486884406360145,6.895842083400429,533.5221882460818,0.2584706085851825,0.14671668698678775,0.20528712069714133,0.41778161713408934,0.11753234859998359,0.814530102026849,0.0,0.0,0.5265170752115211,0.0,0.3567107029968849
88608b540bfffff,2024-01-01,mumbai,24.662115799983653,13.207840202183402,6.169806827686314,0.5,182.27107741196573,0.23629049563944446,0.2942456768643289,28.41944049723284,41.90416798638041,0.6321345038390916,4.699163330976413,240.75181494792164,0.3670070365471473,0.12849090652447112,0.12200167316172889,0.4105353889252447,0.06268764094568337,0.8704841381647426,0.0,0.0,0.0,0.0,0.0
88608b540bfffff,2024-02-01,mumbai,25.78803387185407,13.900231472960112,2.11197104296755,1.5077269886492601,245.71929864525353,0.16493436220673063,0.1686304287322926,27.818861502004793,53.63229332653189,0.4052383472889783,10.803915744124184,19.278603802497695,0.4382482198894149,0.20148571929008544,0.17035310423760372,0.45832984800177823,0.09281458781100733,0.8564533106997121,0.0,0.0,0.3876749497761388,0.0,0.007626487359451734
88608b540dfffff,2024-01-01,mumbai,25.879039607352237,15.146836856292605,2.2777396327844652,1.691588395007286,177.2410737929705,0.17361989783959095,0.42166373911532007,32.20992974791319,44.46458666309002,0.4309541053212002,3.1128619998589113,19.86581399588592,0.34426738021759967,0.06965099584434208,0.15934427878074361,0.39468638773474163,0.07044858434794853,0.8911401352692525,0.0,0.0,0.0,0.0,0.0
88608b540dfffff,2024-02-01,mumbai,26.677118365509,20.06020251364071,15.785346706404175,1.7757711985120053,242.22523860916345,0.1283887634864171,0.31495547957286363,33.443923141112016,54.779407055332726,0.7408812860826384,20.69050325802279,25.1822495458324,0.18788831912357085,0.08834851884860075,0.2254265201720841,0.42148566306884805,0.09627968852614716,0.8666582330306888,0.0,0.0,0.4795413513965797,0.0,0.7455261686794744
88608b5411fffff,2024-01-01,mumbai,25.105967359437102,19.924307253276787,2.322417794016713,0.5,192.05422582145238,0.21878307680839626,0.363746340553273,29.55253558148562,38.15196946980301,0.7586544872252243,5.724720446807854,1425.7708836434192,0.3669110433787986,0.008596145029439178,0.16879457318629634,0.45526298228821677,0.04792570944872713,0.8659211218701096,0.0,0.0,0.0,0.0,1.3699192992450107
88608b5411fffff,2024-02-01,mumbai,25.750707376225996,14.43946735013336,4.107075154461758,0.5,247.3139002501307,0.10747652065993406,0.29911726843449365,28.080681891829755,59.83249176203526,0.49056622632178676,19.606929654495893,346.37450210779093,0.0751759185656632,0.1603251774964379,0.14105021292548503,0.39733248984390457,0.0643678949918208,0.8946081762052083,0.0,0.0,0.8842167531750197,0.0,0.14625465863925677
88608b5413fffff,2024-01-01,mumbai,24.522025766621102,12.799057668800085,33.10697123623579,1.745634968977927,182.2918596521493,0.1744524331889315,0.33205082626521265,28.598855104109095,50.60137996380232,0.0562684544038892,14.17484799936652,135.30908878073564,0.5383472442032309,0.06743931600268332,0.2116282716195848,0.41391423548471534,0.06226593963756572,0.8615431941083787,0.0,0.0,0.1449447851320907,0.0,0.9335714359263324
88608b5413fffff,2024-02-01,mumbai,27.83337272567914,22.072051293301662,32.11456603833827,2.264146796172606,235.42486591952223,0.10220306519470991,0.30678616918602586,33.750930015281405,60.02313097612557,0.1262728303257061,3.612524434756593,206.85284102895292,0.5044139551056288,0.2931396274064521,0.11808685506887082,0.39245695088477167,0.10583704699876267,0.8757426193396086,0.0,0.0,0.8994840611729231,0.0,0.0
88608b5415fffff,2024-01-01,mumbai,23.616844780953404,16.096360075539547,10.06134287967839,2.404049411342352,214.15530327009307,0.19083214545519242,0.31749776364646765,25.961723638010643,37.3732811472497,0.7218833159470271,0.5965537192092015,421.4931996705638,0.48599612851179214,0.08171417409377171,0.14313151530012594,0.4085554497779987,0.07303603427706176,0.8627413585896906,0.0,0.0,0.0,0.0,0.0
88608b5415fffff,2024-02-01,mumbai,20.943772432231775,10.097781314405545,11.373803071801163,2.4093510368894293,249.46261459659624,0.09409127624366398,0.20099301015926435,23.74353960093714,47.19914863388767,0.41018991289513895,8.02085247205878,266.9257728591523,0.4589743212930903,0.023066719963709688,0.15095961079262754,0.39848647984879715,0.049339164046001305,0.8273324976490548,0.0,0.0,0.0,0.0,0.43751071905800415
88608b5417fffff,2024-01-01,mumbai,22.227426011151415,14.4760018689392,4.065313391759684,4.5286462567670265,209.72957527066663,0.21742192596902635,0.37122725306702986,28.597596442463868,40.10797716513459,0.555937162091798,3.7333677550557614,30.118152929842378,0.30623659716392154,0.6093603392734566,0.1298837232348493,0.4135801408308016,0.06585488310933466,0.8726646007037131,0.0,0.0,0.0,0.0,0.0
88608b5417fffff,2024-02-01,mumbai,23.574966289796187,15.610645517577506,2.299373503317142,1.7584760240343091,246.85589764358028,0.06444118718089242,0.30366579140213906,28.327195210362994,49.45584249618637,0.7311576383102188,1.644855643120439,480.917105374974,0.27313416638476745,0.15231444353572499,0.18931804040008704,0.44249516653729637,0.03805967402387397,0.9137296419495461,0.0,0.0,0.053204618111963156,0.0,0.0
88608b5419fffff,2024-01-01,mumbai,22.26857517553955,16.41732877666543,1.9311725173383179,1.1612382194857782,200.34459854795045,0.1911193103835635,0.36391619335365,26.745971804627963,45.65382195217735,0.781432876408682,3.09304483236739,98.13531423160666,0.36439539011364946,0.29008774044940777,0.17663757804639937,0.4476514652293495,0.12740451684530163,0.9180326842060674,0.0,0.0,0.0,0.0,0.0
88608b5419fffff,2024-02-01,mumbai,25.25733507983083,16.683927270947436,0.9042338242461236,0.5047897326329505,267.6026594915491,0.13508618972442377,0.30959043411416415,30.39198626461294,49.524017626583955,0.2629357149501675,9.173629222249764,262.39209213808556,0.2129789796012212,0.7687974667439631,0.18235382622854385,0.406364161569024,0.09984495648603615,0.8522859380875353,0.0,0.0,0.058664411463209575,0.0,0.0
88608b541bfffff,2024-01-01,mumbai,22.4435559233294,17.17411685186765,2.71246081845899,0.8679275832972376,211.9386766804084,0.21259141998589123,0.3113147802976808,26.45659620984466,46.49978787186725,0.7948747266106231,7.1778669745206445,49.255539982016124,0.2711363591889002,0.01991272909388546,0.22249927554248997,0.40249645240483584,0.06441245935258072,0.8047563423360614,0.0,0.0,0.0,0.0,0.060546280570295645
88608b541bfffff,2024-02-01,mumbai,24.734427116221763,14.085800405848925,17.194986919504796,0.5,251.16749866600009,0.18798651921439918,0.2754305276242135,31.734323816276856,58.27366085575286,0.872939021311829,6.543585428737706,370.48740975246494,0.05692296394672304,0.05770395776347612,0.19993092970364243,0.48077961353222154,0.0966991322152675,0.8953462576442309,0.0,0.0,0.7593780536638589,0.0,0.0
88608b541dfffff,2024-01-01,mumbai,23.928380088101225,15.691086523242264,4.916455350871349,0.5,191.04471680841405,0.19047826464438272,0.3296699920239604,28.956639216151483,42.019661481598966,0.7547816677001205,10.920572493519833,236.59733683510632,0.5364513642013456,0.022387309581948216,0.15593495630303178,0.40440926650581444,0.07112693294333386,0.8960648701836693,0.0,0.0,0.0,0.0,0.6249742068589259
88608b541dfffff,2024-02-01,mumbai,27.60025496000393,17.366932361598288,21.463626754630628,1.84002164112236,281.62443754010326,0.17977719433445322,0.3184411598216432,32.036292708346664,50.34978013742633,0.5076544522258992,1.4143587746204778,1.3849692872594133,0.1586263362388694,0.15893669077901862,0.1883764199829644,0.4104853122563298,0.03743227397262351,0.8414616262948317,0.0,0.0,0.1247954571995825,0.0,0.0
88608b5421fffff,2024-01-01,mumbai,21.090096301722,15.789065775136947,0.44110812876403255,1.273719939290967,214.60842052269388,0.2251920243091461,0.40991453471236394,25.074496730270806,52.546970640821016,0.5282863355046526,0.9219531514261824,323.6485649131932,0.3532993227783247,0.3336726250085173,0.17716318223660707,0.42765337664108394,0.14227609816632097,0.91027726012791,0.0,0.0,0.3007570729954997,0.0,0.0
88608b5421fffff,2024-02-01,mumbai,23.681599592532166,16.182693208784073,20.498257963614034,3.810678007259376,231.23998195826795,0.13037641358803592,0.2392462762806436,28.963347437850707,58.06918642832685,0.5935672006055734,10.570772241334286,117.96272329818545,0.3807547639832124,0.15610285695330822,0.17208073731358142,0.43939665525953,0.06715816102228893,0.8590154979238868,0.0,0.0,0.7430027550344335,0.0,0.0
88608b5423fffff,2024-01-01,mumbai,21.608285976430366,12.083849879081765,4.5298926847876855,2.246685099687051,191.29540816724932,0.15781359975261558,0.3122324969674461,28.37853145004037,39.94753174825367,0.3933630454909878,1.3193726409583821,10.443611244719925,0.40682116740558394,0.10131275657984928,0.13800502231103712,0.4381108723646375,0.1626050797057148,0.865162183591413,0.0,0.0,0.0,0.0,0.0
88608b5423fffff,2024-02-01,mumbai,24.968228551951704,16.139517570415272,15.47193819451624,2.8843924737468467,255.75648160134472,0.08598810508372545,0.226522196445816,26.99918294509383,52.285912508605314,0.4821694820497157,2.129531067361536,169.94634932212668,0.2088725994520494,0.1894979224875011,0.18071232527504483,0.4001649902247809,0.0739313243301346,0.9222916278923936,0.0,0.0,0.27985027830001624,0.0,0.0
88608b5425fffff,2024-01-01,mumbai,21.289179208403553,13.38814654298516,1.0032143364970043,3.962161121758152,226.722759211838,0.22774043301502997,0.42504820617026173,28.538538501656504,39.288230630787105,0.18675433593686244,14.824618382752316,277.0314176050753,0.12419085690503096,0.16083045055709963,0.17997543430323715,0.3935548527201305,0.082560340668185,0.8770751864865474,0.0,0.0,0.0,0.0,0.0
88608b5425fffff,2024-02-01,mumbai,25.07711051540432,15.738651827648434,0.0954705327826289,2.0979095441679565,249.1755847905124,0.15754593335165099,0.2112966343344273,32.65246944290931,52.27237406802497,0.6002901103783415,0.5786206954717412,138.70546706306922,0.4905919405145648,0.619592560191483,0.2010200796653817,0.43244251607857775,0.08311833809978546,0.8620216271174251,0.0,0.0,0.27876605466251503,0.0,0.0
88608b5427fffff,2024-01-01,mumbai,23.69618361216339,15.517543584747905,9.023678809372223,0.6353909070756198,213.30463184417613,0.2048787275912698,0.39640364309969167,27.906098099625765,47.48387694757816,0.4855998355655707,6.088973500818824,906.2871954418964,0.3001891369079188,0.015114467327037485,0.176240435199964,0.48713303773520783,0.07131004032640148,0.842624142859593,0.0,0.0,0.0,0.0,0.867179857632716
88608b5427fffff,2024-02-01,mumbai,24.820634902917103,16.125060464311957,14.151982357574813,1.0905187485665166,245.15942829385784,0.09190174826232325,0.2903147158565127,31.871222265380727,45.094618010818394,0.22677339754800852,8.529869441081424,447.88810184763594,0.4985052204293295,0.0701141190058534,0.16845527818519698,0.42006866618061334,0.10861921038130269,0.8900558825787214,0.0,0.0,0.0,0.0,0.6597397741170417
88608b5429fffff,2024-01-01,mumbai,22.586573806222976,12.679617073195322,0.4881967957690239,0.5100434205197731,193.75441244010455,0.1048338363116726,0.31757835046023475,29.390465842381005,36.546202386821975,0.35684904893106845,5.464231324248982,193.30074019284902,0.3436361418054307,0.051089521251525924,0.16532832312385135,0.3845986147172335,0.11633116370600705,0.894641349471973,0.0,0.0,0.0,0.0,0.0
88608b5429fffff,2024-02-01,mumbai,24.933311895172693,18.54046192550301,15.127559945066832,3.5259708255836983,242.24858424830137,0.13937599377622134,0.2362859467093156,28.632566807438636,50.60122936599015,0.2186402097772713,8.62065595119853,54.25329575610217,0.3402844445158268,0.3122972248507974,0.21436447859801475,0.39347454134024523,0.02567405592543409,0.915333408352766,0.0,0.0,0.14493272453273687,0.0,0.0
88608b542bfffff,2024-01-01,mumbai,24.714150670551618,12.914480120724791,43.728051688399304,12.320883673874572,194.4543747555661,0.18771654820771327,0.2410159583607821,26.77286435366213,39.94823298839461,0.34093200539888857,8.842245789709095,168.94658574168957,0.4765196121458582,0.3373754101010677,0.16382082688215835,0.3996249969949933,0.059407253050934666,0.8634626530733254,0.0,0.0,0.0,0.0,0.0
88608b542bfffff,2024-02-01,mumbai,26.456155529553307,18.859173516858256,35.367398108292896,1.7335180659908964,249.04713486688263,0.12737424792410093,0.27974793864329806,34.065738004638845,55.3401204981015,0.7423956902457222,13.225528965305497,261.85851406172054,0.37291447991418836,0.07025104701989174,0.16947795692119172,0.41635602065980076,0.06809162623303044,0.91741449637032,0.0,0.0,0.5244459890398101,0.0,0.3397449443528917
88608b542dfffff,2024-01-01,mumbai,23.653785989801467,14.450017784800114,1.5863351809385593,0.5,187.0580511688765,0.22236191003617992,0.43480499684906354,29.812334585679274,47.97676459990608,0.8104334080520986,16.199126293564056,12.698351732815926,0.4972494868022223,0.20961957647398513,0.2110637869901888,0.37157800659709317,0.1054433652574961,0.8672996491277453,0.0,0.0,0.0,0.0,0.5950595283097836
88608b542dfffff,2024-02-01,mumbai,25.536094142592983,19.467026962128564,18.788211274040574,1.1608626150487862,234.24548741140134,0.13754046494229816,0.204498837688466,30.414650433153792,56.14770485319876,0.2740629109982706,13.453741077208392,33.11080252590614,0.7719395189800575,0.04774131554122452,0.14678318658136372,0.4299441431761072,0.06730177525431214,0.8649329474135823,0.0,0.0,0.5891212403641107,0.0,1.1387027628747166
88608b5431fffff,2024-01-01,mumbai,24.38947537267081,15.225107765933727,1.2141661881208168,1.1374785292406098,193.40428241601077,0.23090106835674545,0.2915713156163942,30.909581144097444,42.22025772329585,0.7643075104196936,1.2354052281159422,46.98427469682081,0.5570276916503196,0.0542801547281443,0.19398679882403302,0.36068765016673,0.10355370909408149,0.880072068936332,0.0,0.0,0.0,0.0,0.0
88608b5431fffff,2024-02-01,mumbai,27.516026716329993,20.811790842865676,5.3929577546213325,0.5,242.79981094963128,0.12319363523220744,0.264218470222633,30.243372488421958,52.40951318006936,0.9105646111398178,3.631056225380453,37.140502540601275,0.3030752357841256,0.23987350422225995,0.2189880692533906,0.4151449646870908,0.10008749764932426,0.8693720197068396,0.0,0.0,0.28974881637883637,0.0,0.0
88608b5433fffff,2024-01-01,mumbai,25.000752417916956,19.79761832012338,22.875984717384853,2.419433166903967,182.23497606944002,0.19448282421295734,0.3607004665478079,29.137030766687143,50.02038503400775,0.638998637288583,7.493284536739931,168.68003425483641,0.5191598784189967,0.18526671149431898,0.19598429482843277,0.44536971483650245,0.0782585745526938,0.9020439250007937,0.0,0.0,0.09841590816036799,0.0,0.0
88608b5433fffff,2024-02-01,mumbai,27.94950587080882,16.06420614676628,26.628538631284428,6.972999392703921,206.41600108707075,0.14776283818796707,0.23008587911773032,33.4370570982296,54.546806303257036,0.1783107301066768,0.8426151092447616,241.0437425703419,0.4433278465778204,0.38722653208184665,0.15152623558604292,0.44123714484044546,0.1146883896497147,0.9031875585406285,0.0,0.0,0.4609135609945423,0.0,0.0
88608b5435fffff,2024-01-01,mumbai,26.510867505584198,17.357020749699608,2.2888403033302467,0.5,210.9374216668773,0.19938421665692502,0.29678287333496334,33.7637723081016,44.14958234250442,0.5612199072710994,28.63773853634087,35.09138006110041,0.31140732243075586,0.21995200550136834,0.1770389248685495,0.4501427157746456,0.10323147048577153,0.8570916647098185,0.0,0.0,0.0,0.0,1.3271898169491179
88608b5435fffff,2024-02-01,mumbai,25.68558099972677,17.981917918038512,2.790737745259093,2.3860878447004126,258.235850016609,0.14043189151345292,0.3072441199727341,31.81486338908439,61.280081275647845,0.30115846926581774,10.746306527170166,589.6871608685757,0.21282621618986386,0.29251921375113454,0.13157734010374617,0.40488983077984175,0.050579024876873165,0.8273698715692651,0.0,0.0,1.0001467052801971,0.0,0.0
88608b5437fffff,2024-01-01,mumbai,25.666264724742245,19.824106168539636,14.491654453464665,1.6675622818411133,189.58469884319206,0.22670474163966287,0.290865855670672,33.655341582704246,41.861804699840235,0.46658723939898344,26.527697995258293,217.8985971850258,0.2903567480743204,0.15890278754551862,0.17805409355644483,0.45330025383443784,0.10053699791730893,0.89916074386138,0.0,0.0,0.0,0.0,1.2960355339768117
88608b5437fffff,2024-02-01,mumbai,26.191477695417333,18.781422804757955,1.128607570981733,0.6495928645278607,218.53857265359625,0.11069734455308894,0.32702724625065166,29.46078657618321,52.56806956946951,0.021149053449302832,5.043031223778714,44.54617669186849,0.6317442918561991,0.0026604918067748996,0.22455363326056338,0.34852684393754374,0.09502719758822634,0.9096340010286241,0.0,0.0,0.30244677699286143,0.0,0.2785206418283083
88608b5439fffff,2024-01-01,mumbai,22.091264065237052,11.132813255829294,26.54825480626766,3.0487443264121867,187.62776128805035,0.2326224761924389,0.2809518740432014,25.632453388337773,47.575536013005504,0.801735417585388,13.355323700712312,104.60032095836037,0.026640474833419855,0.076844629126702,0.14912918211511475,0.4478054598819162,0.09662979049281183,0.8639480284286859,0.0,0.0,0.0,0.0,0.0
88608b5439fffff,2024-02-01,mumbai,27.3987560738669,15.669209123369642,4.384449959631063,1.0063965914001556,253.92920199386455,0.12644600801449346,0.27824547765877367,31.902424169964355,46.10566084244424,0.6315641565685918,2.105443080139581,227.7699335899156,0.10728382982547657,0.3935545850773673,0.1973616116178539,0.49878208447696515,0.08502033208523548,0.853490039280663,0.0,0.0,0.0,0.0,0.0
88608b543bfffff,2024-01-01,mumbai,23.438388285697684,15.716234152208173,2.468571893923447,7.948842501917208,170.9551999672302,0.17626984766221976,0.37539235628190926,25.851062558450778,48.3730259684131,0.41563275067304906,6.111426550249824,180.0479585687316,0.21353527912982573,0.31102206950970873,0.16003052407154494,0.4204020991829124,0.10286054945722034,0.8378477080848704,0.0,0.0,0.0,0.0,0.0
88608b543bfffff,2024-02-01,mumbai,24.131830824077696,16.94853543936088,0.22963372742274998,0.5,246.20449200975582,0.10843947767903447,0.3182041796328409,27.610795917787136,45.58646061874178,0.5610351690784308,6.932658063249577,214.8076653506423,0.4809691620068584,0.08152676431224093,0.19883316383616761,0.3888951917273109,0.11746971277597805,0.8771083425327478,0.0,0.0,0.0,0.0,0.312983486104779
88608b543dfffff,2024-01-01,mumbai,24.281778423363367,14.051897152064011,11.617192994306283,0.9068715790756345,234.17754846417762,0.22751150858264813,0.39951381897579596,29.241446297709132,42.160421204317245,0.878284301383648,11.604893798364253,332.21320572809225,0.3544685954994623,0.03511325464438386,0.17365267553849362,0.4347473598711121,0.09501686782545112,0.9311950848789364,0.0,0.0,0.0,0.0,0.4001468922046301
88608b543dfffff,2024-02-01,mumbai,28.208811830272666,20.99525656355559,27.82028287476411,3.059961194905082,244.20695629333977,0.13647799804084224,0.28146536648645903,33.12753903096514,45.6612054756248,0.6812559353991051,0.6955844740506774,90.61526363245233,0.6747979286503265,0.14055655865878247,0.23665159492793594,0.39815100838023293,0.020509039403266954,0.8234653966950395,0.0,0.0,0.0,0.0,0.0
88608b5441fffff,2024-01-01,mumbai,25.971872661180505,14.042587212922891,21.577976760180103,0.8784074791005324,188.7183098876777,0.21717520318780528,0.36709806661577105,30.505795347962753,46.51366663502586,0.22225177306126204,1.9992595921245382,116.94427978694907,0.4045782312229252,0.05360588752612714,0.1569466757329988,0.4245156670093145,0.0806089077840319,0.8768360725833316,0.0,0.0,0.0,0.0,0.0
88608b5441fffff,2024-02-01,mumbai,25.822415256607137,17.088760304352416,2.0265824116254922,0.7465788266084399,268.1335007643802,0.11613490567354778,0.23502816679946154,28.525190366436263,59.78047118713409,0.8089540962493679,0.5223163106751049,45.245847371138595,0.2515021182544177,0.537787084633205,0.1462233554075213,0.3907678382020483,0.07702954149424274,0.8686809248497164,0.0,0.0,0.8800506945651267,0.0,0.0
88608b5443fffff,2024-01-01,mumbai,22.241560887852508,16.90693111792649,4.536782738154644,3.560749015538583,186.02472076184569,0.1319835380761159,0.45017027487751965,24.33285260528148,51.84840734262014,0.5053431781307873,17.47418589059325,282.94156070254087,0.3932106107809688,0.27269531130072877,0.23290055804191173,0.41659556482640303,0.10557556199531848,0.9021284095334076,0.0,0.0,0.2448127538764986,0.0,0.5914513448276906
88608b5443fffff,2024-02-01,mumbai,24.886443994770147,14.813420713529286,13.837584611083676,2.138779553485236,250.6843663153294,0.14209316651937035,0.2347901438905592,27.977151348535315,48.11505699666133,0.504421506975639,0.7292965934533692,62.66221823429959,0.21949540670777928,0.19103100351218363,0.2098720098904016,0.364664685087303,0.0927447554086346,0.8847115444859085,0.0,0.0,0.0,0.0,0.0
88608b5445fffff,2024-01-01,mumbai,24.76777707295994,19.595372055506367,40.96068429048265,0.5,199.75925823233615,0.22566973760403275,0.39384924252605624,27.319881881091156,49.83841320928978,0.8584328342242615,1.5550247662934409,153.8374796580198,0.2795172083849679,0.09361200918968644,0.18395512473128336,0.4588261321689781,0.08114137086381477,0.8781281135358271,0.0,0.0,0.08384272651897944,0.0,0.0
88608b5445fffff,2024-02-01,mumbai,23.141173485764188,14.411620858109123,4.626201958410736,8.066721374135202,253.77332887675587,0.10428522647992014,0.2876104053954758,26.199814502829064,50.14080567796946,0.17224822609332738,5.919455167779737,97.01263917241968,0.3593043787870135,0.11624511778610704,0.2375238502584553,0.4006727103741018,0.11879589477221496,0.8982957233006038,0.0,0.0,0.10805977429484719,0.0,0.0
88608b5447fffff,2024-01-01,mumbai,25.277761814514392,19.32326392806598,5.354197376994209,1.6007415976193933,194.78633221038206,0.2085681721717969,0.27811033349168157,29.31867855760649,44.3106023978136,0.49482875876093385,4.535562340303789,400.6975017274149,0.4698124802804839,0.14064687044239535,0.20270451872810105,0.3705997190618649,0.10345133630242813,0.8793129014888388,0.0,0.0,0.0,0.0,0.0740546086054081
88608b5447fffff,2024-02-01,mumbai,25.318158252536392,16.63513338585975,14.226399755833334,2.2129686815807443,235.01498564714342,0.13037139501556047,0.3512214390715224,32.72310760939703,52.91901064312826,0.275773015000311,13.183461615380988,110.02142855743178,0.4799620181278847,0.04177178812549668,0.1883576377122347,0.49661385584951806,0.0712641705901739,0.870411406438328,0.0,0.0,0.3305518312768394,0.0,0.7771962859281484
88608b5449fffff,2024-01-01,mumbai,21.778047633343878,12.252659246585067,3.7399840135786833,9.685819469014932,199.41299146376392,0.20754311264888195,0.2726930465466579,26.223370531654837,43.99816716906076,0.30318377491734266,0.9456385186661138,319.97388143476905,0.45965261114229594,0.08513834452973888,0.15444464775016276,0.4289121268214751,0.10331338961348611,0.8136272213021599,0.0,0.0,0.0,0.0,0.0
88608b5449fffff,2024-02-01,mumbai,26.848193648748424,20.365332281599166,16.61382747395814,0.5509193709652469,223.9432219022593,0.10804637363089625,0.23125288370572988,33.31896922691572,50.05181040389184,0.1844469970600946,0.5825718926136498,175.1980582005563,0.6990341127756915,0.24747550487160336,0.22120021955569344,0.49400074416296796,0.06219481712360428,0.9005616555067708,0.0,0.0,0.10093260339150335,0.0,0.0
88608b544bfffff,2024-01-01,mumbai,26.524732907533437,19.470266195912117,7.0042539241987365,2.3454603622333323,199.27527172043384,0.16353724717101753,0.3985896082326641,33.078808459313805,37.18976858665897,0.7101677943371303,5.705096652581472,602.4008189571991,0.30972335987301813,0.09722840134818933,0.17407831499641546,0.4315686735813757,0.13356770146329433,0.8733538260335328,0.0,0.0,0.0,0.0,0.31662583905520525
88608b544bfffff,2024-02-01,mumbai,24.955792221184865,15.960150790156305,9.25855926635132,0.512699302151798,259.0469558905972,0.12031685483421727,0.3244866625121285,28.19288385048923,52.20972425550899,0.42763905069223457,33.104297424132106,1448.5928122353998,0.38934171214198776,0.12686026457834568,0.1806190598992874,0.42515059234557334,0.11585081735717549,0.8762343776098723,0.0,0.0,0.27374875542396804,0.0,3.7308544951068128
88608b5451fffff,2024-01-01,mumbai,22.474297376838496,15.889913901514923,13.759055348894691,0.7863025588390504,207.63212863344003,0.1750840171997314,0.3936379847515413,25.239877418197977,42.96330595931516,0.8884450142184724,0.35416614260521506,400.86050180928873,0.5692650555320521,0.2677273428337333,0.1998117085048609,0.41664809057831753,0.09438175261412156,0.8964870019243981,0.0,0.0,0.0,0.0,0.0
88608b5451fffff,2024-02-01,mumbai,25.549472593149336,14.77822152507822,2.3213486600791917,2.4247010649157077,247.84608671159106,0.0681168882035552,0.28552446873068354,32.169132149897685,48.17250891506839,0.6500653159432125,3.4044764318767426,123.09782330491676,0.05658576039556265,0.3919123795081238,0.1433583292479204,0.4170850637706573,0.06414544958081593,0.8929297718528655,0.0,0.0,0.0,0.0,0.0
88608b5453fffff,2024-01-01,mumbai,24.367199686363623,15.708582681810473,3.7453926821246593,0.5,193.90916575459167,0.21861938352446098,0.34864947758495957,29.132228096202454,46.77933950499499,0.5776298605170118,0.19802992955903878,16.27777544145816,0.3870144616803774,0.03857579071090276,0.20311780741396418,0.4537368478687126,0.10261884104468424,0.9039658546308638,0.0,0.0,0.0,0.0,0.0
88608b5453fffff,2024-02-01,mumbai,24.16882183132099,12.597282139108309,8.89648457736177,0.5,242.18794074092932,0.18429312596132924,0.2658080574398373,31.85195712930448,40.0673109765138,0.8315619080281731,0.013127234175099409,2.874464751039274,0.4854561843979342,0.06637282213288162,0.15939850810635092,0.39486068921430834,0.12431722333618908,0.8553005439195391,0.0,0.0,0.0,0.0,0.0
88608b5455fffff,2024-01-01,mumbai,23.892574924515095,17.155167417941026,15.692874474472827,0.5,227.8574271289233,0.19888509909378865,0.31258122194521715,30.445724894020437,45.64553699182029,0.2665996944546989,0.05087774869188566,13.352142366983468,0.4343345729886144,0.46355749910554284,0.2112431315419447,0.42181556313102647,0.12584588341495676,0.829927971154724,0.0,0.0,0.0,0.0,0.0
88608b5455fffff,2024-02-01,mumbai,25.862815125951972,14.259306200738827,1.5813758226787435,5.950608764111501,250.57944958315807,0.11749801131391363,0.2655167950649973,29.786510497249655,49.53123989413706,0.2680063583637753,53.1780870208224,4.692519320902186,0.32508010454765884,0.16056873538805472,0.1875427114054278,0.42815592596673296,0.11886934075316882,0.9060432902522714,0.0,0.0,0.05924280549248959,0.0,3.490312037915721
88608b5457fffff,2024-01-01,mumbai,24.191350417501283,14.529565659062744,12.337047693059276,0.5,220.4064585849611,0.185311989485315,0.354835323255424,30.595936046626466,44.33412493270411,0.39947751016886707,1.2689497365056586,271.3936177737291,0.3140790343778429,0.30467377589345374,0.1210975334004446,0.4568832041684572,0.05540302880916502,0.8874666635240641,0.0,0.0,0.0,0.0,0.0
88608b5457fffff,2024-02-01,mumbai,22.752920091763666,11.023997793530768,0.8753708526080135,6.285328864691675,257.38123944708497,0.12007880132571448,0.25973627417152745,26.89953709243024,52.27604911080406,0.6002756094884153,1.9103870714376714,341.6682759245211,0.6576673483973575,0.01337675701438942,0.19362416339135344,0.37870481846015025,0.09417789485388937,0.8683654955150599,0.0,0.0,0.2790603698184054,0.0,0.4948061246084477
88608b5459fffff,2024-01-01,mumbai,21.672941779370273,15.537901380631338,9.48090014034116,6.019373944379669,193.48165651115903,0.1822266790642167,0.3651492803725523,23.84132585920195,49.200967685314616,0.681040276480955,1.2607057643932842,66.78468620707923,0.5074168472478111,0.09519391806901367,0.20091852788996128,0.42919552634976593,0.05598891066512113,0.9013280064738501,0.0,0.0,0.032793013620963485,0.0,0.0
88608b5459fffff,2024-02-01,mumbai,25.94715136109193,14.054467970623184,12.242165198763162,0.9291416250700624,267.930875360844,0.09759102576671899,0.2472767773552202,28.153632039720804,51.4670423653416,0.3684147536752737,1.2367095271093436,404.2504081151562,0.36504303725894716,0.20298327142265685,0.10455572878786872,0.43714286228231064,0.04441496220205999,0.8359387571430323,0.0,0.0,0.21427120661137658,0.0,0.0
88608b545bfffff,2024-01-01,mumbai,26.886608886750388,17.06064890038817,12.835944003921425,1.2686481867782353,189.00834138098193,0.12998634677796406,0.34639023137015557,33.328269908753335,33.702590097246585,0.394760346343734,28.282884176001584,1394.1806072545417,0.4725109041207979,0.03368507916959934,0.21274607102367396,0.397246598712423,0.0841544262765052,0.8816287728790312,0.0,0.0,0.0,0.0,3.5815696899567535
88608b545bfffff,2024-02-01,mumbai,22.097310257373472,10.486693192225854,19.925930849573675,0.8479494744570661,251.83343525712644,0.14657159667554723,0.2554743928099407,26.071868399298168,59.55091159224749,0.34113940987195224,4.514933671441008,681.263422197192,0.38377427049017093,0.022056361814303795,0.1780406044238167,0.36601535864199647,0.043997378193463645,0.9264308077457378,0.0,0.0,0.8616664547027694,0.0,0.06963677132115119
88608b545dfffff,2024-01-01,mumbai,23.969542289488153,14.160146336365887,6.045318160147551,1.1442080720295182,202.5642522250034,0.2129886198606908,0.3594698858451351,30.545227080270145,39.69441703591593,0.1382384386527694,2.083042338298647,451.07395485332967,0.3269024642714661,0.23556978295890668,0.235536889912932,0.40060916988166384,0.1072457749622943,0.8551324520590058,0.0,0.0,0.0,0.0,0.0
88608b545dfffff,2024-02-01,mumbai,25.977505177727764,19.330538582547124,18.829380675410327,5.570020289936247,258.2792265236454,0.1349471901967279,0.38989455586352845,30.6007210254365,61.5600483778351,0.7303774940920441,13.356985372210165,124.50956593686121,0.7513065130067594,0.05830761555144702,0.2191586655965061,0.39548929127894533,0.06791772337874796,0.9141499577334332,0.0,0.0,1.022567821516799,0.0,1.111267526170671
88608b5461fffff,2024-01-01,mumbai,24.838138303818067,14.313314956454416,15.03539890947389,1.7968087484345407,217.8953360756675,0.19361850911782957,0.34612777878111556,28.4450847143266,47.86127570848305,0.3369473588156323,8.51138996468736,1.1692865079051633,0.5973767282501025,0.06416385187028587,0.17267335058170966,0.47295279635319143,0.07233398837978718,0.8861161196505244,0.0,0.0,0.0,0.0,0.29862445808285815
88608b5461fffff,2024-02-01,mumbai,25.545395696161794,15.696572114025306,1.4532979127709007,8.047056538721279,244.95995337183177,0.16529894225084985,0.3548939802743454,30.62649888033031,55.74361986101861,0.6452405960454802,10.068137324623839,103.63122627948357,0.3492671649026368,0.03688442430172904,0.17351225815998306,0.38232433004230754,0.054534099986587196,0.909052206691362,0.0,0.0,0.5567601646935925,0.0,0.0
88608b5463fffff,2024-01-01,mumbai,24.124217283159492,12.725336359024707,4.728897147818266,4.196998293595504,202.5003321741896,0.12380005857659385,0.3628081053689879,29.11361324116821,42.820857676284604,0.2037406367734085,15.785102917952988,8.199107823134062,0.25720770711222585,0.12009517536158136,0.12050956848638872,0.4092360905265652,0.10060598815086558,0.877986515688843,0.0,0.0,0.0,0.0,0.05156378313354941
88608b5463fffff,2024-02-01,mumbai,26.798077469552954,20.773787544183925,3.46999751726192,0.5,230.48321282198083,0.12568436545052528,0.23716885796630743,31.957894021415026,52.74585409097002,0.8110126944055559,9.633402343756428,102.2305416672801,0.6882986645467626,0.0719880836390059,0.14925027937831034,0.4245861804318517,0.12448258414800295,0.9206759067761617,0.0,0.0,0.31668461919106955,0.0,0.6203323353505088
88608b5467fffff,2024-01-01,mumbai,28.672138025341745,19.93335513166982,4.718846303871255,0.9485268015987451,194.34688879799359,0.1961635667407946,0.32442261735767036,32.57319320496501,42.142082093006294,0.49978160800886684,0.19459746610591938,147.51570917941868,0.5813163460398899,0.10515723999931074,0.18685693652479682,0.4042370819434725,0.07609697096438998,0.9058070146960664,0.0,0.0,0.0,0.0,0.0
88608b5467fffff,2024-02-01,mumbai,26.822843387294473,16.909874666128125,4.005949810971198,0.6753303147042977,243.36703829857473,0.11005239798271281,0.26926956613081954,30.92537552583292,55.219141630753825,0.5167054339830197,9.17970302816959,181.20706605306398,0.1532941478663126,0.20950565104610946,0.19593523005138358,0.3980476597978173,0.05282588051543922,0.9024206241537289,0.0,0.0,0.5147574176834498,0.0,0.0
88608b5469fffff,2024-01-01,mumbai,23.097884511357485,12.909876219526607,9.955643313067542,3.0066042594707074,180.49517510218976,0.22305771201548766,0.360751802521002,25.191174391774613,48.706982051915155,0.56739752048632,13.86512520412517,57.852165087849535,0.7730489065248476,0.09616104047046178,0.19365403275419635,0.4199753413618015,0.13683974285563988,0.8998286272626658,0.0,0.0,0.0,0.0,1.2839732754566433
88608b5469fffff,2024-02-01,mumbai,26.098818547967845,20.772636333844012,0.3818047669523702,2.3522857481338653,230.26386696983317,0.10190340628647393,0.27051245186665734,30.905316844300877,53.59856181188241,0.6551795299958406,26.682197060613547,174.07209932185512,0.7351754212524141,0.13730439162764357,0.20664137285391718,0.39204390301500297,0.07731177907753789,0.8915525597150846,0.0,0.0,0.3849735673462611,0.0,2.1892228716913027
88608b546bfffff,2024-01-01,mumbai,24.628619732640267,13.744526007601317,1.9397732011411768,10.87008707139735,185.8028398062474,0.17731299724357877,0.26975624198280157,27.476652689154747,48.17904765469135,0.5878560489113652,4.261383584365417,181.57548312764442,0.818623549789947,0.2331011425915013,0.1587595964005266,0.36304578400396126,0.11125487386782403,0.8959793854823503,0.0,0.0,0.0,0.0,0.10289846278381946
88608b546bfffff,2024-02-01,mumbai,24.66073017721954,18.456094903041546,31.17540950703939,3.201903564623251,255.2782486574574,0.1336016896311595,0.2910495686654713,32.26503380108262,48.27802906397035,0.6827074056647804,1.0261699009402072,207.7547496751457,0.6380884958289377,0.20990425114216132,0.18471406148961533,0.41448670969126206,0.09722238324980616,0.879534878471079,0.0,0.0,0.0,0.0,0.0
88608b5481fffff,2024-01-01,mumbai,21.110556135642216,15.050892036695483,2.89036926666368,1.765491534140135,199.37710737945216,0.2106245407201232,0.42488179706796103,26.22428778956637,46.96146553768773,0.2824638684118598,6.6816121695986235,140.25040970434705,0.309396991807671,0.17645836376112556,0.24475416022720492,0.438352547210126,0.09964331663024736,0.8518570432069877,0.0,0.0,0.0,0.0,0.0
88608b5481fffff,2024-02-01,mumbai,27.214136737619057,21.741793883089567,2.1904116587560254,3.1783136432720958,252.0020227310077,0.10906750312725814,0.28318588586785615,32.00581246153582,55.27923425033904,0.3928529380156689,0.6632629144151401,362.6799462300644,0.5299409437566469,0.08908455987167377,0.18093826566884233,0.3979331197907405,0.046679029201361084,0.883807003329526,0.0,0.0,0.5195699245749947,0.0,0.0
88608b5483fffff,2024-01-01,mumbai,23.194572117940226,18.09695630348373,14.553089456475142,1.7190092675098478,222.57636058822138,0.20369150497270683,0.30777940478236043,28.56391418999661,49.556668496075204,0.6407238125436674,1.1698189349745307,180.58225911659173,0.24911880966010408,0.2026490515127098,0.1451280582959567,0.3656684936053255,0.11189186520810147,0.8843864136152798,0.0,0.0,0.06127925061527489,0.0,0.0
88608b5483fffff,2024-02-01,mumbai,26.49854349210654,19.291369432930086,3.366687463183915,4.475896427847664,280.6106062845144,0.15757979343836573,0.29861497707270407,29.569187485759045,59.048359323689425,0.5093797174815707,1.2840645426740651,109.12873196251122,0.5582419877873166,0.008929422867525086,0.1406861975720338,0.4187637303719145,0.09604489210193735,0.8565862100476987,0.0,0.0,0.8214196444872894,0.0,0.0
88608b5485fffff,2024-01-01,mumbai,22.023480587603053,10.43945072516399,30.519327673389625,3.790353908810708,192.41964981632904,0.19468761713281793,0.30210829713643134,26.42167821779534,58.08140186280326,0.7059267141049589,3.5111464123324505,1171.8540377394488,0.2850005359920974,0.00883302726286143,0.20424321984369478,0.4261621055005618,0.10578818054836892,0.9473167939584284,0.0,0.0,0.743981025960326,0.0,0.6380156293513508
88608b5485fffff,2024-02-01,mumbai,24.80321303716346,13.509808233326204,14.340314694250402,8.014383009582943,270.2538511204482,0.12469044323877737,0.25696268525555677,28.889555117129902,40.31701795468339,0.8911410164524585,19.427554691966343,520.1286215752611,0.03177667032516531,0.563343379563729,0.17683950378246543,0.4262352879572039,0.08535251889829662,0.8555517628284605,0.0,0.0,0.0,0.0,0.0
88608b5487fffff,2024-01-01,mumbai,24.48015394847287,16.064812394367234,5.377216538870552,1.0045048252771849,227.6975093654611,0.12970653678000796,0.39903170553312994,28.137275917749584,41.96246688092942,0.0859424688839317,19.65158390698543,898.3981361612506,0.649042602784868,0.1965597091127075,0.18509472849510886,0.41809873646655416,0.11886588829283737,0.863529040477996,0.0,0.0,0.0,0.0,2.3189784830126388
88608b5487fffff,2024-02-01,mumbai,27.73016800232608,20.004126901449066,5.8930792149662095,9.246907240114888,257.33903097569026,0.13362234507341253,0.39576296310827486,32.1055400992925,50.51118955105718,0.22596553987913198,5.938334599743078,129.34978601384975,0.4611050974707208,0.14233400137939223,0.2131103298038083,0.41737737126283864,0.09661717726940006,0.9060589063384733,0.0,0.0,0.13772190175833793,0.0,0.0
88608b5489fffff,2024-01-01,mumbai,25.309094527094043,16.434661854205743,20.973471577385364,1.6275796115815253,187.3212025827043,0.17687850266739907,0.41431743918016795,28.828530429692716,44.00878588898142,0.30234055713386826,3.5050963957412495,322.80739199259284,0.17025278523095874,0.15082585242434693,0.15322504726230304,0.4102718081113959,0.05409303870658784,0.8362901932063401,0.0,0.0,0.0,0.0,0.0
88608b5489fffff,2024-02-01,mumbai,24.450948138397482,14.466803678651393,20.651461026484313,2.7089332751364785,270.99515328865164,0.14656963640158469,0.3740557260052589,28.76688625300605,59.02389413810677,0.425406982256724,13.364325879665936,1639.9406617499926,0.6136084419432991,0.05478003720969621,0.18029441996775863,0.4265447144256019,0.09738112112994521,0.909818043505649,0.0,0.0,0.8194603543942273,0.0,2.6665226761871126
88608b548bfffff,2024-01-01,mumbai,24.39307127986781,17.918116641243934,11.762856761024668,3.9701795202061607,178.47670475586602,0.1873494845638819,0.331047105927307,30.310541706732455,42.66631061641175,0.45061766174200973,7.7814435090327905,441.15029597207985,0.37474752430908437,0.5913416661217055,0.1819596398226125,0.4274766815167981,0.09683679073911441,0.8823382442987519,0.0,0.0,0.0,0.0,0.0
88608b548bfffff,2024-02-01,mumbai,26.997683256411655,17.122983391462817,7.340295223897844,2.378769827552426,225.87991869453168,0.10419051297257645,0.26666268150279526,29.50976471617229,46.775409935842866,0.8256833146859461,4.394715894635871,31.819018062426544,0.24215578300929239,0.5135955385073038,0.22104313848794652,0.4032270463621446,0.12380200407548878,0.889371707415079,0.0,0.0,0.0,0.0,0.0
88608b548dfffff,2024-01-01,mumbai,26.291727830596493,17.73070559410546,31.53727778802306,0.5,197.25563404629315,0.19519667007266953,0.28273143228078235,30.98584970971958,44.96398526205651,0.42849304305545155,2.042917085967516,614.2463244817233,0.3887649224200982,0.029892626908274097,0.1629902127816314,0.3772764673213595,0.13723148054857676,0.9088745531007525,0.0,0.0,0.0,0.0,0.13953639695533324
88608b548dfffff,2024-02-01,mumbai,26.88994396667316,21.423447897232126,33.22448048459995,1.5352148942323076,217.17538027470954,0.07125477852439806,0.26220887287665023,31.067577682540588,52.78056172931857,0.32128245599553645,9.86804918175,349.36345285108945,0.2245297141507216,0.12911964275167676,0.13155571796412716,0.44195148223705105,0.09740255245278963,0.8573440377302712,0.0,0.0,0.3194641743160508,0.0,0.0
88608b5491fffff,2024-01-01,mumbai,21.90716894824658,15.917411045723075,8.892077315405238,11.922964508934633,205.40154736190578,0.19270592136133377,0.29113082848258676,28.90712941008139,49.047407698013195,0.41412476794716074,23.23228997759508,128.2592961858835,0.40771620062849884,0.08285907080456366,0.11607516108212346,0.4385330511077348,0.05572519695108041,0.859597476362262,0.0,0.0,0.020495188992006173,0.0,1.1850182758334447
88608b5491fffff,2024-02-01,mumbai,26.568681312987263,19.626142321614825,2.817275975019027,0.7988739813907245,242.93752115984245,0.10727967750827683,0.2758276652583725,34.08911441658245,56.722693759883136,0.4351840358352883,5.378318890182901,65.02450937169787,0.13379085980784097,0.06422933219559929,0.17600402005089116,0.4314562456300043,0.07758885935460652,0.8768882522514445,0.0,0.0,0.6351691260292786,0.0,0.0
88608b5493fffff,2024-01-01,mumbai,22.72354546078867,12.49332082185743,1.2394047027953652,4.93593412148722,184.89292788203895,0.22120896497601844,0.3465631293962819,25.725871163398807,47.394966014998744,0.7514482620840977,1.5288034337185445,252.45769118033283,0.3190903839035086,0.18702030823213314,0.12445830342989243,0.38472931297111745,0.12467553094884913,0.8812313219694239,0.0,0.0,0.0,0.0,0.0
88608b5493fffff,2024-02-01,mumbai,24.92429752765258,16.602168895740363,2.251190199272137,0.7313633207647279,243.27203534879789,0.18204507893689392,0.19698676778350765,30.26041705534323,52.739147873759556,0.6226568533922302,24.852843046283596,203.34862235160625,0.5707910921371675,0.08021242157641924,0.16044437953573656,0.4086425395879691,0.10325064101823263,0.864863357608864,0.0,0.0,0.3161475529628984,0.0,1.9836832605690147
88608b5495fffff,2024-01-01,mumbai,26.275013646100152,17.070328541623148,2.066444262363446,0.7227664668266751,194.3627630358824,0.22474621357478847,0.34838942644682985,31.684640805364417,50.47801202592647,0.588454705147183,8.436479403751147,82.69613020321907,0.5269326955846586,0.1220426329268368,0.16434114018856766,0.4321410301809422,0.12060570236316666,0.8668415250149496,0.0,0.0,0.13506488548182988,0.0,0.2838029781239195
88608b5495fffff,2024-02-01,mumbai,26.254601791538732,17.95719253752376,6.838217551019232,2.821728844926121,239.74580440140602,0.13634342835828767,0.2998846684303231,34.01022355162818,46.76654437810404,0.3521501985385879,5.862157097369793,426.5615133231443,0.3172094117060204,0.05048133808517283,0.19066594223217695,0.3873462663775137,0.05064299633813544,0.8349291612540326,0.0,0.0,0.0,0.0,0.13283875388730823
88608b5497fffff,2024-01-01,mumbai,24.243897082013667,13.70857603988982,12.165723343266258,5.071088310522181,213.01791679739213,0.12945323085982868,0.418250286825011,31.811916259286654,46.37049803666963,0.1907217172770081,2.97881291622183,4.663311618952631,0.7157740042312708,0.050124613285735406,0.2217817213882778,0.4100010319139184,0.10411771187239462,0.8928396429379876,0.0,0.0,0.0,0.0,0.2453278319947554
88608b5497fffff,2024-02-01,mumbai,22.710480473980173,12.12147743642872,13.057880982640167,2.5891321519726294,259.21529636085813,0.12542756846025963,0.2687252589576444,30.455101694420968,45.81732227668324,0.08877238247898886,1.4344999913090966,326.03583307366847,0.6789493188534435,0.24025548735811672,0.17535086798159288,0.4504411518026622,0.12118325359691924,0.9028770851973207,0.0,0.0,0.0,0.0,0.0
88608b5499fffff,2024-01-01,mumbai,24.907574214824123,14.523529127108633,6.283176649317061,2.719942188033077,218.80961375722416,0.16581368081585782,0.32457632593973473,32.8807413612723,45.50791926114941,0.48861576368960624,0.2726442738963117,62.32754277440824,0.3819764356224682,0.2034500916476826,0.13691870261748126,0.4160392695277151,0.07540875008194768,0.8683875004355525,0.0,0.0,0.0,0.0,0.0
88608b5499fffff,2024-02-01,mumbai,25.138681245181647,18.628619381212694,15.878716697316012,1.44112875037036,240.36099643515826,0.07557814927446735,0.21998145224047375,27.14457515743978,46.28274286816304,0.43567827697808337,8.471833780238033,98.48051066743119,0.44378859488144157,0.21007115006531177,0.1992221103451494,0.3778475208173747,0.0948885604598312,0.9166269229305188,0.0,0.0,0.0,0.0,0.0
88608b549bfffff,2024-01-01,mumbai,23.8068581270701,15.40990134423237,32.529780455728805,1.7909450563927727,210.7627444673135,0.21522391052037282,0.2805060483781604,30.270031067204492,44.14485107645975,0.7021025230412338,3.854997878542359,555.2479208821915,0.7550902060205077,0.21121417153312216,0.18258052247518208,0.3624793725708753,0.07174036578678825,0.8405208691603769,0.0,0.0,0.0,0.0,0.5818508994099622
88608b549bfffff,2024-02-01,mumbai,27.576116684446326,20.76501534307923,1.5359284410813945,2.1710575418077402,251.0303029077742,0.12064789554620649,0.17995892298120847,30.90959896064579,52.74824509598757,0.6903108503241779,2.9871175766391262,1268.1413833066358,0.39541614831972155,0.418312278529391,0.20035342321439623,0.45739616350215906,0.08488307985253452,0.8645385550496015,0.0,0.0,0.31687610240821174,0.0,0.12728663009555533
88608b549dfffff,2024-01-01,mumbai,23.256232338377632,15.052401396390113,3.4918652043268716,6.443016413252719,216.68672860892696,0.19150788183311393,0.3737905878818813,26.53865190077737,41.926929311207374,0.4968815024357883,3.592728341124756,384.34534441282455,0.4914870131868295,0.08323081785550307,0.20439769120431264,0.4455495284285209,0.05350716153528942,0.8333414793730431,0.0,0.0,0.0,0.0,0.25458970868542413
88608b549dfffff,2024-02-01,mumbai,24.294881415864864,16.66162010754425,8.310824496687509,2.0442946184551625,249.88911936774895,0.050234916160615706,0.283438003905916,27.692894916986408,45.437639934503416,0.3890697962298421,21.731476916921437,12.874855550522193,0.31757365370640117,0.07258639350375203,0.1906587564432326,0.45835440470803146,0.09795928647780527,0.8637025064458771,0.0,0.0,0.0,0.0,1.0947422942826517
88608b54a1fffff,2024-01-01,mumbai,24.716526433688294,13.446737982053115,6.024295623019102,1.7720022339089514,198.9357791037568,0.1681907218251469,0.38029646297511677,31.40450708124142,50.111980551782054,0.5686961896009377,8.485266914966418,1287.5489259361257,0.32542246598604635,0.06747164422781263,0.12759513377630943,0.44227263437937736,0.08189643923589568,0.8798968862592174,0.0,0.0,0.10575131912374539,0.0,1.158452593715645
88608b54a1fffff,2024-02-01,mumbai,27.45526324774441,18.90172097380598,6.840952512402749,5.153145907344303,230.86674013277116,0.1719660431102161,0.29105991915149004,32.44422324385555,57.23279489989619,0.7168557048745251,2.125087506516478,94.5418098447572,0.4587501851948629,0.05115399051394324,0.21825153750290086,0.43219744480110867,0.1285438519266141,0.834920453801869,0.0,0.0,0.6760204862901932,0.0,0.08669338395790066
88608b54a3fffff,2024-01-01,mumbai,23.962854356092777,17.12610792314696,16.108273342561034,0.5276817356932284,229.73073045374184,0.1512863791153176,0.3818541196149057,31.592429339413535,38.390924358841815,0.2584709090963084,1.7022246930485307,684.9460356098821,0.5042767698065674,0.2331993202321076,0.1448707407779405,0.4795943403613745,0.055626332117460923,0.8759761446543884,0.0,0.0,0.0,0.0,0.0
88608b54a3fffff,2024-02-01,mumbai,26.562060505492518,18.710238585917526,47.357330460151914,3.449241777444616,260.8555184157792,0.10985170309055356,0.2743129911627568,32.40386736528279,50.67388996094075,0.7111039658983758,4.590606452361954,599.2323594735578,0.43317027654051565,0.09062963566609589,0.16781592107066712,0.43706047226801814,0.11402233257051159,0.8583576013711404,0.0,0.0,0.150751735525387,0.0,0.4673632661223998
88608b54a5fffff,2024-01-01,mumbai,21.825302027888455,15.135956063880936,13.989464130324649,3.9364958911956673,204.64544602154095,0.1826955752413435,0.342123323509228,28.876960980898357,46.4398425580192,0.49716281360648573,0.6151589539787424,92.25173387953055,0.04364490907431574,0.18939433346497608,0.16709924474168067,0.3635512522333717,0.08779282441024758,0.9040550801651185,0.0,0.0,0.0,0.0,0.0
88608b54a5fffff,2024-02-01,mumbai,24.751110392487988,15.368335218971517,23.79513576735053,3.544395127469249,247.12469023738305,0.13679288957059776,0.29304780532251024,28.70082125297821,59.79009132079528,0.5066882466162541,3.8898695399416785,16.134858963220545,0.908909554534569,0.12841446707380458,0.18925330664112414,0.41577412711761014,0.09983150896210885,0.855846137050575,0.0,0.0,0.8808211212807802,0.0,0.5883314422223825
88608b54a7fffff,2024-01-01,mumbai,25.39254134527751,14.959454400347381,4.276623873254516,0.7516303781305382,212.14869659891596,0.2043542198976755,0.4632121631337914,27.598658579853314,47.023752357266126,0.5073246002501342,3.1015710950275124,225.7467676784729,0.3190073957715655,0.0023348882756183452,0.18954050334806205,0.4299896591041921,0.06883989635388338,0.8924131137994035,0.0,0.0,0.0,0.0,0.0
88608b54a7fffff,2024-02-01,mumbai,26.237429776365158,16.66838366261259,0.31523042768572346,5.211204174054707,229.57106130905115,0.14027109825009013,0.19485095809803255,29.92343392785436,47.63444070238768,0.323599862912611,24.999768539836644,597.10897495255,0.8124977480747264,0.0006824463657530429,0.1389746380459826,0.44058417596580346,0.11536650648476954,0.8742732222900926,0.0,0.0,0.0,0.0,3.141507549032207
88608b54a9fffff,2024-01-01,mumbai,25.19639733929198,13.225190179164704,7.03923230137884,2.4925716434378034,201.28451011426296,0.20482682693203486,0.292521589163177,31.131973862310772,39.15039067784998,0.8987262234851798,10.908842783741981,78.23184692903723,0.10706865079321545,0.301810997698106,0.16471319184346433,0.3845731831453683,0.0845706172488971,0.8145537650383838,0.0,0.0,0.0,0.0,0.0
88608b54a9fffff,2024-02-01,mumbai,26.22040625737573,14.659178220410453,28.848234672903054,0.7287342486970517,216.85503808652328,0.14097481244538754,0.3016457691899021,29.57217072282345,55.10315860157033,0.5188526560668494,0.274956351476469,130.89101473569735,0.05062630956452756,0.2831403582528061,0.1838332527528005,0.4455525089374413,0.12376060820985593,0.8731703933609343,0.0,0.0,0.5054689371495584,0.0,0.0
88608b54abfffff,2024-01-01,mumbai,22.612295025701943,17.2288026075505,2.5628457402279685,0.74075213562008,218.9906986803915,0.20632346115359745,0.42603490414182177,24.888367448649976,39.36981280286387,0.5303445065261043,1.8731952368186695,153.4116136183629,0.683694129450306,0.48181219946935105,0.2080277670028248,0.43891220424566346,0.09192181570094662,0.8944186330453856,0.0,0.0,0.0,0.0,0.0
88608b54abfffff,2024-02-01,mumbai,23.087904792543902,18.052275883173685,4.27061585709832,4.445374172719538,263.54552783023047,0.11883476136036639,0.30294604452208895,30.5345525193165,53.69582008895416,0.6195726654456157,14.029540628893367,94.03531403493226,0.21611428329704152,0.18857877407909923,0.19432687984322022,0.3934812560893693,0.12359068459397887,0.853325404286107,0.0,0.0,0.39276247939400133,0.0,0.08266817892849213
88608b54adfffff,2024-01-01,mumbai,25.49256435875419,15.854396219096365,3.5276541919762536,0.8868446585199903,227.62629071805114,0.19776542003384825,0.2876377880236772,29.36804939802986,40.526422047908994,0.8437870345899772,2.5578486874902877,613.4813330904566,0.3776871197924513,0.18346332204699958,0.13201578980709822,0.4206121689524587,0.09549442577624177,0.83773882115661,0.0,0.0,0.0,0.0,0.0
88608b54adfffff,2024-02-01,mumbai,26.79799726346125,20.811877899370423,7.569877643039499,0.5,242.28671421525715,0.10281858771596564,0.2785416905266892,30.248438525840914,60.52578534250222,0.2075299098284622,5.131076048674697,1317.8315065853733,0.759112848458396,0.1327122926685753,0.10389432969855462,0.4070668015162597,0.1299114285320936,0.9023617249277089,0.0,0.0,0.9397390478742834,0.0,1.5976157109361067
88608b54b1fffff,2024-01-01,mumbai,25.584631134034673,18.515399135926067,0.29569331297206325,0.7962808006873601,179.24411112869,0.24004622339150553,0.28931142448391967,28.489369772878362,56.070254648545585,0.6625102722312164,17.52437062534294,207.18544725256203,0.7942147058984687,0.4744695783131193,0.16688816658334843,0.44237282773442754,0.12369207540910927,0.8843666324902246,0.0,0.0,0.5829186543191404,0.0,0.7866945556088132
88608b54b1fffff,2024-02-01,mumbai,28.60366912820589,17.43212268446123,0.666926799827547,8.487579412273902,220.55783234041982,0.16376664004808447,0.3059779798954524,35.37093686256064,59.73604589341633,0.39807740375005923,0.45497398397320854,6.482291271305617,0.23444763633972657,0.18340754226098782,0.17685014546699201,0.4106295414434191,0.09751454782631365,0.9129754973160946,0.0,0.0,0.8764929027156229,0.0,0.0
88608b54b3fffff,2024-01-01,mumbai,22.484025958977075,13.241512046895584,10.896535979213235,2.549519934214973,196.03460357152076,0.23869801042587385,0.3792043705055358,24.67569199803019,44.51533115007931,0.7855001436974529,0.06819237929056507,33.39071141669592,0.6416091228989839,0.006199271522758873,0.17740173399422834,0.362646655141312,0.12210747889689441,0.9296901329854883,0.0,0.0,0.0,0.0,0.0
88608b54b3fffff,2024-02-01,mumbai,23.690251415728838,12.222622401561162,4.308759205019131,2.960480949869964,244.9049441353577,0.10514610371138054,0.25879976760115947,29.99986348825356,45.0663970811004,0.2542891996207789,4.417620127500848,245.15975270015701,0.5398310762378549,0.23345911022594293,0.2098078524215177,0.38324489390136307,0.1326578529616964,0.8859511386005305,0.0,0.0,0.0,0.0,0.0
88608b54b5fffff,2024-01-01,mumbai,23.4291587018045,12.984724366616394,3.2479002783314415,0.5,213.9926008254722,0.21226862768001573,0.2864349008612591,30.582847856604634,44.47112027590109,0.3290055811684662,7.513784184448857,174.8481915279438,0.020755021878652927,0.130373403821338,0.20190551642421972,0.4189706512075638,0.09586155287894677,0.8799333727217754,0.0,0.0,0.0,0.0,0.0
88608b54b5fffff,2024-02-01,mumbai,24.868459224594364,18.029777267443713,15.16545624006552,0.6018943397160659,267.253228268477,0.06251900931858245,0.29048516929930573,31.462325062328308,54.51112676093529,0.976868929419803,4.48167067170924,509.5785204272949,0.17043539751445191,0.0028364016728936636,0.14578994141657456,0.42148950879582403,0.068540846260038,0.8463809256792701,0.0,0.0,0.4580561711104641,0.0,0.0
88608b54b7fffff,2024-01-01,mumbai,20.81053660212246,13.47796547394979,45.893718532658326,4.703536603176632,192.40538354444055,0.16553280840354814,0.36301905948027435,26.413295955898867,47.08035762880678,0.6540604135463514,9.969859217237023,849.7166006325945,0.2714904929233282,0.00945729755838467,0.15867781820035995,0.40794827977156056,0.1381730968411038,0.8108183196420474,0.0,0.0,0.0,0.0,1.3540802443140623
88608b54b7fffff,2024-02-01,mumbai,27.064204543326856,19.976864737931052,0.7674247133470141,2.2831722625770627,227.13546775125468,0.1374295204028889,0.23670833478636724,33.0909603176268,56.78493055431616,0.35934907717005593,8.826178922399428,182.0623076212447,0.23828358860051296,0.04164758983652631,0.1528802841095108,0.39345925777566726,0.0671097748585784,0.8971234502395309,0.0,0.0,0.6401533487871478,0.0,0.0
88608b54b9fffff,2024-01-01,mumbai,24.510455891932608,15.950376611038212,5.720630419614869,2.0302608945562524,200.60942506645617,0.1884702488171813,0.49013445394753663,27.776632853825216,54.12060018929196,0.6163792011088943,5.839529690852287,53.58329032399868,0.09580652833146844,0.5882100862165162,0.21365442950550295,0.39482723505792094,0.09390910842551155,0.8697677834114607,0.0,0.0,0.4267809191687543,0.0,0.0
88608b54b9fffff,2024-02-01,mumbai,25.562217048995176,15.517079731219448,2.5115859019000735,2.3898879519683245,265.4180252932693,0.12081677882642138,0.2821097762051469,29.53056844134749,53.922878292602206,0.5104308787416125,2.246900646121815,90.30109390058004,0.459162746555656,0.3684048053115844,0.1654373791501049,0.4161457203945956,0.0869708078065904,0.8807481358909448,0.0,0.0,0.4109463957780834,0.0,0.0
88608b54bbfffff,2024-01-01,mumbai,22.84621553787359,16.94339587738996,11.118362194169254,2.094915635009083,203.34717339213805,0.23068147172079842,0.2944899882813914,28.05042364440009,46.76823086198561,0.8410267075747317,2.0863333751766553,566.8572688164147,0.2869812886759101,0.2454423030744829,0.1429404944705445,0.4070330498535769,0.10889101276807185,0.8653587090045557,0.0,0.0,0.0,0.0,0.0
88608b54bbfffff,2024-02-01,mumbai,25.419455170085843,15.52220599003218,6.606665914964546,3.0912194480055146,262.468160001965,0.12801900351421128,0.3071929500944944,33.17702532084556,53.04306510195173,0.2882759367944632,8.771674437574562,37.82015852986552,0.3398117984420808,0.015953330148198743,0.21248905396074536,0.3893367863317702,0.13057181222385122,0.8546235638388276,0.0,0.0,0.34048671083668647,0.0,0.328082677145766
88608b54bdfffff,2024-01-01,mumbai,19.661961649246706,9.897806107051766,1.1094124909606562,0.5,191.60357596292775,0.16982240520273062,0.3839543116289042,22.164337816593957,40.226620195250746,0.6540820754976242,12.338054024676037,174.60714152970115,0.30256406420916726,0.15060756581525617,0.15703619210243355,0.44281896706622675,0.05345584524374649,0.8937148447542124,0.0,0.0,0.0,0.0,0.0
88608b54bdfffff,2024-02-01,mumbai,27.728918838955835,18.309420958165568,4.733820377065934,0.5,250.89430679105965,0.12331638961303572,0.27063726368764207,33.26814465267354,57.06396546479896,0.38606099188792203,3.199868361773241,16.40652644218136,0.10960385689470162,0.24079833713117338,0.14480840245389076,0.37714537510242635,0.07243800831034808,0.8534463145970659,0.0,0.0,0.6624998106147242,0.0,0.0
88608b54c1fffff,2024-01-01,mumbai,22.554498496486854,15.78004848937036,4.202036029639754,10.300915270327325,226.0026076865216,0.17804411819720692,0.34678163024244363,28.8014920066418,45.74351303740494,0.40077926444364304,0.6072583050394038,300.113578972823,0.18268661041739806,0.5546090206968375,0.19476835500969428,0.3862943711774751,0.04127013218726528,0.8843956349658969,0.0,0.0,0.0,0.0,0.0
88608b54c1fffff,2024-02-01,mumbai,26.71117750942256,19.11189160872437,14.086734418476334,10.30414264179425,261.2842719153068,0.13002054747466946,0.2115954773251822,29.807376455838526,51.20162361792246,0.5022689036850382,3.784229085940633,30.31781911502673,0.6852647486108413,0.155506129051399,0.16616832533988377,0.39037940027119034,0.09764830998435244,0.9033706523545224,0.0,0.0,0.19301519281273585,0.0,0.0
88608b54c3fffff,2024-01-01,mumbai,24.25823750232548,18.40472083318358,8.53863395762823,5.992355597373093,203.76895974690916,0.12610102209735446,0.3235385978987416,30.3771123662846,49.038292902104324,0.8114392537720142,14.167408375660957,386.3914784705029,0.1925366128581948,0.029429814707071296,0.22470501803860313,0.38062675633737303,0.09523583184635948,0.8571680483566106,0.0,0.0,0.01976523216154609,0.0,0.7595468590232659
88608b54c3fffff,2024-02-01,mumbai,26.861679384512055,19.580328877519978,1.68395048084049,4.393195258793492,235.5731788397644,0.1417477691407934,0.23111031889614886,34.74112948056191,57.736904171754205,0.8620750328176141,15.097958068089307,18.49227366462164,0.5645889519596968,0.10534728302918386,0.12763542883891754,0.4206196464377798,0.08074543818611213,0.8711289304196844,0.0,0.0,0.7163919888416519,0.0,0.655759276787966
88608b54c5fffff,2024-01-01,mumbai,23.5055334756776,15.307920581112551,15.2038750130853,0.5,208.78723904326247,0.14645049933053933,0.3745524232476861,30.960919060840318,40.1884764078619,0.7167739544160723,20.25586246442473,224.39542897197362,0.26688256374202435,0.19606386140856946,0.17359134369959958,0.4235437518789995,0.0852363409913709,0.8553172363432849,0.0,0.0,0.0,0.0,0.697115574575603
88608b54c5fffff,2024-02-01,mumbai,26.752302649422727,17.575675164194628,23.116106011598877,0.5,244.3292973715508,0.05,0.332325846447558,31.038365685431096,53.45084152388449,0.17364985187532678,3.270931957306709,151.6699174901028,0.5520462506677017,0.3240988268267304,0.1857380498607521,0.3986267677877319,0.11091300129896604,0.8515668584205566,0.0,0.0,0.3731434140109935,0.0,0.0
88608b54c7fffff,2024-01-01,mumbai,24.062949565846626,16.2053528960356,16.892130483164742,8.257970060699703,197.92705789104303,0.20795518408695596,0.32552056012875874,31.88019498105114,40.948184447237786,0.8991370388242896,0.7179059332690592,245.83202206653354,0.5772538329226413,0.04823597476524547,0.21987304385094528,0.4105480746683115,0.11228896190250819,0.873296718800591,0.0,0.0,0.0,0.0,0.15720287145339537
88608b54c7fffff,2024-02-01,mumbai,26.13706577817799,20.24459386089603,6.0708714161326665,4.067369782950341,254.2962527495476,0.07344358619083934,0.21463123400181947,31.19864238699488,49.728103068899976,0.7531007423429579,1.604070132629029,14.790395411442958,0.37196385872076804,0.37787964476978314,0.13824685231153622,0.4526013899578042,0.1281149161325896,0.9106871580783515,0.0,0.0,0.07500855828837931,0.0,0.0
88608b54c9fffff,2024-01-01,mumbai,22.984690574754506,17.757816679867762,9.49919868881988,2.1635708143502033,187.30511017538322,0.20972870658283804,0.4088786315621783,25.32921747414015,36.539308109824546,0.3578688460371727,8.652873614862145,287.9912477404105,0.46633527452157186,0.09551960776335747,0.17734657269130102,0.3850927299365835,0.12327248165502744,0.9049861669383177,0.0,0.0,0.0,0.0,0.3307757495229532
88608b54c9fffff,2024-02-01,mumbai,25.03157919205427,16.563432576624095,13.71951294172238,6.625865767577596,223.10360431421842,0.12424212219910757,0.27647312146269637,28.657927259817185,43.40932639276321,0.17703067825206573,6.6205987382427445,157.17214188781725,0.78794904204063,0.21192750963204715,0.2000853940527593,0.43772444453383014,0.08340788720144217,0.8857367081015451,0.0,0.0,0.0,0.0,0.3869976903323098
88608b54cbfffff,2024-01-01,mumbai,24.994717829332853,18.44994750313247,7.162502019634615,0.5558753233500735,202.19252668870402,0.20285953762793693,0.32212789938103514,30.68162744022011,42.10974770045706,0.8286905145188603,1.7298986439648394,112.22933799149666,0.7187030558865581,0.09983500078462405,0.23992824795919152,0.40534028727169125,0.10450881118773966,0.8663958775894202,0.0,0.0,0.0,0.0,0.2868278766372046
88608b54cbfffff,2024-02-01,mumbai,26.49883742540688,15.471609534541628,0.11747079729283084,7.084426893409887,236.61308515476702,0.1188920203813464,0.2588355914507685,33.76685462365459,47.743343306228134,0.45131131781894473,9.028378526433146,1035.1055466195241,0.7705831375850144,0.06561159868447737,0.19472153292537,0.44231180646905005,0.08666566369895809,0.847796161958183,0.0,0.0,0.0,0.0,2.1398160333038785
88608b54cdfffff,2024-01-01,mumbai,26.46365214612815,20.97461603531102,21.928215332838292,0.8753473392054183,204.68883063263777,0.18138444602086798,0.404624205073452,29.969983137411955,48.84073182824366,0.759948967142593,0.7656314497835407,400.32081870137563,0.25685399087280925,0.27044413557670494,0.22766333519951246,0.4077611424182899,0.08051413783095372,0.866745985439803,0.0,0.0,0.003943588238914236,0.0,0.0
88608b54cdfffff,2024-02-01,mumbai,25.443607908665673,15.728859489430475,8.73057999481925,0.5,250.37529114373737,0.16504299479768106,0.14034044539942753,31.49941093267068,55.22578157816761,0.6588477384293246,2.223300766424019,3.016341311227089,0.3495161656008818,0.061367418651332176,0.17996522757762395,0.37646609608534953,0.0946901584683495,0.8533156314679405,0.0,0.0,0.5152891767065864,0.0,0.0
88608b54d1fffff,2024-01-01,mumbai,21.63772686413669,12.880125452975891,26.391593165434784,1.3261327552185047,198.07975189269965,0.2051818963929235,0.351317556339955,24.33416041271811,43.246371863136176,0.1822885837393681,28.967635709173017,1260.516428126981,0.08338097676019847,0.13832637458668315,0.17029571313084776,0.4084265270798818,0.06084967332650318,0.8606907724422898,0.0,0.0,0.0,0.0,2.3227120796613066
88608b54d1fffff,2024-02-01,mumbai,24.534381429172303,12.544992064137245,13.935649363142213,2.755695870875867,222.48692583565253,0.16037786041693364,0.29487008111311525,31.280457495873492,56.09522222600474,0.8917288083349368,4.100658223384893,85.5302932402285,0.23564650496941647,0.07422260041801114,0.16981691669937027,0.4252453936750917,0.12286969860977678,0.891593760827279,0.0,0.0,0.5849181783774483,0.0,0.0
88608b54d3fffff,2024-01-01,mumbai,24.60273532460147,16.516178990476604,10.609723416168233,0.5,180.27477985331183,0.24362803240514685,0.34500439608274275,29.54768398554223,50.16040202702122,0.6171774732209384,9.44185962996911,171.78103206083765,0.3258673045954169,0.13559692047696906,0.1615334337132506,0.3826282971389316,0.1465584031329534,0.8886100644672635,0.0,0.0,0.10962914446894935,0.0,0.0
88608b54d3fffff,2024-02-01,mumbai,24.70268441075809,13.874550767306344,2.9725652010947634,0.9531689847967542,231.60971110757268,0.06993573288747446,0.26810508487999596,26.903632404848235,46.823326206258265,0.7499293952727014,26.826496045905362,204.596397129634,0.4138865120010329,0.17180460045610801,0.14666298737120817,0.4142265271476573,0.06511450714047103,0.840195902237126,0.0,0.0,0.0,0.0,1.5329431291201647
88608b54d5fffff,2024-01-01,mumbai,22.892916646508972,15.930326099961022,5.047736001711086,0.5,181.4593734832489,0.1984544117878122,0.42028511702275195,25.541550811779242,38.198506655350066,0.6691878043502748,13.780372550590656,420.0164135249552,0.4064259490056898,0.011216524582942622,0.18781639682021858,0.46418154105798676,0.09723468199093477,0.8863587393587926,0.0,0.0,0.0,0.0,1.11888394939469
88608b54d5fffff,2024-02-01,mumbai,22.816725963489635,12.450779585643467,3.6884198742929257,0.6564726969665795,243.64107181466056,0.1037046727030018,0.3000097113686917,26.63753736788922,61.48464837836804,0.6217602352633314,5.433757237825131,213.28445422326456,0.6276902845027827,0.20616732782496744,0.19530201661388655,0.4074458302156138,0.07453580980118453,0.8564214609023021,0.0,0.0,1.016529425794291,0.0,0.08879518045146301
88608b54d7fffff,2024-01-01,mumbai,25.48964721594223,13.979079511386933,21.31349445802773,1.005525965740892,199.52033366029204,0.2078975512263841,0.34170915256474227,32.39708819379537,41.33712716229988,0.6591407129361803,4.840821139852953,189.43180508141833,0.4344524172222269,0.002957637849477749,0.13917498277012746,0.4131059893465187,0.09726723838281469,0.8531736958698304,0.0,0.0,0.0,0.0,0.11725679325797099
88608b54d7fffff,2024-02-01,mumbai,25.358215307402563,14.781943788302883,1.6281709107433673,0.883370548700402,261.4602614646042,0.17529112002944722,0.31563315316091295,30.37908937054374,59.93348402993911,0.5601759611771726,4.05123775789887,189.71476016954517,0.221293904142256,0.05694703268430261,0.18310717925323536,0.4231312290865803,0.12359943841918436,0.863490371902238,0.0,0.0,0.8923047012231293,0.0,0.0
88608b54d9fffff,2024-01-01,mumbai,23.67738457129145,17.70877169080039,41.12912045321083,1.0246197427160235,202.54982958987526,0.2150636362145184,0.37333455960463535,26.489362196696852,43.48353155472131,0.5425521521079222,0.5224271143949129,242.00204406057665,0.2532422672597218,0.05215077613682094,0.20700053537434124,0.42696037279290694,0.05627681356095429,0.9425632532110387,0.0,0.0,0.0,0.0,0.0
88608b54d9fffff,2024-02-01,mumbai,25.026547731803042,14.497071899085478,4.694710814173035,4.628352480761348,220.0824088757761,0.09969268309839957,0.30633875308793596,31.326479990742705,56.43759134870775,0.22044184935153624,5.124050268922204,305.9160529158777,0.3073429992394554,0.04843483666726722,0.16107670690897233,0.43575292178307157,0.09001315249153656,0.8610483203711145,0.0,0.0,0.6123367494737525,0.0,0.0
88608b54dbfffff,2024-01-01,mumbai,22.437209194964993,12.519992313627009,11.140705902745475,0.5,202.00510253215714,0.18412196874621603,0.3445991510835207,28.75217877852328,39.702628572691104,0.24225660425328416,0.8948214148451262,19.249760160742188,0.36927627470276264,0.005771500389103175,0.216878570902447,0.46542162309968726,0.0523719818466687,0.8923156380769943,0.0,0.0,0.0,0.0,0.0
88608b54dbfffff,2024-02-01,mumbai,25.756384918535506,20.415335126922052,4.517912420190958,0.5,247.7203658097195,0.09074662333368466,0.33203192544654725,31.127838914613353,61.59786472168627,0.509195539371002,5.0805219249764555,884.7454931868177,0.07835077391748217,0.06426931690236014,0.21520529435225727,0.3916899615227165,0.12268049408381024,0.8984789343496001,0.0,0.0,1.0255963367762932,0.0,0.13009986308767937
88608b54ddfffff,2024-01-01,mumbai,23.66262352678954,17.913580934769744,0.5662737078544464,0.5,198.99735462827886,0.1667668983006071,0.3828990504588957,30.177149144724332,53.80669003196769,0.46220730256486975,15.421020827228826,475.11177784119104,0.2988719195282285,0.07570488793547703,0.16226338583703317,0.429447166933754,0.021913716746292777,0.8984061754737824,0.0,0.0,0.40164147931946076,0.0,0.5258175065617536
88608b54ddfffff,2024-02-01,mumbai,25.786023906714263,17.245364456068412,20.19290273748707,1.662154046593622,246.57979167211278,0.21184496797489172,0.2679900298137403,28.560829726794104,45.94243497723204,0.0989817866606868,2.6546887121576357,46.72061744264116,0.32950766555259764,0.04317018346183776,0.15192285891482488,0.44184242900686416,0.05625651101288678,0.9075250479203361,0.0,0.0,0.0,0.0,0.0
88608b54e1fffff,2024-01-01,mumbai,23.153638250061597,11.788575440021416,3.716535376461121,7.931200798510509,203.4555467803305,0.2189662844508921,0.2995560866479623,27.351686983615544,50.239709177823414,0.7502685610469014,8.642620138808093,1.5195597600938573,0.604466143159008,0.02919317708232074,0.17102523739735775,0.43829697662947836,0.09115838498014946,0.8657822383510657,0.0,0.0,0.11598044372031804,0.0,0.5347771527322582
88608b54e1fffff,2024-02-01,mumbai,24.133318797843906,13.02911661753283,11.262434603532991,3.8955432833558,240.5297759246013,0.14930165623652153,0.29279815727975533,29.66330321703667,51.76781111300867,0.1605331829395806,8.468824019227252,429.6983165305835,0.4506602996233098,0.07432982993343719,0.16083772971563812,0.4390299493115762,0.11826535353430725,0.8435521951328329,0.0,0.0,0.23835821897495837,0.0,0.750047671166343
88608b54e3fffff,2024-01-01,mumbai,23.848848919820075,13.688598219549618,22.58034461411869,4.362840832242901,228.98499870776723,0.1729835551131873,0.42148619306201573,26.66199533493014,40.47137146285915,0.15076533086853594,3.5811269222336484,1363.5831881056042,0.6363343897877436,0.4065851542618597,0.17610369521271702,0.39637493186624967,0.09125205779505989,0.8788087722633241,0.0,0.0,0.0,0.0,0.6635644471021902
88608b54e3fffff,2024-02-01,mumbai,25.843505654489746,18.019740674980216,32.69353201914809,0.5,244.66479646987207,0.19142709381777534,0.26192663154131784,29.50844074289951,56.529121521035634,0.4365262041150461,6.588262334653191,531.2149131316843,0.3536704811968515,0.36233716262333576,0.22112601658242292,0.43625815770496384,0.10454262594559627,0.8950830817292307,0.0,0.0,0.6196669272585238,0.0,0.0
88608b54e5fffff,2024-01-01,mumbai,22.596551412795055,13.141090148259634,10.93902913892743,1.2623107054585123,191.35071034781024,0.25130785783103554,0.337131094821258,27.916713651415353,57.841782377858124,0.7804307067457854,3.535373310746889,74.13193558495685,0.41924071874355323,0.18743121819295572,0.1600632251038908,0.3973561165778345,0.07965957417335415,0.8811588649635852,0.0,0.0,0.724791141568423,0.0,0.0
88608b54e5fffff,2024-02-01,mumbai,25.301454636950876,18.22622454109177,10.445439203304371,0.5,241.6055031738503,0.13740764888233623,0.3149339713707967,28.885979582300845,53.007511245505604,0.6511780013440078,15.752652034423782,392.74200651150994,0.11846230436956029,0.031111374604085074,0.09944738228237178,0.4338073650360769,0.10875657484728259,0.8859135815766418,0.0,0.0,0.33763938648389596,0.0,0.4182127088644879
88608b54e7fffff,2024-01-01,mumbai,26.268672984542512,16.751490474456535,0.12090748958092035,1.9274403222653786,197.05384438065659,0.2150191652603718,0.331251156400775,29.934464710991396,44.13654272249939,0.5232774635629417,15.522916206937262,28.6869791238468,0.41248393781947384,0.08255653139028422,0.17734996775328893,0.41286407028652194,0.09238568887453828,0.9432492646741863,0.0,0.0,0.0,0.0,0.31142127348525955
88608b54e7fffff,2024-02-01,mumbai,24.385905294034995,17.572365899653377,7.329354702706961,0.5,245.6362030476417,0.16073999057319632,0.32991407490296165,27.249424867901574,56.24481048579731,0.4616292563428311,0.9539185643871938,120.22107817720115,0.4863117679222597,0.05878237010243711,0.1891033651282812,0.42718558774530524,0.1297195444584729,0.8742132853595518,0.0,0.0,0.5968979279060086,0.0,0.0
88608b54e9fffff,2024-01-01,mumbai,20.06768435765132,14.737311288550028,25.225062355328916,1.5202863336218941,204.25233838079114,0.21441609578077428,0.40202968474660217,23.95630961068308,52.46848821461275,0.6554132439073762,3.087052432728678,506.6252353793592,0.5583745108814073,0.14809398729001758,0.20656918080561473,0.44265491551337427,0.0471321919255544,0.8206567955025702,0.0,0.0,0.2944718216684737,0.0,0.34981535130164604
88608b54e9fffff,2024-02-01,mumbai,23.70752518090167,14.080861850483874,5.083363047959246,1.3904735831353499,267.69245665553655,0.16431526951625264,0.2250206145839063,27.40977822239308,49.569570901129225,0.1270783021366252,2.552548908840758,173.90480596872848,0.33310175141701237,0.01061169276961917,0.14043109529792774,0.4068742915182946,0.07863729866093255,0.9043885328446207,0.0,0.0,0.06231253745929281,0.0,0.0
88608b54ebfffff,2024-01-01,mumbai,21.47044341228013,10.265376376765847,6.393957531016592,3.133078326147608,198.44176769601987,0.21160697381766347,0.3442285057370126,26.562929907402918,49.005904817369725,0.6741523468258016,3.654942072101664,22.13095609144611,0.49420108368861043,0.21141102410455503,0.20058416656665823,0.3917384641461177,0.08714705782054712,0.8864705566019194,0.0,0.0,0.017171438080591413,0.0,0.0
88608b54ebfffff,2024-02-01,mumbai,28.829463689083173,19.869868224617747,0.45558856321856683,5.2848459855292695,226.6609260771967,0.0932032866977294,0.2768933512336473,33.7976804278332,40.04779183358902,0.42317325544032397,3.1325621997051245,296.9395207056938,0.2774729308349137,0.29757849981414425,0.23389846144587834,0.38913541069600677,0.06052880854420227,0.9488244719558714,0.0,0.0,0.0,0.0,0.0
88608b54edfffff,2024-01-01,mumbai,26.373254460268434,14.514624662046078,10.313236857895927,3.2703021505667462,187.19308116546878,0.19233807258853158,0.38764749835030504,31.390227137584237,55.1389253134525,0.5749899465732634,20.775444282604887,139.09725753354502,0.398520936787491,0.289501440708395,0.1470988495286542,0.46235196836033854,0.08461932208969569,0.8597118926825911,0.0,0.0,0.5083333079925829,0.0,0.6114474293691955
88608b54edfffff,2024-02-01,mumbai,25.040116253293455,17.994411689609414,3.9092114753331475,3.118034511364172,271.46980260519166,0.14543437487665958,0.2680496275566852,30.636022074962145,44.57831074629359,0.41158951653908105,0.2611152620583707,120.55584985324941,0.2520428745319628,0.06306076939688682,0.17291861597898367,0.445443862120784,0.15234169520788543,0.891790612456328,0.0,0.0,0.0,0.0,0.0
88608b5501fffff,2024-01-01,mumbai,22.98303045007958,17.635734639587785,11.89998134875717,1.3152251004761049,178.4271935340254,0.21107803543507847,0.36254786077364626,26.064574829490134,45.26337807561908,0.625738724838235,1.4238635624422218,432.3117936507391,0.3133602663132164,0.03298403549708233,0.1691504397228901,0.3924926115166453,0.09097891226378206,0.8873930931511647,0.0,0.0,0.0,0.0,0.0
88608b5501fffff,2024-02-01,mumbai,25.319165870139262,16.311941680203418,12.179569973994806,4.755080675556435,266.0238220738011,0.1609913685263735,0.2196817275220877,30.821389348632852,54.28022686410758,0.47595568052507736,28.605196215551395,195.63944368497712,0.888687386658234,0.15090727853496583,0.20399950970871117,0.4029414602661341,0.10510800407907338,0.9270357471953611,0.0,0.0,0.4395645934024131,0.0,2.614109311259991
88608b5503fffff,2024-01-01,mumbai,27.94087452318739,17.022418157536322,0.8452844599097319,0.5,193.29660769736248,0.2598436676366263,0.24191644779810417,31.5165386668097,47.903822731438154,0.49560039488536456,1.8322023078016025,134.35876643871867,0.47263237980136585,0.25547853024321954,0.19984450795259895,0.36729632524027356,0.11165172835649406,0.8738879793597142,0.0,0.0,0.0,0.0,0.0
88608b5503fffff,2024-02-01,mumbai,24.11997911997535,13.068277265618226,7.551001733485415,6.5214108798956705,255.3549314579638,0.1396876983670296,0.23997384101819427,28.299270694806978,48.37352285959204,0.5432002904903438,1.9527357730582549,139.37966286318863,0.6603580531639097,0.3982079193320109,0.174401325998917,0.3824278237918687,0.08897810396178865,0.837101790601225,0.0,0.0,0.0,0.0,0.0
88608b5509fffff,2024-01-01,mumbai,24.756058661636807,18.50717603113683,15.437199227931025,0.5,223.46708752929342,0.20796378993479941,0.37910160898906736,30.51658963214683,42.333422190879816,0.6857369457510906,1.3670121783565674,207.70246281117198,0.43613712817369255,0.18060453745428764,0.16180035564889494,0.403385728643319,0.12297215605128328,0.9144726600907722,0.0,0.0,0.0,0.0,0.0
88608b5509fffff,2024-02-01,mumbai,24.021181853187947,17.2635248316975,8.320935990286312,2.4578383787971947,253.19438266645489,0.10828061521582295,0.24062514560088855,30.837891643603484,50.68342478445358,0.7601916540504274,4.8991704834469205,406.61742865924924,0.16197998767053765,0.4326235318425467,0.21329778845329905,0.4676423380048563,0.10021082218779753,0.8823113923227689,0.0,0.0,0.15151533019278346,0.0,0.0
88608b550bfffff,2024-01-01,mumbai,23.15827880369348,13.546691500391702,2.7952468780444635,0.714741806106914,183.59678955974223,0.20221867210465305,0.30667985409797877,27.455994633625252,50.572011568959546,0.5171702530855283,10.972319891908045,351.11752206754153,0.08014832113352323,0.015957506644810153,0.1729710285363073,0.445455511571442,0.018587411068717793,0.9159329089503396,0.0,0.0,0.14259282238608204,0.0,0.0
88608b550bfffff,2024-02-01,mumbai,26.466477623520184,18.18524976106957,1.9106337523561052,7.0356539560409885,236.753220185367,0.12457175747900982,0.3051145673211725,31.527491256345055,50.93656568422024,0.6767899443558351,9.37914799743113,107.06418205331032,0.10448501813793028,0.12373344294849928,0.21289223176137867,0.4755894305267301,0.0957575896674083,0.9095744611758992,0.0,0.0,0.17178807471728152,0.0,0.0
88608b5511fffff,2024-01-01,mumbai,22.56384214906273,17.433602884608096,0.19134693920039514,3.4710007646676004,182.84566811189657,0.23344539902583378,0.33390974442447174,25.658446144630766,48.66929929518345,0.44376167062529354,14.29320319745705,85.22042792653743,0.4571599645182624,0.21374772667577532,0.18025381655557052,0.36773068553128035,0.08239703688199124,0.8614533043360529,0.0,0.0,0.0,0.0,0.2834433005589925
88608b5511fffff,2024-02-01,mumbai,26.336751961250087,15.92102401026403,2.8334672915064947,7.4938513252344485,254.92030214070667,0.15024151290299914,0.2373374663826756,32.01804756288373,52.188765301940634,0.29739245683574367,11.3564967159793,505.2790088949189,0.6898658101363101,0.1839258751270749,0.16816830326414672,0.4507915715343331,0.07965124393258897,0.8324624910378499,0.0,0.0,0.27207026130632983,0.0,1.225986215950673
88608b5513fffff,2024-01-01,mumbai,25.31311775858964,18.788862881304443,9.98506320962107,5.919054706035428,205.78735784463896,0.26059319184705926,0.3388089783086237,28.544412303872118,42.61639826597008,0.21530212108128557,0.45518991210371695,281.36747153761723,0.12903018461562515,0.4995033035310569,0.1950440738637706,0.40911852687164374,0.07158537646091437,0.8891818653002022,0.0,0.0,0.0,0.0,0.0
88608b5513fffff,2024-02-01,mumbai,25.283345153141436,17.154475233449972,11.53687151643882,0.8428648105958985,233.06957130145656,0.19119390689913296,0.4098881637657774,29.08860001615019,43.21020568943353,0.5786595272033683,2.4865841416116314,690.4206125937246,0.21806294672974044,0.4745358833645805,0.13995068907369348,0.3511863511032376,0.1056006465955697,0.8305829584794788,0.0,0.0,0.0,0.0,0.0
88608b5515fffff,2024-01-01,mumbai,22.6915038357915,13.508479967848096,1.373563559497035,4.6465319957836115,174.77193621587801,0.15948144611393603,0.3913933657972263,28.38452017252232,48.83619324445905,0.1903961171367432,0.3310215961538946,354.69908318137453,0.3945773988260305,0.258656923909471,0.17628502368227736,0.4047036539954777,0.09344917750721878,0.8300186594351354,0.0,0.0,0.003580116553171716,0.0,0.0
88608b5515fffff,2024-02-01,mumbai,23.565311842221178,17.6987756007535,17.933637231417546,4.100627240655394,233.83880713206844,0.10337142413963256,0.17879094790488692,31.493954672296,50.514816315909655,0.8866805851442839,4.328981426854667,558.0887385991164,0.21943374760573667,0.3983878570097683,0.19388354283673592,0.41668999803248674,0.16339813176804696,0.859264795272507,0.0,0.0,0.13801235058494984,0.0,0.0
88608b5517fffff,2024-01-01,mumbai,24.72881630138621,15.67259366650698,8.097569534050312,3.7655395331166472,194.54962514098528,0.18094926681570228,0.34649966226313467,31.936124618968268,39.28779087442198,0.29666590720117136,25.105597859443204,684.8068050130194,0.10526238702286538,0.06882218749659905,0.18533715828406014,0.4412743591628514,0.08101280145188967,0.8730383406892082,0.0,0.0,0.0,0.0,1.6263414387260422
88608b5517fffff,2024-02-01,mumbai,24.532906278049207,14.060799309175538,5.064349297408027,3.810209034432553,244.28786399308825,0.14989501752497827,0.18943564983853095,31.69308305291468,57.001894653128545,0.5032552166949098,8.17334720667042,414.2279475669625,0.17442007831547984,0.19059633506274418,0.14511574939377586,0.4578936957081632,0.07070534289199779,0.8826398960366054,0.0,0.0,0.6575288805572638,0.0,0.0
88608b5519fffff,2024-01-01,mumbai,23.448100905544905,16.473056621032995,32.48399974906534,1.9723734933751016,201.20461106753336,0.19414713084131688,0.41680166677763597,26.07567004119571,37.8429661652437,0.8513600528538282,4.719463107587321,51.848619095745924,0.5766395862230421,0.3255870250110515,0.17118010969976008,0.4265834987366608,0.06362029427338303,0.8497955835707377,0.0,0.0,0.0,0.0,0.0
88608b5519fffff,2024-02-01,mumbai,24.724906341789296,15.721249714169774,8.22852489700689,5.363490715447062,238.1494395509322,0.13935554347813586,0.20489493765891326,31.827807226616322,44.10120822061115,0.6119011143428766,27.028946876519854,502.1357540756428,0.6894294100548715,0.02247375705667731,0.21522397690127573,0.3977312157635353,0.13881703410436996,0.9000423657830057,0.0,0.0,0.0,0.0,3.0243308743570214
88608b551bfffff,2024-01-01,mumbai,23.99985080397162,16.816505518804348,22.08951049603964,0.5435924742592962,240.56860632052994,0.2704138613125299,0.31447224401012885,30.06491113016677,45.298395512626726,0.5236937221664729,1.725498914902194,30.60632290275351,0.175454993362667,0.40975274570445896,0.24321974987996942,0.3894173789403299,0.07770181653811215,0.8590213715565824,0.0,0.0,0.0,0.0,0.0
88608b551bfffff,2024-02-01,mumbai,23.50492803868574,11.618727381862309,4.5080461763426465,7.496517521251451,245.71284734257932,0.1585335469662392,0.38584897119205597,28.860102832430208,54.80266519958222,0.5462842901326357,14.851775769857394,501.86582060427946,0.16723894128592234,0.14025932460298068,0.2040985902348198,0.38866274152646757,0.06491942683768337,0.8651261059621873,0.0,0.0,0.48140397579634553,0.0,0.4237422441920105
88608b551dfffff,2024-01-01,mumbai,25.240993818150415,14.620005185394168,16.63912889305458,0.5,199.50399713597997,0.2202916843959823,0.31470216842788573,29.04791031363457,47.99390728740803,0.43299411076577016,9.198563249359333,290.31603724157645,0.35483815161883653,0.15643065402908746,0.23706975523713417,0.3719857441833568,0.06200893581423865,0.8744921904039101,0.0,0.0,0.0,0.0,0.03670983848191264
88608b551dfffff,2024-02-01,mumbai,26.724778263047515,18.153587571715605,29.716414364402727,3.850275972725811,238.69359159647905,0.09901967311066702,0.21140245394752954,30.378906668828403,52.009683276032575,0.4830930388128995,3.536567841104417,394.1755933779246,0.7642643606956876,0.11488035709279597,0.14528627602888888,0.42099792528881547,0.10259569349161145,0.8670753100147826,0.0,0.0,0.257728508695392,0.0,0.5999044873141564
88608b5531fffff,2024-01-01,mumbai,23.124057654809928,13.33516547867121,1.584168487997949,12.520700628355037,189.33260948926758,0.21586712308157202,0.3604227933316824,30.919849440629058,45.03780268727275,0.5709758164441009,2.89013151464756,9.862349298370605,0.4153397667150411,0.025331498903448088,0.16327180024920812,0.4030923520383485,0.11241222533496117,0.8425324449115869,0.0,0.0,0.0,0.0,0.0
88608b5531fffff,2024-02-01,mumbai,24.480557310830164,13.857276606871975,17.6007349878364,1.8157581372759073,263.9037062138169,0.08341565388245487,0.3281970039619139,32.089364639361406,49.60882071599744,0.8922898293743222,32.370581006066864,99.89074477495626,0.1767089703036297,0.14837056345941924,0.17615378623752811,0.4285270724692711,0.0561247860779695,0.8896397968913344,0.0,0.0,0.06545585199357239,0.0,1.3230890393392862
88608b5533fffff,2024-01-01,mumbai,19.719899835630965,8.400648085033414,6.563607901797405,1.0493643543365234,188.2189017051672,0.11736919638949489,0.27390143234743813,23.2510891593802,48.840042296775906,0.19302853433379366,21.36610789014882,55.57408072990742,0.27763447956909953,0.06989219475401832,0.1527551909147463,0.35119408923735307,0.0821208077029509,0.8436482275075156,0.0,0.0,0.003888367232351005,0.0,0.8778088499890604
88608b5533fffff,2024-02-01,mumbai,26.028130777169313,17.057607567605373,5.703789329176104,1.0368370220724186,263.9659976868005,0.14314578543851644,0.32239706912874794,30.793359659117705,60.77246599200255,0.653838068463108,2.6928665076384237,465.0257531926828,0.2367421870867968,0.17666777879811654,0.1884420067328294,0.4134404454402608,0.1287152645505947,0.8754808469768457,0.0,0.0,0.9594944243901576,0.0,0.0
88608b5539fffff,2024-01-01,mumbai,20.72556394268999,10.012401367066005,6.51789777487757,5.780094317273816,175.9689469144366,0.25767965033186147,0.403807378668065,25.062281083859897,50.912479704346346,0.25031125138347105,5.735317199368022,680.075957874897,0.1693762940962098,0.044310803676558465,0.15041828822183087,0.4385355187188081,0.08514366715980791,0.8652604295720171,0.0,0.0,0.16985915324684472,0.0,0.07514247598930295
88608b5539fffff,2024-02-01,mumbai,25.025429944411606,18.647657141963755,22.83267180892605,0.5,241.80350550208675,0.13634861794940786,0.3640176597540665,29.73039324631153,56.63749078327314,0.31024703392414044,4.6744329461527725,97.60458376510324,0.4557892629913795,0.4174776404687594,0.19147504073454025,0.4005434635542439,0.11048315649702566,0.9440442936754382,0.0,0.0,0.6283456606029747,0.0,0.0
88608b553bfffff,2024-01-01,mumbai,23.751177282141608,18.195066102689985,35.46218518232778,10.150599168767018,196.9537856546342,0.1806245534008675,0.4143283229278794,26.207083408245765,43.3185110916919,0.4086967726878924,26.02695879544703,780.0616351686423,0.5170784340554373,0.3609404340669705,0.18177112563318037,0.45573702676183053,0.11548381221547256,0.9002497112694359,0.0,0.0,0.0,0.0,1.8932189129853643
88608b553bfffff,2024-02-01,mumbai,24.788610461032984,18.185098081813457,7.344626431066268,3.109384399310845,240.79241500935268,0.09498694063103,0.2134357269001429,32.11242987795292,53.280558473593516,0.4622539699539128,22.21780329445505,39.253613070010346,0.5076159827016891,0.43512121889401006,0.16114542085488945,0.4016927441771733,0.0631311023707874,0.8838490140027788,0.0,0.0,0.3595063258178835,0.0,0.2601485921342254
88608b5551fffff,2024-01-01,mumbai,22.917364196000694,17.639280072170155,3.9378853405473233,1.861986104033237,219.48643263022538,0.16406219168225825,0.37021566423804275,25.9903787713013,57.97155918162057,0.8032338164088922,8.560064879981526,120.16113109777551,0.7089396769380907,0.41943797185655574,0.15472497888678988,0.42678958279934043,0.08275578645989735,0.8688100547595417,0.0,0.0,0.7351842941182762,0.0,0.0
88608b5551fffff,2024-02-01,mumbai,24.429153526557222,16.903099780935676,8.621996113822327,2.5795206538996562,231.05153423947874,0.13315999677237955,0.3125168067877574,27.212239391823566,52.803678774425315,0.8081090961601449,25.059891041336755,138.178832589926,0.44268389204012204,0.3779261971072811,0.2127737851088022,0.47060767761957173,0.12775396798933267,0.8883525048965426,0.0,0.0,0.3213154988157358,0.0,1.04292209315343
88608b5553fffff,2024-01-01,mumbai,21.477187471022354,14.90263132928171,2.815854023047528,0.9550445882631675,188.6698380818025,0.17744405799138727,0.3657853720992534,27.006673324179857,38.68263346374422,0.5818253959662745,8.685751300636266,504.6058485959848,0.44739607397328063,0.11084261756015343,0.1996570022246954,0.4245562216162497,0.0895516539112793,0.8753183401416436,0.0,0.0,0.0,0.0,0.6013407123945923
88608b5553fffff,2024-02-01,mumbai,27.79802343216387,16.523755109921808,16.829201008022984,5.212007371707678,253.3100885650418,0.0962527199106755,0.32681613685689376,32.95988378000768,49.8379865967627,0.8134832193043176,27.562228354335392,33.84412496435958,0.133545901079033,0.15053775269694702,0.1792722946216363,0.40686869293932104,0.04453972992656704,0.8755246810238441,0.0,0.0,0.08380856132963031,0.0,0.7360888844335226
88608b5555fffff,2024-01-01,mumbai,25.121060114915238,14.140791078936044,4.6479611856048315,1.1186797356240357,201.78800685831294,0.20035734039892725,0.3471704340519318,31.026677049745416,47.989510334424246,0.4759764676429463,4.891682809054166,329.44340691299783,0.12210691048521234,0.3727883614773081,0.1679673829456262,0.40967560035776696,0.14394318465543807,0.9413134357019272,0.0,0.0,0.0,0.0,0.0
88608b5555fffff,2024-02-01,mumbai,26.155715534058594,16.463758752861924,22.85437782722809,0.5273570579907031,237.36540821601506,0.1294539034468868,0.24857087891256718,31.828147262222977,51.48781240745872,0.44671198412345825,5.637202161249072,46.542491053792155,0.19084275797023495,0.05129858051409785,0.16911393951333792,0.43537215552113323,0.09655287543186875,0.8452957546732816,0.0,0.0,0.21593457178860243,0.0,0.0
88608b5557fffff,2024-01-01,mumbai,24.195621779029445,14.984235099633814,3.836329672046414,2.4294793111149247,180.2748314526767,0.1967274899693452,0.34987972670439615,27.025287162987173,45.16393467939213,0.757199899609309,4.749489860424296,316.81543471051117,0.07773281698252663,0.3929191714993442,0.18049617331829768,0.4095098099992547,0.014250727035960142,0.9008582003913727,0.0,0.0,0.0,0.0,0.0
88608b5557fffff,2024-02-01,mumbai,25.337789176669528,20.17015281938847,8.202340528616357,0.5,261.3757493725242,0.09914239006026467,0.25805581173805303,33.01204676606316,56.34551711823592,0.5216612843959292,4.2381816958528225,375.5764648895075,0.2561629250219324,0.1421742469962667,0.18196922566044965,0.41423552848258505,0.08340300640026167,0.8300816990050781,0.0,0.0,0.6049630008880209,0.0,0.0
88608b5559fffff,2024-01-01,mumbai,23.629080622184805,14.836299043330229,19.918847967894298,0.5,193.1759895168405,0.16631083706178568,0.4449205735084731,28.580618140034005,41.89379754325488,0.23257796501049033,2.8672539818618072,529.5277249697117,0.21693389071987104,0.2937726479563163,0.20043563512179297,0.3078205198886472,0.07641519629795958,0.8771732688736689,0.0,0.0,0.0,0.0,0.0
88608b5559fffff,2024-02-01,mumbai,27.505506662480347,19.880681206415378,11.864366780140818,0.6245762099908045,253.5514049318575,0.12142391767800517,0.22391635038449303,30.67419801310964,60.36063460442923,0.8670667290391944,5.084069539556456,112.1462467411006,0.11688015239438629,0.21961023579758113,0.15069280087483877,0.40582069795427156,0.16594758290220765,0.8706010564272061,0.0,0.0,0.926512980004286,0.0,0.0
88608b555bfffff,2024-01-01,mumbai,22.836945895801268,12.847107415961457,13.171798276469218,5.175892674447955,204.98290136535198,0.18374899574988351,0.32359467791815466,26.196773034674173,44.648971841018536,0.13968901382362917,1.274206752050141,803.190059182671,0.4783028703846493,0.10627779301248733,0.1953531165418602,0.4084496284540765,0.08689111353275443,0.8806083447606194,0.0,0.0,0.0,0.0,0.31871073323853344
88608b555bfffff,2024-02-01,mumbai,26.71508927849333,18.109226181488815,5.497124898592575,0.5,241.8386156704949,0.183442059993701,0.27131494651740995,31.42140532825245,55.41988791238035,0.3982286741400156,31.491873275143913,55.75064434139539,0.4526739751545775,0.19401712557700646,0.22576676842440807,0.4253222509727258,0.11310642364539109,0.8871456677530972,0.0,0.0,0.5308341484109173,0.0,1.9668530199123797
88608b555dfffff,2024-01-01,mumbai,21.348740149560747,13.298174830547174,15.541905226721974,0.5,194.601433756611,0.14426392858801945,0.2875179262024402,23.855446052963245,42.93555301953817,0.25076124720491505,10.043173106177196,89.46965448989077,0.4477401984585142,0.22719019698064974,0.1389699772145332,0.40285952729230784,0.1633546321750392,0.9332256611770056,0.0,0.0,0.0,0.0,0.0
88608b555dfffff,2024-02-01,mumbai,26.706033887323414,16.648190376826783,11.283581145820643,2.9391123219600876,254.6714836791178,0.07255065919483863,0.39454087312293185,33.063685416996215,48.39024213506342,0.6116211252271794,35.08618580410732,940.2215005585798,0.4822606958784255,0.06074213775877557,0.1806744103160244,0.38224115639127765,0.13776463479496356,0.9121156702335049,0.0,0.0,0.0,0.0,3.5666416363622
88608b5581fffff,2024-01-01,mumbai,23.14289757999268,15.26747061292562,5.216249983536233,2.4292233281453126,196.55831163717497,0.23216031955326324,0.41816819137655725,29.865289115670784,44.41688282827633,0.35484541645993417,5.850732741499847,227.46131543418835,0.412232092497457,0.012177676349880266,0.19671831620934338,0.45102092977050384,0.11041729606686082,0.8785347911499206,0.0,0.0,0.0,0.0,0.2962398638164896
88608b5581fffff,2024-02-01,mumbai,25.139527025525926,15.02990938983347,7.577254303177654,1.4848366490479292,237.7213933978791,0.12131301795035711,0.36437771898411986,27.580942078555754,49.831816743689735,0.6668378951643932,2.9505211733827883,490.8259371053732,0.85846393211468,0.49338824489985866,0.16105313363428067,0.35643408691133704,0.08909024922980056,0.8758134556065622,0.0,0.0,0.08331444972926377,0.0,0.0
88608b5583fffff,2024-01-01,mumbai,22.66319019597314,16.70758841818898,1.476912914836574,1.0478068471106494,214.65977084720305,0.21589830033493457,0.30862764776726803,26.312595223793373,43.99165893855506,0.4972431832501982,1.1656850462071895,132.03868755066824,0.15688265584251132,0.007491317471233461,0.19685421124314884,0.3825604386308027,0.06932235280488871,0.8661523374298825,0.0,0.0,0.0,0.0,0.0
88608b5583fffff,2024-02-01,mumbai,28.370577889888597,18.023405432929515,11.404645745208882,0.5,230.3437504614942,0.16647888732892963,0.24151872515513786,36.12749908726422,48.706595828605984,0.506052802374134,12.022590157982105,572.1145834595408,0.2596746207639581,0.16499640950166153,0.12382011426814019,0.3950692591557519,0.08096784236134962,0.9217716781667963,0.0,0.0,0.0,0.0,0.009733392369657987
88608b5585fffff,2024-01-01,mumbai,24.165483943831713,13.283007367895856,19.842144629388088,3.070951963857434,185.67568600439515,0.1862719649128289,0.3441237849049122,27.319517131125117,45.30174878680244,0.3006421528984089,14.864698736649432,400.9217813596009,0.09146266596628178,0.4777716239096434,0.14784371275221142,0.42155907662262704,0.08461586565472139,0.8566078324585766,0.0,0.0,0.0,0.0,0.0
88608b5585fffff,2024-02-01,mumbai,26.261240373222062,18.979028618349627,10.108562628193562,3.148454333340942,206.9293316017426,0.1437829154797334,0.2847982255360981,32.709767847019904,52.219471118431066,0.18252190149402492,41.04356903702723,866.3681177332027,0.19910451424224995,0.17100532587603076,0.1671270117984521,0.38700627692373923,0.0923236887563954,0.9183174016062939,0.0,0.0,0.2745293312302355,0.0,2.915913513965345
88608b5587fffff,2024-01-01,mumbai,24.795091135625544,19.7170185553359,5.200531212486571,5.9777140285105075,219.8416185934116,0.23772779015289017,0.3854325802721593,30.955530612092886,41.35419837461092,0.5088631492383392,2.999067536225745,83.20444317644633,0.3372957320355034,0.07956944086903144,0.20426909446279304,0.48727789269544697,0.13222078403358867,0.866237782653972,0.0,0.0,0.0,0.0,0.0
88608b5587fffff,2024-02-01,mumbai,25.3113313973985,14.84993787317346,14.825955174773615,0.5947491312182062,232.91164157450206,0.15512259766910377,0.3102177455985057,32.92022890756765,54.51971453184767,0.8666692800438932,3.9172471376046794,201.25687451834116,0.056292210894321855,0.17220851840183202,0.20317559435215718,0.36782337620888456,0.06055324590071341,0.8998502659097951,0.0,0.0,0.4587439212365873,0.0,0.0
88608b5589fffff,2024-01-01,mumbai,22.26978245996353,10.783117398080867,1.1204466271727858,2.530883384534799,190.4717031734382,0.21682737066757765,0.3424958055540827,28.504148694183144,46.74934210594576,0.3137669580705685,2.8049688579835372,183.11697928748922,0.6117191805382678,0.011599123293278111,0.1689914316877988,0.4083135728802858,0.10554336916568346,0.886861219831945,0.0,0.0,0.0,0.0,0.2278720697039585
88608b5589fffff,2024-02-01,mumbai,28.289277756891046,17.982790421610385,2.787321409778412,11.93784119301876,233.75275241657724,0.15216528443563948,0.23347312612634188,31.962390293087484,57.88864447100219,0.6883225749083518,18.570833519138862,218.48960597994272,0.2649420295542633,0.036336171239177574,0.2188809608594334,0.4350825960129736,0.04655805351555656,0.8814963903667377,0.0,0.0,0.7285440840722562,0.0,0.8395893528081038
88608b558bfffff,2024-01-01,mumbai,25.2420431594018,17.442097934759367,31.372067281908325,4.450203333991203,229.09206044332427,0.16543680288865595,0.3951455537592937,31.99203924841403,51.37398593604388,0.24518070579814205,11.452207631353943,210.49014851533738,0.44847524557753715,0.18516850330425572,0.22995054764035952,0.35814591775648136,0.11406127960129744,0.9019919157902179,0.0,0.0,0.20681879880507742,0.0,0.2957131686049855
88608b558bfffff,2024-02-01,mumbai,24.368573975991897,18.079193842192957,0.08537760948428084,0.5,227.71449360619997,0.14960592774990936,0.3347605405671301,31.015848830660556,47.31996231104145,0.7422380393815965,0.45577487855241683,18.98900200425292,0.621390971968895,0.14012806879907674,0.12605147365712216,0.4529696366802019,0.05165493398096531,0.8937483408864894,0.0,0.0,0.0,0.0,0.0
88608b558dfffff,2024-01-01,mumbai,23.21300077631278,13.673363748939975,18.192832406291238,0.5,190.9053389724314,0.1873931281662622,0.37169727624518223,28.484358452151668,43.8344903171919,0.5162332905309575,7.621196387396413,237.9068843038931,0.5186740680721911,0.1250885566769656,0.19053881905714878,0.4146086133751435,0.11402221185674578,0.8867767403072846,0.0,0.0,0.0,0.0,0.31123399333302026
88608b558dfffff,2024-02-01,mumbai,26.369421536351506,16.45973975445439,17.17341053489211,0.5236515300998242,231.58820629384724,0.05,0.15381163740221676,29.72857387207846,50.81636441368875,0.45142076871777925,3.2600995377752247,497.9281419228498,0.4864582156290348,0.09627763475311861,0.20269105848913843,0.3916348906312209,0.09294569268301137,0.8817462075287693,0.0,0.0,0.16216177706545545,0.0,0.19926766846130406
88608b5591fffff,2024-01-01,mumbai,23.589567790499384,12.380753374090448,2.9795978921602204,0.9150416682861,199.02187082770598,0.21821332508582114,0.36046581829601193,26.7699416795658,36.39995719181137,0.36624521308450464,2.4881603404406576,275.7064127815595,0.13936254841164145,0.09586698505271908,0.20463351957237547,0.41008407518932066,0.0850731650416998,0.8686585207218628,0.0,0.0,0.0,0.0,0.0
88608b5591fffff,2024-02-01,mumbai,26.718880321972108,15.179452796852424,3.8337207707534904,3.741862638337251,243.59501627919897,0.11198312102114721,0.24643517692908126,31.572775388914195,54.06423441887364,0.2834196758452505,7.681994561118125,578.9814412189091,0.06828212723372121,0.22811738484656113,0.1683709614454925,0.46254670812498766,0.07140282036402351,0.8994633981784369,0.0,0.0,0.42226687633857385,0.0,0.0
88608b5593fffff,2024-01-01,mumbai,21.75025894755192,15.02247896758258,11.500921959042905,2.0019348393243663,222.40681398135933,0.17021793937660212,0.35486516402205154,25.330074801640976,46.16141832244046,0.6380409029020171,2.355026131606376,386.74887409493647,0.6626011486942082,0.0466656629961067,0.16511938312382046,0.4273436575868893,0.08015410715780687,0.9270307658452558,0.0,0.0,0.0,0.0,0.18710457667392466
88608b5593fffff,2024-02-01,mumbai,25.97859337498774,16.50577357124731,11.378291776637454,7.092231707278846,243.01923685653867,0.14948352212644858,0.24261163038246172,28.665629265004668,57.4670968600133,0.33125246041258577,0.255436190181716,7.155124121521153,0.3293857373913702,0.13036326364295117,0.15135978435208475,0.40739387738914057,0.0423116435978816,0.9003279940037787,0.0,0.0,0.6947845176396185,0.0,0.0
88608b5595fffff,2024-01-01,mumbai,25.50226614715671,18.75770620104654,7.648127309978624,1.9848645231463937,213.6743147921239,0.2240989501336922,0.3157952812045672,27.507002151155504,41.58271382666804,0.7442327952045119,26.77435529711646,387.60379675483796,0.498652810058104,0.03977956738011984,0.1981117079539306,0.4229051953193098,0.1150511651018402,0.9198541783327436,0.0,0.0,0.0,0.0,2.246276983071381
88608b5595fffff,2024-02-01,mumbai,26.02514177827717,14.308302871414899,0.7342406749188564,11.562056341754133,262.7478421516167,0.17298878589847724,0.30854360015462867,28.266198866598344,56.528527508248324,0.49448916988656366,5.839718764106233,137.06355131391942,0.3430941897954322,0.025103771618727587,0.1785722373167748,0.4050806636528605,0.13246329188421505,0.867837412541746,0.0,0.0,0.6196193558487177,0.0,0.051353370972877385
88608b5597fffff,2024-01-01,mumbai,22.189994724517504,16.90197435337011,11.697049745175889,0.8688063126444774,184.66044566851303,0.2344776254356685,0.3498472348041953,30.087325030930494,41.41332327865797,0.6431258579054508,0.3964704238460199,811.9429130387956,0.301813053329069,0.1450273001271189,0.19388096361144547,0.3899952589374878,0.127833379524636,0.928418667334527,0.0,0.0,0.0,0.0,0.0
88608b5597fffff,2024-02-01,mumbai,27.390687197114147,17.3398295694551,27.091266816327586,7.569780174898698,275.3534821170027,0.12863725913414992,0.28359746493658017,34.120378917275744,44.41417521396004,0.6276290577637841,8.103882861003129,302.99129992798487,0.5970746068318794,0.3526995525234086,0.19577109971903595,0.4131694334832128,0.07827775454096512,0.9095876635408143,0.0,0.0,0.0,0.0,0.0
88608b5599fffff,2024-01-01,mumbai,23.4186382727613,15.58416110658651,7.461583465131713,1.5493278917515747,210.30504018859304,0.19704879889870297,0.3549454135993256,26.763858012832905,41.13505082163585,0.33727173337889216,0.4766407507068518,203.23878198753167,0.2053818910989042,0.0605411455931231,0.20224819560987767,0.41504688686421515,0.06012804039858591,0.8455414332245418,0.0,0.0,0.0,0.0,0.0
88608b5599fffff,2024-02-01,mumbai,27.278343335489588,15.708637036478082,7.475547343598253,1.481338324778597,244.81708380832092,0.08237902304741758,0.2263907693661667,33.92615330825374,49.186794413139715,0.1093585097234068,12.283662428567709,550.1975462337068,0.3285292300379133,0.050055409806613285,0.17352731172228275,0.44702528377919987,0.10381225839876072,0.85292818047461,0.0,0.0,0.031657949606642685,0.0,0.9893754448839929
88608b559bfffff,2024-01-01,mumbai,19.7399642920555,8.18289792127632,4.450458646070362,3.0309240729767786,187.8637604488077,0.19619962124200907,0.3088292530645043,25.736576039486227,45.79881282755039,0.5846092161517058,3.770059570021307,1019.8317872198652,0.05092619140468874,0.2607096407260428,0.17706894576651833,0.39833851275855164,0.07788972046765494,0.9271360663545494,0.0,0.0,0.0,0.0,0.0
88608b559bfffff,2024-02-01,mumbai,28.51584028227307,20.117780177864823,12.720799709616902,1.5589329015668412,239.16263904229407,0.1672863367772734,0.30946094737436103,31.241315492175758,53.50757606905964,0.6214901382735275,12.245672218726474,372.0441253629543,0.6215717162269342,0.34186802103244207,0.1967220224373689,0.3731005484401905,0.06932207992398477,0.8853878429558808,0.0,0.0,0.377686990102844,0.0,0.3323711481338758
88608b559dfffff,2024-01-01,mumbai,24.825780785716915,14.471072730624135,3.402981714263174,0.5,201.77574845824327,0.20878759005794284,0.4979030954309955,30.83221518914825,40.72012132644608,0.7314239070024366,0.30974657674137207,464.9528292075606,0.5629589010529014,0.1671389184603646,0.15815737363837,0.3942805274818026,0.06847175336821179,0.8867876766207977,0.0,0.0,0.0,0.0,0.0
88608b559dfffff,2024-02-01,mumbai,26.284490917364156,19.385522626416595,31.957849945033026,5.4272971598296555,256.14224893832574,0.09907102931683115,0.3056402047390365,32.815794178732034,45.37697530602672,0.599984348611803,9.33223028254311,230.15762269007212,0.7074981806827194,0.5494496109631293,0.1594081534510943,0.4388420091417331,0.048013714754311904,0.8551680851424076,0.0,0.0,0.0,0.0,0.0
88608b55a1fffff,2024-01-01,mumbai,23.775004535876697,14.607840289554158,8.375401998579727,0.5,177.6306019619442,0.1711587130379346,0.37477841177495946,29.0474648822128,47.00512090285715,0.42597468438220415,5.21003659429437,65.18320510250526,0.6705569309579951,0.046150946681978264,0.20133795600590354,0.4217684149038964,0.06840499470533158,0.8701724362250319,0.0,0.0,0.0,0.0,0.3585276117831674
88608b55a1fffff,2024-02-01,mumbai,25.068575833133668,15.37026112819351,24.344540421408944,7.209525294344283,240.00532368412564,0.08214762890000787,0.2363162558119021,27.58765341684382,52.84712791937061,0.672108957632921,0.5988666051132382,465.2940379614843,0.10605451108957716,0.19471844055709472,0.20416328494547722,0.39556469470126465,0.0584791321427498,0.8895105629363689,0.0,0.0,0.32479511596213806,0.0,0.0
88608b55a3fffff,2024-01-01,mumbai,24.577232548342355,16.918256058054986,13.479663542930595,4.019596495328512,200.22896936543813,0.19483773147223316,0.2998875298120735,29.497538793260542,41.28585230936913,0.4013618574877727,2.304017166626219,364.0073248615711,0.14946572491208207,0.3321541214699714,0.22182242239507904,0.4172693249684128,0.07694044700748905,0.8567628876634125,0.0,0.0,0.0,0.0,0.0
88608b55a3fffff,2024-02-01,mumbai,23.04637560224937,11.684294264591655,6.338073980034151,3.299338607240288,239.63629411328853,0.09996473162093378,0.3437145907333475,29.076740668242337,46.296491079438674,0.35831917368043664,1.2561107816928527,196.58194712956532,0.26292714629655817,0.3097168983139466,0.1709925224268224,0.46423482333530536,0.0806054876366861,0.8989431664588762,0.0,0.0,0.0,0.0,0.0
88608b55a5fffff,2024-01-01,mumbai,23.386636931175858,17.18714991028461,14.23822933036915,1.2661876499326068,213.03806727456075,0.18342792478821868,0.3296654818839869,28.41600154197574,45.890223924294716,0.40766249660525994,2.36513572868252,695.8104973590638,0.3878925390724603,0.19402568383275576,0.15005318157834377,0.4575449501580818,0.05278813503769649,0.834719407943518,0.0,0.0,0.0,0.0,0.0
88608b55a5fffff,2024-02-01,mumbai,25.62069209354322,14.18724740782752,2.8652250921919977,2.8025393979318105,238.65851691046322,0.14014232326391735,0.27429956836620145,32.2461367842484,53.879705778369534,0.6933254870148685,21.15110110069016,63.49243438061404,0.13812860871082316,0.11220852291915359,0.1881950563993935,0.38686099203481056,0.11285600518930963,0.9251064655239224,0.0,0.0,0.4074889325537451,0.0,0.3588754778122106
88608b55a7fffff,2024-01-01,mumbai,24.420307375263192,18.763024543287443,0.19401733300542306,4.6054433969861694,203.169620391952,0.15766172135483236,0.35589026075454744,26.71049375129434,40.23138506218202,0.5257270028441363,0.18603909265114046,587.4502790478923,0.25862447871788113,0.02496253133590685,0.12379223801411093,0.4148672367601973,0.08391897344589538,0.8704428841832501,0.0,0.0,0.0,0.0,0.0
88608b55a7fffff,2024-02-01,mumbai,25.43570239041851,14.244611721924414,3.4778182907316157,0.5,255.65613069485087,0.11382829110389481,0.2526842182444843,29.364820456419366,46.30241136800187,0.8853171098298127,8.49048849674598,798.7682956351496,0.10142536049776714,0.05749972154136039,0.1905418211374327,0.39123781823192205,0.12158957382825583,0.8849590895184516,0.0,0.0,0.0,0.0,0.3855783144451409
88608b55a9fffff,2024-01-01,mumbai,23.342917406809402,16.211717467598092,5.319723409449746,0.7832184278440021,192.9596378447868,0.23989658091935878,0.3020905166771287,31.152085546071362,45.69429147848439,0.6162184251050062,1.274508638881925,83.76566127831373,0.5583055166211002,0.24637146813415106,0.1552179616579758,0.3985210112768236,0.11210127381475943,0.8921407748259806,0.0,0.0,0.0,0.0,0.0
88608b55a9fffff,2024-02-01,mumbai,26.78028021187095,19.307907910282186,16.892475687529352,0.7944465224764816,243.45031733931114,0.09795534124510975,0.27969634653615677,33.6697273967236,56.95845939374136,0.7107079473110436,0.3290002753855174,256.62421253122295,0.638471527617259,0.2611072544636773,0.18099231383740946,0.3592582887512918,0.10159019126296334,0.9085228673437488,0.0,0.0,0.6540503754333449,0.0,0.0
88608b55abfffff,2024-01-01,mumbai,23.86173277668902,16.709053979265967,6.116404065437093,12.445608194346697,223.97789905623407,0.20980674950332623,0.34957376657964856,31.269501118753652,44.710997649067146,0.3447948250545709,22.23505887601091,404.90061084038183,0.2630559900415318,0.07640141990607428,0.1551511667827569,0.4118258925483883,0.08295725268586229,0.8142675458791033,0.0,0.0,0.0,0.0,1.500264911946575
88608b55abfffff,2024-02-01,mumbai,24.65713287722894,17.822128607594852,1.912902639750269,4.1625571068100164,281.1016417121837,0.0962054235443813,0.32011573191764076,29.0535724244521,56.66110211499845,0.42746811414070984,1.6692336228545495,339.54281503958055,0.2800158937740707,0.18388552346229448,0.19548429242571846,0.36461020773292613,0.10466664256499073,0.8824176112903445,0.0,0.0,0.6302365699597466,0.0,0.0
88608b55adfffff,2024-01-01,mumbai,23.01380991201169,11.626472738042311,59.2787996103786,5.980226439223372,238.97996051025237,0.1953956123850037,0.38157004940065997,28.25235819488891,42.66892795232231,0.7081953439155261,3.4028714157900537,88.00923797920984,0.24775496418170495,0.14591760443185822,0.2276777772536165,0.40820391190770655,0.10346983565129153,0.9418777758060503,0.0,0.0,0.0,0.0,0.0
88608b55adfffff,2024-02-01,mumbai,27.462060492686877,20.626304561708196,0.2096929836981764,2.426589446183117,257.9106431369339,0.1673051382618294,0.39565470760089566,30.745455521464564,55.19680538663939,0.13502901331885026,0.7295336840747817,603.3586946755686,0.34473962624584736,0.3719511203347341,0.1438236983832734,0.40712757425929436,0.09660582887837257,0.8012963744370634,0.0,0.0,0.5129686234941815,0.0,0.0
88608b55b1fffff,2024-01-01,mumbai,24.058566585977623,13.689439667585185,23.021472998080444,3.8395690239090863,179.8977731318112,0.21655755467950882,0.32833265327914896,30.843771176780173,40.34773552330897,0.287694965426217,4.121848554046044,316.6557991470201,0.5859313011478722,0.18628799918490155,0.19158237275026224,0.47048168463143597,0.12073277758098216,0.8428692352729429,0.0,0.0,0.0,0.0,0.32877313469938574
88608b55b1fffff,2024-02-01,mumbai,27.732716206307174,20.687891532422142,5.871720860454527,4.75477189671404,251.23178795363987,0.1261640736510527,0.30887320787224726,31.685567219011585,55.51067437969771,0.424104932418926,8.082174994041395,88.20310456084151,0.005570831822617486,0.05310848818386551,0.1739719794089901,0.4181139506055917,0.1137623158274428,0.8180553548454697,0.0,0.0,0.5381047667104619,0.0,0.0
88608b55b3fffff,2024-01-01,mumbai,21.61260375700803,16.234431634339238,10.850865611205991,6.682382704956722,214.5059952662351,0.2004822330297168,0.32894711664795034,27.572994999343535,43.43782309198987,0.3177691237186221,3.0764939695113367,314.78144077409445,0.6934373327065098,0.2529780324415055,0.22695728936033566,0.4035046246364069,0.04655079284033498,0.8552408481938204,0.0,0.0,0.0,0.0,0.0
88608b55b3fffff,2024-02-01,mumbai,24.432515899447708,15.830717354508945,11.00833557453091,4.170340093722911,260.91924486252407,0.1631567858525817,0.25714707465529374,28.170624014548096,59.228993615876874,0.7140880274272055,12.829407390562977,836.313584612501,0.43098706188975516,0.19431563028543125,0.21251860038008222,0.42971012951724985,0.05464003232489605,0.8636046939042942,0.0,0.0,0.8358857100707459,0.0,1.0583943173231374
88608b55b5fffff,2024-01-01,mumbai,23.115566151824932,17.01012251197047,8.471338750003763,0.6373828424690997,204.1459306664552,0.20001236994424582,0.2664147659482033,25.68772522990013,51.729844812055696,0.43287668122668727,9.52400814437821,148.1677587479027,0.2600280488846867,0.29598509021931607,0.16620091013560667,0.44111976335829434,0.07094377151733826,0.903177229248818,0.0,0.0,0.23531769442728853,0.0,0.0
88608b55b5fffff,2024-02-01,mumbai,26.63956649224894,20.80434349498923,0.15535551487368393,1.72737400552465,260.9307718104913,0.09313561228671466,0.20010052908283474,29.35037692900808,55.865874912449925,0.7695243206280227,23.642151304532717,222.17178615241252,0.31952535356900436,0.20053170318473448,0.20029725813682253,0.3858571479596906,0.08188577401435543,0.8671670121053101,0.0,0.0,0.566550939028285,0.0,1.0583803817533117
88608b55b7fffff,2024-01-01,mumbai,23.405775927355794,14.033625377390862,1.8807036151741627,2.680290101774929,172.7138450509011,0.18312151106789412,0.35595032058380377,31.23604936389076,44.70100818919389,0.8251977756075393,2.4402323204960488,1012.7149295049187,0.42191512755192223,0.042538420811423124,0.14529251276457883,0.4876261827419134,0.07278310558266513,0.8797155806193155,0.0,0.0,0.0,0.0,0.6218461770805047
88608b55b7fffff,2024-02-01,mumbai,25.426908978299494,17.543756553190327,4.978753872606317,3.7397371223849714,229.40280229273262,0.18785921477459772,0.31381768092197865,30.245525123092037,58.376511936071964,0.5100466528309561,18.379931606851972,479.5938310626309,0.5816372725294927,0.2672444484671875,0.21537028926771878,0.4312884055776232,0.10934874962791906,0.861049843528769,0.0,0.0,0.7676148643779707,0.0,1.454333642728199
88608b55b9fffff,2024-01-01,mumbai,23.389307910563392,15.122504772563229,0.008046533302066342,2.174297670414954,203.96284734783634,0.23427341219816475,0.32657861220850465,28.409328395021703,48.59709678619604,0.44611370125304983,5.199996681999015,678.4024299420778,0.20553224026591863,0.025118576827330905,0.15464236008959822,0.4307381942368619,0.0775921059319799,0.8411236698425274,0.0,0.0,0.0,0.0,0.2283672857047446
88608b55b9fffff,2024-02-01,mumbai,26.937547020669037,20.39976148698121,9.772258675698302,1.2292929169218403,255.4957625289342,0.19684065771819936,0.2402329142608179,34.63371213106617,49.69311152157347,0.11819544355390574,2.4486354229482923,107.22180041689796,0.6959443302543353,0.16856910064734282,0.21035657554243728,0.41572856311389145,0.09778448736264073,0.9026211140922841,0.0,0.0,0.07220626636273261,0.0,0.0
88608b55bbfffff,2024-01-01,mumbai,24.46770313254343,13.894772512048313,1.9158514176440156,0.5680081560919108,184.80367626173944,0.2515459730076588,0.2860278478999614,31.949928753914183,46.14703461469661,0.4230999689799185,7.910317252794326,710.0477398711937,0.5638404300204942,0.09213502460197215,0.16773168432063446,0.44208569343922527,0.10957765673752123,0.861527571288709,0.0,0.0,0.0,0.0,1.126389217959356
88608b55bbfffff,2024-02-01,mumbai,26.864828144884044,15.035397510441806,20.324138141678354,1.2821897072836945,272.2230723483867,0.12194881552310831,0.28532352686319695,30.94797963254125,56.00805419278751,0.6798095960796381,11.25578800634521,33.397007539807085,0.5012948049285874,0.2297319754422416,0.20718828709873044,0.4375831810580834,0.08305827242728653,0.9165214125912092,0.0,0.0,0.5779373417376765,0.0,0.0
88608b55bdfffff,2024-01-01,mumbai,25.58900963317368,13.830710201545958,9.632242060426886,4.1802504531135805,209.96019607516354,0.16667457674790162,0.34685879639854855,28.882071427105387,51.842226308319,0.5756905015587465,1.033933554011282,689.427257007876,0.43865458163622034,0.19012104353862644,0.1679006988389127,0.4143239783353343,0.1130896598247634,0.9303351882371719,0.0,0.0,0.24431774682943613,0.0,0.0
88608b55bdfffff,2024-02-01,mumbai,23.232939174225866,11.246697545891548,7.800042930939962,5.395152625420866,269.729334323883,0.1243576137399193,0.3108573411441367,28.404909048747044,52.91093429164783,0.6791075681571759,1.7445310954748035,134.43032236327082,0.3743550538137044,0.17933183414004464,0.18333254826333958,0.38444013219741247,0.0853075545551293,0.9572557103920943,0.0,0.0,0.3299050380861549,0.0,0.0
88608b55c1fffff,2024-01-01,mumbai,22.445448344864822,14.399560655185423,4.918291622801482,1.7184076433116415,223.45260832603753,0.2067398219822673,0.37575524084859324,27.948443709654974,48.36299822895965,0.6548876726205762,21.536966029000496,430.84827243506936,0.3104485256647463,0.21763972658590383,0.17789728823772033,0.42127721608105995,0.08946541033230972,0.8862452240426222,0.0,0.0,0.0,0.0,0.9771596029891311
88608b55c1fffff,2024-02-01,mumbai,26.8672544862328,17.93000667922699,8.856492541578966,1.2973579473554313,254.23356572826654,0.10374993248682979,0.18438680186911843,33.79156385595712,62.46775200440133,0.7851583511330444,6.72934270754005,17.11306400663608,0.5224239897845653,0.02313341833663841,0.16758401404692574,0.4546988381446297,0.02662657775955607,0.8618922270329596,0.0,0.0,1.0952611071229572,0.0,0.027666102167196602
88608b55c3fffff,2024-01-01,mumbai,25.273642922350383,16.752155721269734,20.597899439353455,1.0396220967389072,185.92424460211546,0.17917895769975056,0.4462730763082413,33.15637781981624,50.1304239661322,0.3196411463846604,11.707048724153701,36.42720371050947,0.46154267743940197,0.28436755398306895,0.17991778373161413,0.4633292024031689,0.10011468109312821,0.8617817522416275,0.0,0.0,0.10722835672464097,0.0,0.0
88608b55c3fffff,2024-02-01,mumbai,22.963804005477662,16.856812765556906,14.604317196784049,1.0314921647041315,256.97649684952773,0.11228427861172197,0.27359729147588135,27.179250535970507,56.36859741813057,0.1882874759316386,17.795282351994512,122.37121883437854,0.6856111530797703,0.39836880071099595,0.1995244575174406,0.43128182127181414,0.08097367942104576,0.8686048461923805,0.0,0.0,0.6068113826538458,0.0,0.677276137769997
88608b55c5fffff,2024-01-01,mumbai,22.381248975669877,12.372751416588434,8.315137987808733,1.9889181119874282,194.98396494699193,0.1571289991222466,0.39055335573118993,25.765688533659468,45.48970650734262,0.569704498080674,3.0965947677003647,326.58080055413024,0.38064939828434724,0.0451158270421882,0.1673852585075661,0.4078127810747596,0.0929711790015591,0.8412578504351873,0.0,0.0,0.0,0.0,0.0012813273880587636
88608b55c5fffff,2024-02-01,mumbai,25.290138547366116,19.572171323443943,4.824354546286412,2.2539226023621697,248.27815067618727,0.11106337979462787,0.29924595352351124,32.85477739446254,49.43192206653844,0.4726350977333649,41.38214746453803,109.60285268230673,0.3230753146291543,0.08185115493409985,0.16395789152063925,0.4215925533523043,0.09713645021130893,0.8851018990971863,0.0,0.0,0.05128895470231376,0.0,2.7295955870166306
88608b55c7fffff,2024-01-01,mumbai,25.27441749702652,18.73120351115517,1.3429904017586483,3.0795269918184642,197.6954078464846,0.13941921725259174,0.3337397836130664,31.428132592827893,39.06128892187614,0.20539418984117092,15.493056388174375,60.62681024609505,0.5436118735333216,0.0741590767896661,0.1469160178114171,0.4004855269496669,0.058391129965065874,0.8553574130207369,0.0,0.0,0.0,0.0,0.7961082481691271
88608b55c7fffff,2024-02-01,mumbai,23.835477857702262,15.947839049369092,0.7774597511984316,5.4735595706523,256.69670043626417,0.15457417931346493,0.33092958896044855,29.830575819581007,53.16213556368146,0.519445216677327,6.5401685352200545,267.380884343756,0.18428816679229987,0.22990928661605395,0.17285301874654987,0.40659407039150464,0.08976102319930865,0.8651004382996714,0.0,0.0,0.35002244786411246,0.0,0.0
88608b55c9fffff,2024-01-01,mumbai,25.089543669317756,15.007942888595506,1.7461368109913562,1.3731172206341964,207.2490399813934,0.1904390285537959,0.34753892231855293,28.26993744163597,48.54541584385927,0.3272348354840452,1.6958754513387762,589.2366720057659,0.247976662876625,0.24046039794697932,0.1542739688359638,0.3963234526773101,0.12623532182019953,0.7984677443244358,0.0,0.0,0.0,0.0,0.0
88608b55c9fffff,2024-02-01,mumbai,23.979706847338647,15.978821431914437,45.36989530106808,1.243630244826554,248.57396764173217,0.09338992235215797,0.3441417720098716,26.158159811589893,47.62046028846309,0.9416377107287965,3.285859727222499,119.73327060508028,0.4573589741710114,0.005389098525209913,0.16198264588159084,0.37090470161289335,0.06121708622784165,0.8847527383575512,0.0,0.0,0.0,0.0,0.0
88608b55cbfffff,2024-01-01,mumbai,22.54039365536448,12.41133165230552,10.937342948791924,2.5022521666616555,220.61763939985906,0.2078316280908207,0.4173009380248882,29.880542956526437,43.20809933968405,0.21907150810073175,3.1928767552044546,63.64679913990144,0.4804823432201446,0.05799728791534093,0.1969666145539551,0.3967959124007951,0.12341528479541594,0.8876909126475866,0.0,0.0,0.0,0.0,0.0
88608b55cbfffff,2024-02-01,mumbai,24.754424913418298,13.168806178693353,0.3523149906316925,9.168725608197875,246.69136211239024,0.1259272675554824,0.24233357311246168,29.94442925805387,55.692119436814224,0.6712069833613473,1.4417765299538412,273.1288777211014,0.07079692573010204,0.271194750046109,0.23573692678315228,0.4085180111869956,0.08736865122449201,0.8438235035950987,0.0,0.0,0.5526357622609507,0.0,0.0
88608b55cdfffff,2024-01-01,mumbai,24.197382098420302,17.114496756525316,0.8690399272547767,2.3233944486836022,203.52457622699234,0.24263978806997868,0.2914048014758802,28.494350786395838,35.734192340253436,0.25342913903995373,0.13620156192138946,323.86966678729976,0.5605329669669941,0.2973885122166713,0.2124008896768721,0.4154125133201255,0.06335973122230236,0.8592597257505548,0.0,0.0,0.0,0.0,0.0
88608b55cdfffff,2024-02-01,mumbai,26.220055409968285,20.64290377561606,31.891761575712362,0.5,244.98140428161815,0.11761612561823886,0.3335524510694935,32.09604512603578,54.809723929692886,0.6398750594688403,12.44413975083157,234.63949901227036,0.1835463920511287,0.016051935090690955,0.19114282146363526,0.40692857807889393,0.09019603515832934,0.8503742332767235,0.0,0.0,0.48196927295825304,0.0,0.39945510797952233
88608b55d1fffff,2024-01-01,mumbai,25.86376708827774,17.955550245730606,1.0873719046981976,5.908863845679912,213.5107061350142,0.23667989440165946,0.3098355120420082,28.19791316207811,40.282284260785985,0.3394457031835799,18.99388246097518,603.5005640032665,0.5743379547974591,0.250265616406171,0.23330080424875377,0.3393929470748152,0.09099901434074649,0.9155431253071801,0.0,0.0,0.0,0.0,1.3543604613005102
88608b55d1fffff,2024-02-01,mumbai,24.910916314570848,14.254417359986551,0.7632192526824042,1.929177315234209,264.75770432443056,0.12236784588052374,0.24557777574567735,32.006483246913014,52.137089330356794,0.5359026359166585,8.166889444811229,252.95989663908134,0.913289186583858,0.09611733390054983,0.13652999465806073,0.4575238696655055,0.06620729916237708,0.875677832483812,0.0,0.0,0.26793180019261753,0.0,1.0417480292208645
88608b55d3fffff,2024-01-01,mumbai,24.41634781824466,19.356202238080048,2.317381515611345,0.788028619297515,185.93735931673896,0.1966390256950727,0.3796896515101635,26.651053797479953,41.380190337365164,0.43933013349817457,14.185999290670038,100.77961627893747,0.06781829807354606,0.4586066876642778,0.21483398905932335,0.41492787709417583,0.11795188740678725,0.8985003967975203,0.0,0.0,0.0,0.0,0.0
88608b55d3fffff,2024-02-01,mumbai,25.346945626815504,14.30405066865395,3.896083580353535,0.5,257.68216920003465,0.18575470997267166,0.21274009773750874,28.54055396919722,57.590302573664005,0.31525521991103866,0.15696300142894754,710.3174496012997,0.36807924093368183,0.4674998428648394,0.16430060657048423,0.4368495440457125,0.11420360713818181,0.8648263818354732,0.0,0.0,0.7046514255912828,0.0,0.0
88608b55d5fffff,2024-01-01,mumbai,24.323908704018866,13.683980518864004,3.2862319143495817,5.576900962529249,188.0300834814373,0.212788322545834,0.3476687568811771,27.479440827620802,48.526371934860194,0.785428845590048,1.7409921087108051,160.4705223162547,0.08499512246056187,0.14940256474274707,0.15445174058059766,0.3725107332974866,0.025785511744736866,0.8295856027196152,0.0,0.0,0.0,0.0,0.0
88608b55d5fffff,2024-02-01,mumbai,23.502274133424482,12.134656907574653,0.020126195174309008,9.067646860263231,265.57576241885096,0.16089150004433211,0.23475840332597395,30.78374966650862,48.72201179706548,0.3189764069648602,12.198824911815723,557.7512409716552,0.21476242315682542,0.3057065036852455,0.19867389884087894,0.3859744025801459,0.11811396553464096,0.8765974471651605,0.0,0.0,0.0,0.0,0.036938279110658244
88608b55d7fffff,2024-01-01,mumbai,24.23478568256809,17.328622877377448,4.983796485977039,4.920418681147442,210.0915444097421,0.22199724200090054,0.360237525562083,26.280315693513284,48.22741772708683,0.19292455855845259,9.830802991132302,687.8455492180801,0.8953656762331664,0.14258988949054643,0.15924683415512458,0.3737795379798888,0.12886711218390534,0.8975827591637779,0.0,0.0,0.0,0.0,1.648038249851288
88608b55d7fffff,2024-02-01,mumbai,24.880367341331432,18.813676512049433,14.824372331812096,2.1063545547239118,240.1189349538896,0.1613044783234738,0.2921742934575,27.489331046515318,61.24323561252673,0.5594961478631587,0.49834185887696975,471.77755306669,0.7611633346191657,0.16785635023936293,0.16089980269883514,0.4368534383580248,0.141493992130073,0.8855717705283254,0.0,0.0,0.9971959268165883,0.0,0.38935009829237155
88608b55d9fffff,2024-01-01,mumbai,25.8204315676829,14.931366384442779,6.193527461325099,7.057199052003737,191.85012340545373,0.18043676401506506,0.32027256474767424,29.381877774514734,38.29552193235838,0.8493475997167322,17.824512775676215,37.01014990819189,0.19808573746346134,0.17623476783949069,0.16248804300216052,0.42661491428605763,0.09927969068596411,0.9175034559894351,0.0,0.0,0.0,0.0,0.0
88608b55d9fffff,2024-02-01,mumbai,24.58734578016528,19.5297066962475,1.9624896675986463,3.301518951030534,254.6101237096575,0.13807115633238498,0.31266305448050785,29.197927494329832,51.60239626793773,0.6684851529582495,11.195992964229157,233.47116929673604,0.3084176079885124,0.106149435666045,0.2081193360526551,0.4234600128287168,0.04383448166350838,0.8748090030611013,0.0,0.0,0.22511100014238866,0.0,0.0937517635306911
88608b55dbfffff,2024-01-01,mumbai,23.90310050862014,13.187688156132067,13.88087428035882,2.895643438843766,172.67028956044533,0.18611074793012286,0.26354054889709766,26.038238796002936,40.0684634213032,0.26773539272613467,35.3375420668745,103.29313872620904,0.5893467263538795,0.16979354878792288,0.24179932271121932,0.45769421620699663,0.13474317531499952,0.9051947132411866,0.0,0.0,0.0,0.0,2.7730142121753367
88608b55dbfffff,2024-02-01,mumbai,28.783606165878982,22.94064003339732,1.221779482846609,3.0145276966305747,247.1569694199499,0.09778014026488781,0.21700241667870973,35.63082057743207,52.60616247971441,0.285944577394292,12.196088090703059,363.1145865380755,0.2979651092976373,0.257908473839732,0.1731389083746845,0.37515005036360066,0.08477159400769596,0.8505307680280828,0.0,0.0,0.3054974410234526,0.0,0.024608154914793984
88608b55ddfffff,2024-01-01,mumbai,25.15459671795481,15.776673656149482,5.686909602956408,0.5,202.57963861164006,0.1594736652268365,0.3602761110671899,30.481222070024266,37.24229382983107,0.642921999407478,4.549308076933504,201.32169433625268,0.31834211364742904,0.30099459937193834,0.16978103811018533,0.42026219784791047,0.13508450130614988,0.897660232808849,0.0,0.0,0.0,0.0,0.0
88608b55ddfffff,2024-02-01,mumbai,27.079787490713912,20.185513091466664,7.143904875796595,9.023991677868562,261.69266654041087,0.09530364715997766,0.2810134118628639,31.108244811501958,52.22492537651295,0.24210457534565943,3.81001812906961,211.23157035884188,0.27565557876172325,0.1521185744247349,0.16175026147929575,0.4152758445334374,0.0529211281446126,0.876813152894821,0.0,0.0,0.2749661345313481,0.0,0.0
88608b55e1fffff,2024-01-01,mumbai,22.374583297570293,15.78184453112349,3.5306719857214457,6.626323848973138,194.86581572329987,0.18261113262781892,0.46021347376952015,27.927430629464634,49.624504889760196,0.3356370465694069,6.675852526328927,111.07434526988175,0.19913654910531559,0.03404587019684285,0.19972054654260177,0.39624072250772113,0.11236469730441949,0.8831020584785509,0.0,0.0,0.06671191629635108,0.0,0.0
88608b55e1fffff,2024-02-01,mumbai,26.185743561461088,18.937771700963825,9.435951133985172,0.5,260.23563465729404,0.16507306533906022,0.2676501108102038,30.602283084460947,46.00568394190369,0.3557338931251177,8.309591122538013,219.4422846250881,0.1447657085102006,0.07549137622946919,0.21382164130675652,0.4460928263346774,0.0918217563345332,0.8539824897731558,0.0,0.0,0.0,0.0,0.0
88608b55e3fffff,2024-01-01,mumbai,22.90503068453764,11.026913049829107,19.9083213274325,0.6092624208208393,206.90742653780592,0.1559853392527594,0.34609179860683614,29.862217847589633,41.34766068946747,0.7847645910597817,3.980186292379391,216.07649389302284,0.15370255273294844,0.037711743048065925,0.1893503059076397,0.4298554722014476,0.09602643170290358,0.8574740203010693,0.0,0.0,0.0,0.0,0.0
88608b55e3fffff,2024-02-01,mumbai,24.480777672826054,13.31166227326266,12.19013854051407,1.5544213007439394,219.37563942458266,0.14490231659628922,0.29388524015815437,29.722210117062964,52.97955544809928,0.8445457099346316,1.6409525036840504,428.57220230141866,0.4788036014775937,0.016948736810329403,0.14752373759709608,0.41259457916480285,0.10839622870530871,0.8937319872892573,0.0,0.0,0.3354005513556355,0.0,0.059711862684170586
88608b55e5fffff,2024-01-01,mumbai,21.670819104157832,16.34930239690322,17.401767794653246,3.2836376331109323,191.12087291548497,0.23945267447480661,0.2932299064941093,28.03914191196567,39.614517743304205,0.6687702556190702,4.8851596632792385,91.8409529654294,0.7500469911530361,0.22619907536434578,0.17166480716251448,0.3822384708440739,0.09415955363710077,0.8431045088899134,0.0,0.0,0.0,0.0,0.13949741938350357
88608b55e5fffff,2024-02-01,mumbai,21.06297196945861,12.707566547324134,66.86948177207503,0.7165409564359344,252.42635555852831,0.10657486130464186,0.29092583337493827,25.33832450765972,51.868973527944206,0.5234627362676914,0.6186593783849393,663.7048126714542,0.16830196276504542,0.20708874343384104,0.20298126658504403,0.398841975988152,0.10680667624743921,0.8860390307501215,0.0,0.0,0.24645979321823536,0.0,0.0
88608b55e7fffff,2024-01-01,mumbai,24.403318867141074,14.531946820465944,46.449705886650534,4.942921210197682,197.8530196856723,0.17365485814992704,0.3699965549980455,26.581039074593093,49.98759428839686,0.3556193306330014,6.304924991785958,262.2822483308379,0.6397854481182218,0.5831884116852755,0.16879451160751727,0.3612252409797355,0.0814110764236087,0.806239347060694,0.0,0.0,0.095789867053814,0.0,0.0
88608b55e7fffff,2024-02-01,mumbai,26.014790986983147,18.295008553287484,11.168620993534002,0.5,245.49983975242478,0.15229634985969692,0.2862375952401066,33.658002875171654,62.78291114009851,0.8200872051282998,7.094653282665274,429.31770551616256,0.6340638283791549,0.08955453042048188,0.1670338634294249,0.41548345835643596,0.10979544964045802,0.903858913884228,0.0,0.0,1.1205005711860143,0.0,0.6760112591854982
88608b55e9fffff,2024-01-01,mumbai,23.25197114931453,15.7987264423519,11.666292556022324,1.3257291790440457,229.2823019081884,0.25725745397525124,0.3668543180455887,28.689548241066284,48.99542758567123,0.6198349672691785,1.2078970151193062,374.7461745524355,0.1796633524368543,0.11335388065179572,0.2126304099943204,0.38863629382613085,0.06631428143519187,0.8850543696962422,0.0,0.0,0.016332370819064683,0.0,0.0
88608b55e9fffff,2024-02-01,mumbai,27.39741866969422,19.64506689297424,3.7954893584057507,0.9163367858802971,231.2133131462074,0.056303339173341516,0.2794372704596925,30.684992326715257,49.84843524810294,0.3691254063633217,5.153834908473307,315.8637520823697,0.4741214786985888,0.01733847396391997,0.16054724730171951,0.40503717243359527,0.090582692495929,0.8690819784195383,0.0,0.0,0.08464533973818243,0.0,0.2906437519766743
88608b55ebfffff,2024-01-01,mumbai,23.730299144253607,12.939886625903545,15.639849995379704,0.5,200.23305022594707,0.18467596987319887,0.307070062824577,27.86232912354277,49.24798620932349,0.799989061672354,5.89455301236533,81.12062865610565,0.6498667692860496,0.0045445921893628154,0.25673314650245715,0.40376314583642514,0.02093128944636491,0.8622875237633109,0.0,0.0,0.03655848386314694,0.0,0.49084373853848295
88608b55ebfffff,2024-02-01,mumbai,24.6162630709282,15.697400796833039,1.3412832779283863,6.139095195793189,259.8228674160154,0.13330635392178908,0.23045016973037608,31.791793629259075,56.89610577489015,0.5328082314795074,4.32972122819689,651.4554884147775,0.6739076892043461,0.12839303581438233,0.159686717029591,0.3951143184485695,0.11373294799392072,0.888127156471163,0.0,0.0,0.6490567968124522,0.0,0.7141432876496278
88608b55edfffff,2024-01-01,mumbai,25.54611011481029,15.42090320767432,0.4747039053720954,3.4481519292513836,190.10526140815782,0.20701315779184748,0.35664930039630366,29.40388372200402,54.983754629423395,0.35292136405877944,23.570283744915486,233.3977447111309,0.579672002806162,0.20657789356920697,0.13523603161941555,0.3889258224438357,0.12569210478828735,0.9119963003982129,0.0,0.0,0.4959064909989111,0.0,1.391366516273643
88608b55edfffff,2024-02-01,mumbai,22.400207939194146,10.826670507819339,5.582813627899531,1.7862204166794662,234.27943133318809,0.13288200986622697,0.306798538334315,24.719191391470233,49.73568259162164,0.07162047139326523,12.808563028484535,82.99972615281338,0.8865618399392104,0.1726737641763634,0.17047844033353385,0.3791950085265672,0.0669864930563924,0.8665697885521515,0.0,0.0,0.0756155630351253,0.0,1.0466606646859218
88608b5603fffff,2024-01-01,mumbai,24.180625680103798,12.790513697844359,4.550564155326627,1.4867696850534489,196.13896743384777,0.20472854776636984,0.3805956289357721,28.19566764538891,55.73663102885922,0.24053799358214722,9.144493600655634,9.000854316452273,0.13353485181580554,0.10837204618389691,0.155346741148129,0.4049015959295426,0.08556103418712525,0.8721532334269594,0.0,0.0,0.5562004652968436,0.0,0.0
88608b5603fffff,2024-02-01,mumbai,25.93683025307452,16.012600796331448,22.48097829682028,3.202704107161079,210.71785635931377,0.12864691760972619,0.3446541429441191,30.3742037109594,52.493338427474185,0.7598307408352497,7.283877917037613,354.91392270891004,0.5492725095720696,0.04162450462144878,0.16661130144754133,0.4115592764369569,0.11207264370152142,0.9193854112820674,0.0,0.0,0.2964619466035739,0.0,0.4992349714522291
88608b5611fffff,2024-01-01,mumbai,23.2480580104521,13.008720175134208,18.25316949703401,3.6249196688707346,205.35276159427443,0.12025015250891763,0.3146955331529894,25.832493492258365,48.6342545410999,0.32198617435533017,2.8752612438657823,198.1039888462458,0.1560130864471736,0.18586648741341982,0.21272450562121611,0.41001371928830166,0.09139700840802674,0.8618186664149706,0.0,0.0,0.0,0.0,0.0
88608b5611fffff,2024-02-01,mumbai,26.53925641365491,20.472424802732473,0.8884500958837802,5.384735360307135,209.1189372631467,0.12452644971351282,0.23701387281384673,28.592866566762986,54.60788603507406,0.6331338525614415,1.9058881742488063,194.89373499882325,0.6038368680324467,0.03167226015928061,0.1394311372648691,0.3891217250934504,0.04526401099991701,0.8832541960494339,0.0,0.0,0.46580512059590556,0.0,0.0
88608b5613fffff,2024-01-01,mumbai,26.48797060596378,15.212494202674565,3.6642218708160703,1.7902943833706877,198.38123242711774,0.20609164365041285,0.3343194305504989,32.27443259728925,44.07745935365494,0.46076265832925045,12.858114432449817,214.76314421737385,0.5692302616610053,0.07028421038444178,0.1501116850305273,0.4254934329485258,0.1005900692622713,0.8429789071178451,0.0,0.0,0.0,0.0,1.0384219879538341
88608b5613fffff,2024-02-01,mumbai,23.559319945689893,15.527293183666302,18.73992114692588,3.4644497234281717,227.90069297734223,0.08890288354715603,0.28600652697921636,30.498772639463077,47.456060449189934,0.6753699885179433,1.9224765645928623,142.9417487137605,0.3736925298866517,0.10604932565790286,0.157915486382668,0.4212196048292262,0.10720430085067431,0.8657373799697264,0.0,0.0,0.0,0.0,0.0
88608b5615fffff,2024-01-01,mumbai,20.923533011849884,11.559260283083296,41.663875446374945,7.805011364335826,201.75767069391932,0.19198811116395154,0.3507191465234537,26.31746287284379,50.97017714890131,0.6311364257807361,11.731389477335817,200.33087803225482,0.18977426629086297,0.23023436894542731,0.18820053480782367,0.4269744818408385,0.014476165885785042,0.9170777594963065,0.0,0.0,0.1744798429665121,0.0,0.0
88608b5615fffff,2024-02-01,mumbai,23.609704220028476,12.129941870901254,10.48490397216699,5.0146244308900805,245.1217306535719,0.09658968866408325,0.30320208733752585,27.98790643822476,61.592619879844165,0.38687451775973214,2.0966344661787693,237.25010366086778,0.5052218497400679,0.034036335303042606,0.20543742028914513,0.4464225974058392,0.10426830429577325,0.8934771120813465,0.0,0.0,1.0251763045379847,0.0,0.0429709377223524
88608b5617fffff,2024-01-01,mumbai,22.47198284484682,16.43131075954875,8.834478625530286,4.53829569272887,217.30189674823063,0.1917076097107352,0.34375188934665823,27.953883276702072,45.02405258286253,0.4863031368856853,21.256574068513444,58.20096069261391,0.28190121149324415,0.08102014157500315,0.21226116063711312,0.40505850433216767,0.07161076871890179,0.9145457443768611,0.0,0.0,0.0,0.0,0.7117214372463508
88608b5617fffff,2024-02-01,mumbai,26.651272126089665,19.139668502252004,4.624094205994427,2.095639576756672,249.4857873471043,0.15183024925409078,0.2495131538700346,29.934350918288505,46.308570609438405,0.5017516907308363,1.6696987475443557,285.5319400791287,0.17921659011434155,0.072662455439385,0.1999696930419308,0.44457809729224945,0.08723965830585945,0.940847116478736,0.0,0.0,0.0,0.0,0.0
88608b5619fffff,2024-01-01,mumbai,23.369908427909955,13.751610418309372,0.8529717932282632,3.3516282040176524,190.36475475376557,0.20299038537818598,0.3345019373330557,28.88626935430655,49.285912219428596,0.4355759031614255,5.4011983434597965,190.0510124970309,0.6089186554497626,0.5596544706199931,0.17148175872255464,0.4324767355263401,0.07371000560832548,0.9066862266678722,0.0,0.0,0.03959578172533771,0.0,0.0
88608b5619fffff,2024-02-01,mumbai,26.377705438002643,14.689790438922882,13.155524884551088,5.014081999519703,231.60353302205482,0.10198295334516486,0.239604919037034,31.47813335639626,50.312666633578395,0.24158744072627852,3.975630083558274,191.17562623845228,0.08694276874334046,0.34332595431403784,0.1356734047782807,0.44582848760882193,0.08909366939357577,0.8704248125133127,0.0,0.0,0.12182322875837948,0.0,0.0
88608b561bfffff,2024-01-01,mumbai,26.288813201988752,17.95309426570697,14.143064960953835,5.83337650511026,215.08895034135745,0.12565250375617237,0.32770604102864537,31.950582167928715,46.03483507832218,0.6482315389353694,2.5327350099248913,75.88380177626644,0.4968654161565429,0.1425671761692987,0.13221062331289257,0.43736709232015775,0.059707451899751046,0.8685688490141833,0.0,0.0,0.0,0.0,0.0
88608b561bfffff,2024-02-01,mumbai,25.189813420830646,18.999867416534222,2.061262565479383,1.2732101033473866,234.11119785727612,0.17579201390513965,0.2546578569797673,32.04123191756466,51.40674624343688,0.45592825930255454,1.8681136851538078,110.71498435587979,0.32193288820315974,0.193689314472331,0.16106277028213342,0.43536110697032826,0.12066191811048642,0.8841817695115105,0.0,0.0,0.20944240227229477,0.0,0.0
88608b561dfffff,2024-01-01,mumbai,27.209147171396232,19.33853558256038,11.552134041104047,0.5131091821940419,223.6083597766694,0.13786348309466928,0.3825813932134819,32.89987816812231,40.287897883473505,0.3361079216450833,1.4538949805594408,550.7806631618246,0.429735462506195,0.41676207284988354,0.16378694173560723,0.44899974070919346,0.09635711698536238,0.8923049174869492,0.0,0.0,0.0,0.0,0.0
88608b561dfffff,2024-02-01,mumbai,24.05239990445085,13.09987934079549,7.3215563490134175,3.0992834253700154,229.5672404616529,0.1328784816300988,0.3267315121210765,26.318211524228158,50.84573401375497,0.5914878031553542,11.629949214481284,69.17860050421872,0.10637131197300258,0.40645426165424525,0.16700708041730983,0.41495802567396883,0.1121026939488159,0.8658160289529446,0.0,0.0,0.16451383633157182,0.0,0.0
88608b5631fffff,2024-01-01,mumbai,23.786009190128915,12.416924751849836,7.9284360070785285,1.396854879704713,203.37661472044562,0.19229028564926842,0.30673715136844903,26.39589229898456,40.9221488953116,0.3573960034935155,0.812998105193432,28.784527780221346,0.4613229062846806,0.04982251983793956,0.24011898049099345,0.39719101180977223,0.0781845899785699,0.9222184750369163,0.0,0.0,0.0,0.0,0.0
88608b5631fffff,2024-02-01,mumbai,25.76191757952772,17.432442611611492,4.210857219350787,1.7319830406344008,270.82119932044674,0.161665110041594,0.2939982345936721,27.92256076651865,55.77734193291292,0.7076126738341455,3.077428385515056,143.67548018428877,0.11659710332177246,0.03526472359185413,0.15252478007630438,0.48374863667704626,0.09002632645687675,0.8889741816590632,0.0,0.0,0.5594607909020802,0.0,0.0
88608b5633fffff,2024-01-01,mumbai,22.877541258484502,17.79389244498262,14.97579128413606,6.197715406045032,206.80464618496347,0.14507967910411804,0.38545448974020063,24.989429927283513,45.56047947575398,0.29363753618012267,25.650142045348712,241.60317054675284,0.43335331847057346,0.06958930608447675,0.1573640752520604,0.41367467588881957,0.13112267012457357,0.8909945661799078,0.0,0.0,0.0,0.0,1.832950155508484
88608b5633fffff,2024-02-01,mumbai,25.469565202764574,18.28891251034891,20.85921359592311,0.9471328042882725,257.1532666444684,0.15767861180436915,0.29531299010916995,32.27778444882266,56.51145617822215,0.30055392590159086,1.0585232025904692,215.07499108231704,0.24694221083861873,0.11790930099630867,0.14999865824002637,0.45146526745207943,0.09088810004849386,0.886634118900123,0.0,0.0,0.6182522013800678,0.0,0.0
88608b5635fffff,2024-01-01,mumbai,23.760839515281006,15.078399542227586,8.606696216654894,2.0029329829945897,186.13257007961977,0.18682705333544689,0.30800060718324396,26.23209046230329,28.118651676931627,0.9404730272742743,1.1463688620400097,1414.9923859645442,0.6989828656321339,0.16837625881001553,0.1834080968200797,0.44271245006362725,0.12425408011696873,0.9374476244839539,0.0,0.0,0.0,0.0,1.2042576323749594
88608b5635fffff,2024-02-01,mumbai,26.276080261906746,17.50229182727623,16.36326702980057,4.561058644636775,252.65205389757534,0.11649649703978912,0.31205553610757747,28.517112083972265,52.1814675643588,0.7010833194084195,0.7616726190006934,234.68167693850648,0.4592799189785144,0.031733365309977966,0.18300894832787115,0.47044012786585876,0.09242746951309021,0.8287526359176962,0.0,0.0,0.2714858232730458,0.0,0.028897193185859694
88608b5637fffff,2024-01-01,mumbai,24.380315740297423,14.858615857253515,0.13920687403194132,2.069413608241315,199.11359226837112,0.21541008136898632,0.4428275076041711,29.718297592072112,42.659134250578425,0.7240785034557959,0.2664014217484825,146.50718746851837,0.5468474389946364,0.16145135588156612,0.20956840646756075,0.4260927761690516,0.0889503958219674,0.8124484298693523,0.0,0.0,0.0,0.0,0.0
88608b5637fffff,2024-02-01,mumbai,27.375651295148707,16.9451620726378,0.1209921530454871,0.5,254.5474712341737,0.15559859936168924,0.210239027894132,30.8029683994631,53.25190997958605,0.48215866835723653,3.3564391445874953,10.590124581749487,0.20796292523999016,0.238795312021124,0.1598891767978361,0.4002500966090482,0.09094802798160422,0.8452384543768968,0.0,0.0,0.35721201620390847,0.0,0.0
88608b5639fffff,2024-01-01,mumbai,23.642023677213906,17.83702411190336,6.184583463896855,3.17051479493864,213.64576019477727,0.2019566364529222,0.39655506162825055,30.81494495733022,37.10059126463981,0.38160511806057046,8.227333702906808,1334.3672409671756,0.06121152731998617,0.004225242045323502,0.1684670900615166,0.45840390912028567,0.062198365602693526,0.8905595668972753,0.0,0.0,0.0,0.0,0.8204216042286328
88608b5639fffff,2024-02-01,mumbai,25.346693155083354,15.701703290098822,13.78851193199086,4.076252834187658,254.0209025425193,0.07682890510404922,0.2748160975800273,31.59465429465365,55.21364151468614,0.38466559264249434,5.952950130618722,3.687796052982263,0.47765135847959456,0.2486808916923435,0.2223009482201369,0.4105859228667413,0.09381115550398249,0.9693901135812353,0.0,0.0,0.5143169418535937,0.0,0.0
88608b563bfffff,2024-01-01,mumbai,21.615126943523105,13.975839512433598,7.329740822158315,3.4697072410210588,148.7234931322578,0.20877288311522696,0.3147128800833877,23.889259014663043,47.94680039395403,0.9172170316131593,0.3296355732058993,142.0927905422894,0.30627320233329985,0.3146261194049656,0.14368409115591327,0.38897636663538104,0.05578352370445986,0.9416566996310479,0.0,0.0,0.0,0.0,0.0
88608b563bfffff,2024-02-01,mumbai,24.533761711826337,14.760656450376127,6.949705825380345,3.082517890792152,267.5228868590175,0.13427489759134892,0.30837655678185477,31.23723741266671,49.79515552882847,0.5420912040903023,1.1010354582723108,255.06302249521613,0.10347951778098492,0.013325134121329098,0.13498628703993285,0.40870398976996974,0.13254630432566167,0.8575958371838394,0.0,0.0,0.08037844277216882,0.0,0.0
88608b5653fffff,2024-01-01,mumbai,24.687604810945142,15.630452254810248,3.3796549659180695,1.4924605077333597,196.392800455734,0.20650236701408922,0.3118045632908582,29.930015567215598,39.304106331308404,0.6679295837930924,8.831848251380565,98.08126813683057,0.7077699992725676,0.1813155525104842,0.18995567991277354,0.38097120565543985,0.11145425061043066,0.8988156869942455,0.0,0.0,0.0,0.0,0.3996931467214704
88608b5653fffff,2024-02-01,mumbai,27.250087446181507,18.650759816433762,2.4474022931365367,0.5,266.8284325295637,0.09728906612143277,0.30355811552191503,34.409665278743205,49.736494483557536,0.6218459303977857,1.7362283845564421,630.8376989088671,0.37472327620107565,0.17139573440027026,0.18192973737116935,0.4739335464793306,0.13866524789862217,0.9122130251990463,0.0,0.0,0.07568058325830218,0.0,0.0
88608b5657fffff,2024-01-01,mumbai,23.040911836270418,11.992565582812288,2.766472116151397,2.091969839435609,223.75406788847778,0.20866586723850278,0.2949353200946148,28.855872054051375,52.81310117231106,0.09691758744840756,2.888352223896682,378.6803419329561,0.27760652156863597,0.10157526176925046,0.15678414684054776,0.38390856216931224,0.0856822935816062,0.8596663017391034,0.0,0.0,0.32207008989652075,0.0,0.0
88608b5657fffff,2024-02-01,mumbai,25.268159397460483,16.944795816682266,6.919013945346144,1.90749733903866,246.23655723718193,0.12437175738412232,0.279495841994298,27.65255287038598,54.13726624008447,0.26050605064866106,1.4947355981899786,571.8009683289645,0.030512963276596514,0.32294630818561954,0.12719035656952632,0.4259653137464448,0.11651536919526441,0.9080928090273729,0.0,0.0,0.42811561692111405,0.0,0.0
88608b565bfffff,2024-01-01,mumbai,23.296912790998277,16.11322328767901,3.710632796476455,0.5,193.04168421478693,0.15559720554956374,0.38167104546464947,29.43405745814769,38.22346901429888,0.13419374710745557,4.4774484693395715,1170.3886040728564,0.6626744674658942,0.012117520824419067,0.16056583122739151,0.4283221378245112,0.08389994456226962,0.857211667145664,0.0,0.0,0.0,0.0,1.6755518395881963
88608b565bfffff,2024-02-01,mumbai,26.55210411106186,16.59593104319334,2.058510292990294,4.209673091557616,274.43513481236926,0.10144334720282644,0.2296694603575999,34.05232964672961,49.73177305569054,0.7765201434886694,1.4482714622648873,76.14591807453338,0.4502659809712036,0.5648467867824956,0.14961458213991752,0.44478604538127636,0.1087740293622044,0.8294667819200687,0.0,0.0,0.0753024685363164,0.0,0.0
88608b5681fffff,2024-01-01,mumbai,23.327381622646246,13.187537430139677,16.87598155434437,3.7455278507865115,194.90371511671677,0.23437249378491345,0.32527538984871773,26.352636099179165,45.09239317482755,0.6849173015155616,8.491611772749058,341.0064106831818,0.5918614004828097,0.06247928622216028,0.2184875484778489,0.4726060993038009,0.12586222706331313,0.8664251871774356,0.0,0.0,0.0,0.0,1.0710155026012347
88608b5681fffff,2024-02-01,mumbai,22.929331870134313,14.97053973650474,12.879768381177845,2.1963044505135336,253.04421930596342,0.12998879428562662,0.33594336962408694,28.138560604824185,48.563824797180885,0.5565724776426858,2.8253088978412366,461.3155775475997,0.18301042235150802,0.7133508335390135,0.1754807752338864,0.3922391847087003,0.08412218479021571,0.8875227947978176,0.0,0.0,0.0,0.0,0.0
88608b5683fffff,2024-01-01,mumbai,23.494816545051833,14.555285970035431,3.69416334688239,1.4362127694334215,198.63541672806582,0.1916820396322694,0.4389287933624513,30.83558778841475,46.143904166551785,0.4341017902524654,31.168703488289985,360.7906237624355,0.14131706585737572,0.05177123987170759,0.15086959977278946,0.4212166279675284,0.15087789505183208,0.8944576126040955,0.0,0.0,0.0,0.0,1.954518304236716
88608b5683fffff,2024-02-01,mumbai,26.548548260864212,16.15323041733092,5.385784346238374,0.6862001767492034,264.7350075359332,0.12670208750739834,0.3000741704474878,32.537244604787105,51.633581588134426,0.5570255333641239,8.120581622939792,191.2240770376388,0.12540497991787145,0.2559687353821268,0.21414715937200587,0.4203669603258749,0.17120604590775604,0.891223589470561,0.0,0.0,0.2276084710364445,0.0,0.0
88608b5685fffff,2024-01-01,mumbai,25.701172487816727,16.158409902947632,0.6310432451262592,1.0811085283022477,180.7508676964256,0.19644224048024325,0.3426736478865361,31.410459417629166,52.86456155884818,0.8604592560733314,1.4874017058970925,213.8024477509997,0.23856773409456236,0.13639132282025634,0.17186434610820547,0.48850090610984936,0.07059941806712774,0.916661595977513,0.0,0.0,0.32619128591960805,0.0,0.0
88608b5685fffff,2024-02-01,mumbai,23.93858544036965,18.401581172192618,4.576037563388617,6.659475948470295,265.29769487530666,0.10696738388825204,0.30669208759844135,29.363282868893656,48.4153700104568,0.6755323065159022,9.04801020033577,562.9727099782733,0.07924937570835376,0.5197319177400979,0.1964611813741564,0.3899821642464438,0.07595995146959299,0.9246423010785825,0.0,0.0,0.0,0.0,0.0
88608b5687fffff,2024-01-01,mumbai,25.381192007320685,20.092469900175786,6.186666130517542,2.445543927450485,195.6471763444195,0.24364294648180068,0.32498420548824347,30.76493868667705,47.88548625376921,0.5009008942025741,3.8142013696864994,588.4252335622931,0.6269104174726259,0.028426544087176965,0.17518153065120062,0.3679708456270206,0.1010254650433626,0.8563175010241444,0.0,0.0,0.0,0.0,0.8671990885005971
88608b5687fffff,2024-02-01,mumbai,24.9521659698761,18.767305203124913,0.0027413603807299627,1.5293428781367515,239.54391567800812,0.09845901267391285,0.3660439518004176,27.313880874408106,53.63264574713254,0.3748606536018152,17.33186613227467,241.4143492269491,0.4956336912401197,0.07263568891581126,0.25106219224175935,0.39574525648440995,0.07169149496813892,0.9020982349893106,0.0,0.0,0.38770317331808263,0.0,1.1790323081313585
88608b5689fffff,2024-01-01,mumbai,21.795421055725296,14.530546112135351,10.766181580781867,0.5,183.82247850955395,0.2150607599407916,0.3976365903583822,28.63584646463926,39.45806882286406,0.7589244148781421,6.243565215334684,92.57726606054491,0.612410047145977,0.1306649159544123,0.1508241659393924,0.4110738176248241,0.04915902061453066,0.8733028767952653,0.0,0.0,0.0,0.0,0.0
88608b5689fffff,2024-02-01,mumbai,25.50713355765915,14.57401108925322,12.683804504817166,0.7270632487556374,243.45056858744488,0.12496116715726178,0.3337943152140209,28.23083936656899,48.925339598300404,0.624126467298416,11.545551283579055,433.81556093308,0.3532330430911498,0.07244369882810257,0.19421660705288823,0.46410275776342574,0.0986827899010079,0.8772687762665349,0.0,0.0,0.010719386652875878,0.0,0.7256605021690293
88608b568bfffff,2024-01-01,mumbai,22.941059400132914,14.12728278062204,16.36140120115708,3.1296649258071865,212.68333450349135,0.21244251040954298,0.4197862157911388,26.648181096750662,38.19302808559874,0.6248549044756019,44.38589923815492,348.3418634679923,0.7378836690940956,0.2799312338484848,0.15624833393148946,0.409408737071932,0.10476167638278434,0.885993974198953,0.0,0.0,0.0,0.0,3.584651297282637
88608b568bfffff,2024-02-01,mumbai,26.31972258246465,15.35911877358657,0.640338542581427,1.4374577837600178,261.08593628830863,0.17552960028268047,0.30585044087611063,31.10309421692584,49.80636233903021,0.8605826383106716,6.275692252816316,38.008396900359024,0.7182789383710938,0.097861626937144,0.19090074628641743,0.4401495181786891,0.09667364723982881,0.9140125179415098,0.0,0.0,0.08127593820006644,0.0,0.2880365344756013
88608b568dfffff,2024-01-01,mumbai,25.735096046887705,16.168129385707548,11.60661574601538,0.5,203.62302876920518,0.2229724227601312,0.38651315972325617,29.432535992481803,49.930838317398894,0.5191833213203026,6.032858701924468,284.9331280797368,0.29768499014984295,0.1581504431239613,0.20827475235946485,0.38411667426824647,0.12928659441548274,0.9026438852928717,0.0,0.0,0.09124457507870358,0.0,0.0
88608b568dfffff,2024-02-01,mumbai,26.552554874285594,18.177580897652415,5.442660439606547,0.9731336261590051,259.4632905070409,0.13246399229068503,0.2743709367292335,30.45016146942539,48.440314013125516,0.4976235921800326,7.677595121150203,126.87517001547762,0.6849014408631251,0.0249759300270814,0.20737790828775726,0.44288007663035023,0.07912791531314457,0.9154602481955887,0.0,0.0,0.0,0.0,0.615932432314935
88608b5691fffff,2024-01-01,mumbai,21.333336256579205,11.373357278986076,0.5078490738144374,9.513601848222052,208.6591029977204,0.20545949856980827,0.3212916608549705,26.512938980299385,45.47202981313639,0.6711731849137462,18.785337089222384,209.65687359846464,0.3311708688673463,0.14035321956455019,0.21084696718758528,0.4397559319080608,0.09834148247609995,0.8775274718068248,0.0,0.0,0.0,0.0,0.8901824605159616
88608b5691fffff,2024-02-01,mumbai,26.90547540976338,21.00494462907198,1.5857000114540005,0.5,260.20492384423807,0.12190174904902015,0.24837133220670676,34.58727892219971,59.637079515948805,0.3397825506897071,11.17371931342431,517.4722720261839,0.7544646425578682,0.14365084281207874,0.20734574853221258,0.41912416293429416,0.06752408640032315,0.8522055019734766,0.0,0.0,0.8685671977475061,0.0,1.4064324156173371
88608b5693fffff,2024-01-01,mumbai,21.49702348236618,11.149816150464103,53.966143277258794,1.0852298451944902,217.8600424428867,0.1992013348596458,0.3451759270150467,25.788826051754288,48.81162732732462,0.17003014655879853,9.196421455032413,261.76984236151026,0.03329058957553194,0.18404136457905948,0.1626898488455426,0.4038214601040798,0.08625995875781402,0.8794722262619389,0.0,0.0,0.0016127593914675123,0.0,0.0
88608b5693fffff,2024-02-01,mumbai,25.812407327819468,17.584312040993016,16.669335622909898,1.6188246701742126,260.56963463456214,0.1223933304847281,0.19547325959192233,31.641215096010452,53.006367162964615,0.7066223896681385,3.036209837227009,1168.9702245565754,0.523665127098595,0.007788079382858771,0.27327407609312604,0.45802839015018093,0.13110317693934048,0.9086227557765298,0.0,0.0,0.3375477628344192,0.0,1.5311662346781612
88608b5695fffff,2024-01-01,mumbai,23.45185855077222,15.88258215613843,3.660054346736821,4.079326018822425,199.42080465130687,0.1875997520843239,0.28789983725115675,26.282560112229483,48.578515667983304,0.19518176527986164,16.092282573195515,345.55832768326206,0.5157340359721547,0.009447373526335052,0.11822630316759587,0.39457646927017687,0.1095392696217391,0.7970372900459274,0.0,0.0,0.0,0.0,1.6455676532956987
88608b5695fffff,2024-02-01,mumbai,23.526757904144144,14.511560257968117,17.61187202942766,0.5,234.64766629059466,0.05,0.28489046742565977,27.19539689582631,50.94817758514301,0.6928300812679689,3.214090493984758,100.25562320645574,0.4320703998567688,0.3507224990452851,0.23246904399399718,0.4621813244199684,0.0931413562580049,0.8417450675895563,0.0,0.0,0.17271801176446785,0.0,0.0
88608b5697fffff,2024-01-01,mumbai,23.8331299351919,14.652554523418457,0.15756819273235717,1.5594905985766698,196.08259412061534,0.18896634836610757,0.40467668060669404,30.781573651344434,53.00713139553545,0.4446363077944225,4.640675141721388,378.45377639428165,0.46774491456595846,0.05333413014887124,0.18721258237158692,0.442896681138013,0.06718288550888754,0.8654034627772479,0.0,0.0,0.33760896626571013,0.0,0.2413073720118727
88608b5697fffff,2024-02-01,mumbai,25.675406985162656,19.819433355420976,8.227846675890664,1.4727364647538925,239.35765656269956,0.10986026383539305,0.2551676195406343,33.11001224206387,50.832986980891775,0.8706443703097037,0.5465776058878703,257.55501117828646,0.3932251862929759,0.08851832457715238,0.17341587616601026,0.42469407619070243,0.07052559668882637,0.9718379353262352,0.0,0.0,0.16349299244218354,0.0,0.0
88608b5699fffff,2024-01-01,mumbai,22.99339431091828,14.378177440720208,11.35294391094147,2.0158360360937286,226.5276521628512,0.23090641213424087,0.414276200171404,27.1926715094476,41.79243720164939,0.368304860735575,7.112908663125042,896.6771101041288,0.6060299663124356,0.11336135473897986,0.1557818131824355,0.40262429978769687,0.028081404190394517,0.9122427045155381,0.0,0.0,0.0,0.0,0.7403554639229112
88608b5699fffff,2024-02-01,mumbai,23.330397447030712,12.227041404977953,6.433047539464908,3.091684017832773,227.4182900307943,0.0981155805323598,0.21889279052818109,25.731038981616223,52.09676799024116,0.2661241909037302,2.1641860480416732,315.4009387562273,0.18990247802114793,0.13297495939024612,0.18123948625823474,0.42442652982599594,0.06131245762617992,0.8720373598835279,0.0,0.0,0.26470267274698117,0.0,0.0
88608b569bfffff,2024-01-01,mumbai,23.009182589490027,13.959898831177439,10.529493792234963,1.377139056194068,191.01318175291064,0.16506991243474256,0.3082988331315956,28.665511665259206,42.700902110960435,0.5389244126767774,4.5652132789205595,260.3349677693117,0.5443224799913399,0.24877047518069598,0.2027110191728889,0.40112547142614047,0.04649101399743054,0.8855132485415239,0.0,0.0,0.0,0.0,0.0
88608b569bfffff,2024-02-01,mumbai,26.241439968314832,16.35821784363528,16.04122503264453,1.3563015084847625,259.7607044000857,0.11890848436496808,0.23694988879914755,31.619497718765835,47.77194637508573,0.6015406488369361,8.267898808209562,690.4635865206957,0.36204335420831196,0.22646534015373826,0.13962062116700502,0.42969321722063336,0.04759207069868532,0.8929104648553178,0.0,0.0,0.0,0.0,0.0
88608b569dfffff,2024-01-01,mumbai,24.947050385692446,14.816886507873747,28.404596866469,3.222881947103781,186.7710407995226,0.2277814044352782,0.40305201117445777,31.01162167918985,52.07713406461633,0.44930828867695494,0.2069426685094164,696.1510197859201,0.16572119564300986,0.1975992510489456,0.21961274366065464,0.4330913088713404,0.0832527042221933,0.8847787089395485,0.0,0.0,0.2631302932596202,0.0,0.0
88608b569dfffff,2024-02-01,mumbai,25.50422932697,19.105706264052223,30.07024051885778,3.8766904712722665,244.5028494022996,0.14821083990468037,0.21995138781919316,33.16883036700191,45.0730810895147,0.6401084680890768,8.070259535609779,79.24001474151943,0.6584038932056333,0.14012399413879312,0.14032274576681406,0.4307518730342576,0.11673622495526265,0.8928583870997174,0.0,0.0,0.0,0.0,0.2855327789857469
88608b56a1fffff,2024-01-01,mumbai,24.78151949010187,15.087594031838911,16.410951168315652,0.5,199.55954794419196,0.17838437890299716,0.4227413704830934,29.149504829676836,34.088083418705466,0.09609827085684426,8.73966402440259,33.86972938510612,0.3673380503957475,0.2869557029113859,0.21708264432402596,0.44437490466679247,0.07169403740199111,0.9104725638907405,0.0,0.0,0.0,0.0,0.0
88608b56a1fffff,2024-02-01,mumbai,22.911790267365333,14.612483171607998,4.369752775144269,5.193299726082639,231.90757152290786,0.11493604907311553,0.3685660981276004,27.47262078384152,50.26160802272524,0.482568605889864,0.42626708206206054,1174.195281890854,0.17917433873638128,0.002344024962454469,0.1947777140942818,0.4565428091399059,0.06953913572088448,0.8342272778814513,0.0,0.0,0.11773420887042045,0.0,0.5174297916987527
88608b56a3fffff,2024-01-01,mumbai,21.51626358031544,13.692928921210413,20.305507627880836,0.6738965677013201,209.74622266250915,0.1625904680083391,0.29668585562834404,26.17470576412982,42.364001291398274,0.2293504847832007,18.063502513995775,208.2283419045922,0.05931143737226461,0.09436407685002605,0.17399514031829993,0.406977877161506,0.08415013500119656,0.8517244466111525,0.0,0.0,0.0,0.0,0.33060093453213146
88608b56a3fffff,2024-02-01,mumbai,23.07084605029522,14.945531299520509,9.593160269354723,0.5024051697142748,243.4583927899489,0.13400338570448148,0.25817009425161563,29.07227960998915,48.64190351899655,0.2550590232784757,12.583151579188137,86.83432433664329,0.2818235254675482,0.05206376042525413,0.23060539936674213,0.4245685368770125,0.030565165551024884,0.8721277199565638,0.0,0.0,0.0,0.0,0.15437029267563554
88608b56a5fffff,2024-01-01,mumbai,23.944963891761812,13.900289448722377,9.00915343645224,0.6056882354911877,200.14862456376162,0.20259435460097872,0.42315695224374306,26.803030967987098,42.46639044790141,0.587349604454597,10.018847693521067,45.07334993046758,0.4460057131223534,0.5838897409297185,0.16930498706707742,0.36866675410082994,0.10058572909760403,0.8452158426627119,0.0,0.0,0.0,0.0,0.0
88608b56a5fffff,2024-02-01,mumbai,25.02967917685175,13.043171222446912,0.19880326447536623,1.6317324614830735,242.55859480213513,0.15758156598246206,0.22905543245621468,30.56969025626457,58.605737060906925,0.3505409150568304,1.3434431054190286,77.318830192102,0.41682955176677017,0.1180768360224149,0.196124234428428,0.4294701542054572,0.045400813336802126,0.8711909280460426,0.0,0.0,0.7859723182649518,0.0,0.0
88608b56a7fffff,2024-01-01,mumbai,24.120961955854096,18.599466616633613,21.102407738544585,6.291326601285496,212.33792256412315,0.21616484835320238,0.42331797902947604,31.320241019146724,49.86643006733571,0.695475829615111,1.2141613504795674,287.5443648164449,0.09557515833760971,0.02296011203624435,0.21298597280218157,0.43662366823142595,0.07561549225531443,0.8750107951036898,0.0,0.0,0.08608645167784475,0.0,0.0
88608b56a7fffff,2024-02-01,mumbai,26.42106635731527,14.981347456501636,6.191872225169038,0.7258557735467716,235.23862040882213,0.11276631277072596,0.24737744539354353,28.675521117656707,53.787677061865104,0.7270877314736098,10.881804434208707,266.8691749356477,0.15571379081070616,0.0351057337583278,0.1641580181993236,0.36992257194031253,0.11883191166270567,0.8297033167685384,0.0,0.0,0.40011882894610395,0.0,0.28075805758871036
88608b56a9fffff,2024-01-01,mumbai,23.82964204892649,12.509464668038333,3.3105341547878364,2.3764973528201927,197.08937402344648,0.2316183374630375,0.33072127485120356,31.743454140291853,46.234745863470124,0.8144974660432561,1.261615854196935,152.2746470043914,0.3892012615187957,0.4495871952184916,0.2165107489222586,0.4334421861847413,0.1051742811051716,0.8837442527872172,0.0,0.0,0.0,0.0,0.0
88608b56a9fffff,2024-02-01,mumbai,23.98461699531149,12.709380770741543,1.110826396510407,4.314390954149513,234.87416554900454,0.10115422748685465,0.20659610783035248,30.425555860617273,51.8065479759233,0.37711458822326466,7.529448502036695,46.37217494667165,0.371454770536165,0.04188338532481217,0.19740248166276717,0.4708289055679076,0.07255383753194669,0.8365356061853434,0.0,0.0,0.24146045384207296,0.0,0.12958953267081355
88608b56abfffff,2024-01-01,mumbai,21.388836358195384,11.485390418506615,0.3244957616559893,3.235035104029252,205.92484553315285,0.2101249564998611,0.3965120036588189,25.91179571511276,42.10168570344797,0.6025675252735264,3.877190549072953,1.8007304849550692,0.34666989814373733,0.20224063672597747,0.20293767856148553,0.4164300431672036,0.04872602184869292,0.870638845843542,0.0,0.0,0.0,0.0,0.0
88608b56abfffff,2024-02-01,mumbai,22.604101537611154,12.348609305126027,0.982215802940929,10.786070652378903,251.57688719553798,0.1362688954613399,0.23480360521547333,28.296448271792087,51.535053486291496,0.7922071295507349,1.9117101652708286,21.561631287144355,0.2310531673557026,0.04963451678650667,0.19943846326954767,0.486823993201828,0.1170672012954716,0.9651598081085793,0.0,0.0,0.21971786529479356,0.0,0.0
88608b56adfffff,2024-01-01,mumbai,22.000521851315394,12.806236600315138,1.445151529017993,2.2388575345335577,191.40533912513976,0.19980988594036142,0.3531550581671701,29.329375514903084,45.90456466727362,0.33400571223619946,7.31669661154921,13.675473005892433,0.6946853058907487,0.31561907005533846,0.1468413482626127,0.41946305955545515,0.016118897030870674,0.9203238011550144,0.0,0.0,0.0,0.0,0.0
88608b56adfffff,2024-02-01,mumbai,25.346978491181236,19.815020939933788,6.890855705347163,2.746719632758342,254.53726430055548,0.12489417744150726,0.23614129643305995,31.094085623061137,59.34250300129979,0.8680114973222904,8.71821832499934,21.626594905434054,0.08780011862580908,0.19529145147989668,0.20229881161478125,0.4084829947394059,0.07107109223755581,0.8825794045372765,0.0,0.0,0.8449760892782652,0.0,0.0
88608b56b1fffff,2024-01-01,mumbai,23.222845597620225,14.646672225186643,17.45363167814798,7.35013621502571,217.32009576316693,0.21219057745680153,0.38054477448635016,29.66064370581432,51.40105956117864,0.6436426096637746,21.99491826885103,462.5431946582373,0.42482075971727434,0.3698511903581183,0.17599503781257908,0.44337200897152346,0.1510274020686232,0.9130831981312449,0.0,0.0,0.20898698532181598,0.0,1.00312946907209
88608b56b1fffff,2024-02-01,mumbai,26.527471814298604,16.449888772744046,3.3449418887840574,3.5046973335124756,250.64040428577312,0.1194502958605708,0.15491168911044473,32.49540209800487,53.21789815446767,0.7201084118846725,10.884197284374135,346.91727309228907,0.23055177238176938,0.07187929895451928,0.1328094257839202,0.4007528593806953,0.08355919373113635,0.8228045020936154,0.0,0.0,0.35448818515932995,0.0,0.28352529992166026
88608b56b3fffff,2024-01-01,mumbai,25.9380597573874,14.373649790836923,6.2455934618309525,1.3844264515234652,184.71690103066393,0.23782028930689247,0.3351477667646606,32.87997935544187,43.423698210323934,0.18325278437541304,3.9362788096009593,307.1864877692723,0.529878030669738,0.11480616351324295,0.17128079995456053,0.4749273127919437,0.08291589476498615,0.8960782996806731,0.0,0.0,0.0,0.0,0.0
88608b56b3fffff,2024-02-01,mumbai,25.083962591249012,19.191874619665636,4.756134316643661,3.683329125006675,261.9879964818548,0.1586329301736089,0.2676942491454819,30.570829669427763,56.663014095310245,0.6118132856024259,2.571673649380334,486.15613516598387,0.42894211186810516,0.36029884396063916,0.2086184054773142,0.42221558503896095,0.10542221225063877,0.85309513301059,0.0,0.0,0.6303896905674107,0.0,0.0
88608b56b5fffff,2024-01-01,mumbai,23.426076563255048,17.303642348452613,1.2322598690181663,1.26404616403472,218.96080373099693,0.16204252018066437,0.3892911089433674,29.02130074342956,45.8472552532518,0.5735935435559698,1.1872526950680233,336.18356577297214,0.28921348285019455,0.058338555055813285,0.18163688356018926,0.4235939616604831,0.09180285376535757,0.8394553170659528,0.0,0.0,0.0,0.0,0.0
88608b56b5fffff,2024-02-01,mumbai,27.019425153269413,16.01677032421607,11.439147158438406,0.7468730860900643,270.19524212630444,0.1644937225881462,0.23307975591913338,30.65477354426828,54.01857401928428,0.21159079289921448,13.466768175137279,855.4019747372045,0.38749160947671507,0.11489498855293077,0.14489158969042767,0.41110656111059457,0.07011660349654329,0.879329135883414,0.0,0.0,0.4186101712521382,0.0,1.0663882928750628
88608b56b7fffff,2024-01-01,mumbai,22.071579274210592,15.418789716292595,23.462234594473085,1.935427339070652,227.37475709945863,0.2357191313872944,0.2992193439008355,27.121766032249703,47.0760794699457,0.3098015329074058,7.573630455438261,35.102025454960966,0.08285776680622138,0.07108805989270098,0.19852541435461044,0.4120967567602869,0.04458135144344897,0.8984822125258872,0.0,0.0,0.0,0.0,0.0
88608b56b7fffff,2024-02-01,mumbai,24.87401511864516,16.48609971119114,6.1021099596087724,0.5,240.41407084927727,0.10638859252211746,0.3884838437792238,30.63528152844583,52.6004938604528,0.44016627029454336,8.11814293450029,127.95133423232176,0.2062957095520574,0.026656051727310413,0.16414785256483708,0.4062764624130115,0.08950935779686289,0.9008322496670279,0.0,0.0,0.30504347064488796,0.0,0.0
88608b56b9fffff,2024-01-01,mumbai,24.327072327062275,19.28201190988106,6.7365630568038135,1.6811712213623131,177.91109552045424,0.19717797227362902,0.32688592535202743,28.066262241457775,44.33051091905023,0.16194765492281762,34.055962233635064,820.2065849000295,0.302478781979623,0.3265642266914642,0.1472428022079914,0.39640383427209464,0.09527918162042451,0.8759678364008568,0.0,0.0,0.0,0.0,2.1910639088109094
88608b56b9fffff,2024-02-01,mumbai,25.44220587356398,16.50380706969014,0.9243495357668041,0.5,231.38063829952048,0.15822138792290275,0.2942575754450516,32.56389708632178,45.566846910918635,0.935079550699786,15.349420008436425,223.71875323424752,0.6617685754168818,0.18066265754439215,0.15374396237708535,0.47308605026167205,0.0731687779075647,0.8531403508044595,0.0,0.0,0.0,0.0,1.074002904954808
88608b56bbfffff,2024-01-01,mumbai,24.051446746133877,14.772231084575195,0.5245956968292087,5.301462683549122,188.72380844795774,0.22407713240761584,0.3591028487281517,28.37825382191414,35.176338481618146,0.3400494554896179,6.15333934202078,99.4096348802399,0.08806078333173674,0.008154512480185803,0.16860488407038582,0.4408532611653249,0.09479560831032363,0.8932485664712458,0.0,0.0,0.0,0.0,0.0
88608b56bbfffff,2024-02-01,mumbai,23.269892142347516,11.575010924659415,12.079965794023188,0.5,237.54515941877696,0.18894755619057124,0.30787964289279657,28.466913277490235,56.065495712099086,0.3481963791441839,23.247984399962327,2.710612586435153,0.5644233406206214,0.04987164062647317,0.21337176047309336,0.3798752535486001,0.09142831528337571,0.9389035924861048,0.0,0.0,0.582537535729149,0.0,1.4304578595578723
88608b56bdfffff,2024-01-01,mumbai,23.921567495204776,17.538226176473284,10.0265878064575,0.5735776370298986,237.38190173743473,0.19654069729394696,0.328341791966881,29.849211005671638,39.93074997236753,0.32401002764789955,5.410093305922692,134.49589059718141,0.6919986342818258,0.23525080011409172,0.14172841229556546,0.4113546410996098,0.1178825595755223,0.8666629379835159,0.0,0.0,0.0,0.0,0.030995164411012327
88608b56bdfffff,2024-02-01,mumbai,26.409565311273138,21.078584607241176,2.07485791850003,0.5,252.9103683305237,0.12894194693910965,0.2022912950263978,30.393852193743363,51.958323877352875,0.5958649176197807,25.574406590308175,1155.46463551042,0.16395342807610866,0.48812653355182517,0.19362287126219155,0.4220938605475642,0.07482776464260714,0.9010388610212146,0.0,0.0,0.25361540026714074,0.0,1.0849075303534177
88608b56c1fffff,2024-01-01,mumbai,26.25090249529309,17.159749516484514,12.465989310132656,1.2013380473758963,214.1747173075799,0.21849300231175287,0.3420465285096368,30.454465357491067,41.39572941472889,0.5140904648207221,0.4423149132260731,1302.711609492011,0.3829546614772885,0.3639282191892157,0.14287684265749245,0.4103053283923329,0.09389119778679404,0.8594011542930277,0.0,0.0,0.0,0.0,0.0
88608b56c1fffff,2024-02-01,mumbai,26.70621412181896,19.4370675337165,8.269933415043166,0.6405162711167836,255.91002043192964,0.0798879926095539,0.2806096658857792,32.07360112769788,56.001484498244544,0.5336231209253148,1.0682594916446353,575.1490997807662,0.5499575513806835,0.24683627510480194,0.22365232722957215,0.42027394047770245,0.10101646028989673,0.9087296152214633,0.0,0.0,0.5774112089033684,0.0,0.0
88608b56c3fffff,2024-01-01,mumbai,24.589469780864235,17.413529279519743,20.05730739426631,0.5,189.3055870870333,0.20304051756137956,0.3945913759084809,31.111606887060237,39.82709302412523,0.7478767708557613,7.210304559311774,218.04262222010783,0.12744420508491985,0.3443763543955164,0.13263725485442435,0.44938866001748023,0.12671830682814267,0.9190886642289161,0.0,0.0,0.0,0.0,0.0
88608b56c3fffff,2024-02-01,mumbai,25.939116857824455,16.121450344599012,14.499788340160427,13.731015312986312,276.6033633449432,0.11180875524178091,0.23611726535156033,31.642989121022318,59.676942432792146,0.37827174335699537,2.100250779106255,5.663308507547877,0.35665935758953865,0.22037347957053066,0.18301121312662016,0.4197567824776363,0.08123929098675663,0.8859419233735484,0.0,0.0,0.8717596124458473,0.0,0.0
88608b56c5fffff,2024-01-01,mumbai,25.197050629477488,19.479459757908202,21.48328491445875,10.048256388288966,205.7689986576931,0.24032265989354193,0.33407468007334346,32.837361006583805,36.128237387729946,0.013863806431378143,8.523476290598486,142.90568211571434,0.3748574193675177,0.28919377712186467,0.1787004374528563,0.39876992793748156,0.01294713681949676,0.889472560152784,0.0,0.0,0.0,0.0,0.0
88608b56c5fffff,2024-02-01,mumbai,25.060580326332808,18.38552102065013,24.621596822847273,6.3862600394546405,241.33732902601594,0.1375841801141486,0.26738046620783956,32.92204726805287,59.72914027160935,0.4479851278483014,12.519307435096254,708.4585765215735,0.4374799080455205,0.3465407603738281,0.1750563169228928,0.43113390756782954,0.12674930349642755,0.9181566959964776,0.0,0.0,0.875939867205341,0.0,0.4265134275798744
88608b56c7fffff,2024-01-01,mumbai,25.57411470017566,14.538986831665335,25.226223991682705,3.2489758099142305,197.3165910315052,0.20930603987103258,0.38442258967301274,32.63472427741445,37.04750096945764,0.06274728227247241,2.6307175776503287,263.4032435356851,0.61280731110223,0.17779061286775222,0.18439422139086112,0.3882083626760025,0.1098561373391867,0.8696062720945258,0.0,0.0,0.0,0.0,0.0
88608b56c7fffff,2024-02-01,mumbai,25.58095322131633,18.127240732800228,7.376194751357847,4.595208699871755,253.74583936657274,0.13548538882553254,0.17436702656073216,28.796392873441533,57.28873507918456,0.42938826807922553,3.129244701717585,143.40639415847392,0.24532932463165666,0.32043214295387834,0.1986515736913491,0.42339365582330446,0.04931874263429137,0.8685231149036434,0.0,0.0,0.6805004457294347,0.0,0.0
88608b56c9fffff,2024-01-01,mumbai,22.189106180883158,10.648948677781062,5.19806150266314,5.794761587766531,183.0903278521001,0.18000853561664676,0.318185760651034,24.908688413733955,41.56467883893946,0.7620964677003137,11.052386944063382,329.0855581105249,0.34174954919147127,0.008928125520390838,0.17628978151089328,0.4152598216914778,0.05614746173072419,0.8865114532392226,0.0,0.0,0.0,0.0,0.42953925506131
88608b56c9fffff,2024-02-01,mumbai,24.896536455322646,17.09852444978581,1.9574728468248415,0.5,269.1054035268086,0.07971179981976576,0.27565783702216756,29.690984093684392,45.92312550736829,0.3925355466010766,10.693516477137154,11.566264539106731,0.26716583694633284,0.03813828172782685,0.18432478232852254,0.4085032266669021,0.04398200100303976,0.8876095084773478,0.0,0.0,0.0,0.0,0.0
88608b56cbfffff,2024-01-01,mumbai,23.929059887666053,12.294416533073182,5.856447299028673,1.9112651499743962,222.37724011017195,0.1839615860195526,0.33835433421789085,27.417515709513946,38.071302608487564,0.45596606136720635,19.867841751776993,124.38241513562627,0.03640044726552862,0.465148923800642,0.21636658541495968,0.40614849107388123,0.11267863246086376,0.8789929729521057,0.0,0.0,0.0,0.0,0.0
88608b56cbfffff,2024-02-01,mumbai,25.397682851999722,14.48088319278501,2.8467595008359474,3.344919366908937,259.3947341401119,0.11546134791220773,0.224622504622547,32.18361573129631,48.84340095264759,0.1968423902309153,0.36732197938510697,394.0616619880163,0.5418460904903083,0.08982361457294386,0.15889519622167603,0.42564192927879196,0.08458115626260285,0.885834461648135,0.0,0.0,0.004157344598297007,0.0,0.0
88608b56cdfffff,2024-01-01,mumbai,24.479250260899235,16.058988187007117,3.6924011204040004,0.8891631683849052,217.1488336265063,0.18236307496803242,0.34536236821342303,28.182084474884643,48.340223544276036,0.6112610765978658,3.1747700874193527,302.52996324244543,0.7168709206859288,0.07875612893594955,0.1879697997626991,0.4107701654701179,0.07068660597092254,0.9025895487616753,0.0,0.0,0.0,0.0,0.2955211335548598
88608b56cdfffff,2024-02-01,mumbai,24.272956821384973,15.517059905632857,9.577056843320902,0.5,263.22016297395135,0.16883121302952986,0.17782022348309356,29.861505884058598,60.0679183862446,0.37147827279026735,10.738102464365356,244.7306843978741,0.15529720755487986,0.04201124423904244,0.2332031146433942,0.4222126838660066,0.05985989405060268,0.8833793167790427,0.0,0.0,0.9030708530508612,0.0,0.006660665002509153
88608b56d1fffff,2024-01-01,mumbai,27.035980975951713,16.714294776363452,23.678296445120033,1.1117487319236594,220.25569020188027,0.23144403748743136,0.29161711722601963,32.15330924533234,38.29632368843966,0.6959510227243415,17.62460721799521,129.5366679625703,0.07713722376505795,0.06826687938941561,0.21575414084177588,0.4407596861576537,0.10770132705833754,0.9585983233457458,0.0,0.0,0.0,0.0,0.07680240352483055
88608b56d1fffff,2024-02-01,mumbai,28.039759251677136,17.430555093726973,1.0728525095017125,0.8954961872257503,243.41155874545396,0.057602437303054296,0.24469142677749212,30.527667413211454,52.24303391850959,0.5613656457150185,9.708858070179186,90.40633865089937,0.7448119962169927,0.3869821875007764,0.1578633368743735,0.3935924556389347,0.10396816988563538,0.918478494172077,0.0,0.0,0.2764163539385931,0.0,0.0
88608b56d3fffff,2024-01-01,mumbai,22.767195848821956,11.726422305659389,1.5189150395426632,1.8137214634002985,209.4459482251895,0.17848300189476757,0.38090549256802814,25.00846546309816,41.85247892275831,0.1532088566074709,12.755542440908414,194.11380644677794,0.22676279437560298,0.013980561321129228,0.16003918104684206,0.43713861472400634,0.09528806548250139,0.8715087620840065,0.0,0.0,0.0,0.0,0.3535385956355147
88608b56d3fffff,2024-02-01,mumbai,23.93547517916349,13.03491353751959,5.956326500725964,1.0744145633372246,238.67687263558523,0.1516299449157907,0.2568535670449205,26.632990131172523,49.24157533944078,0.41933629269335915,1.2231596316660618,149.9208717225633,0.31267050999082235,0.32366962366920776,0.1864607243389541,0.4089838992590804,0.08787854753921294,0.8554753401842496,0.0,0.0,0.03604507047387732,0.0,0.0
88608b56d5fffff,2024-01-01,mumbai,24.641790196212018,15.974567267866776,0.9625893567301982,2.4316090517973348,206.07787308482258,0.20536853599484997,0.2949950762998537,27.510367833187452,46.09823162562188,0.8065525405761831,16.022664870029224,825.5618959970723,0.334563297463454,0.4652243905244443,0.16673356414944485,0.42035146950416624,0.09567977315372093,0.8667186942264724,0.0,0.0,0.0,0.0,0.4188907053219595
88608b56d5fffff,2024-02-01,mumbai,26.217986048588685,14.90053953279314,2.4261832292749084,0.5,271.15671345979626,0.10035326515827495,0.32028748524267675,30.136098005352537,47.67900540228334,0.6550344178790655,18.854338059092207,596.495106548874,0.38812993911109067,0.05857417106163482,0.21349062226301557,0.411398315428704,0.08256364029237952,0.944109575914769,0.0,0.0,0.0,0.0,1.331124892227601
88608b56d7fffff,2024-01-01,mumbai,26.67703524713214,14.983925022365304,4.957543085854278,0.5,197.315943906147,0.24205754970224133,0.3610313466288157,30.520882838356734,42.696883871770346,0.28939351328146523,20.37916397604385,148.6111950089342,0.028971921366475407,0.23961878037866424,0.2015443908474572,0.41218569444361725,0.1306364959341212,0.8722173235120713,0.0,0.0,0.0,0.0,0.16654423633913953
88608b56d7fffff,2024-02-01,mumbai,20.270216122021232,10.512228100841405,27.14898888243351,7.206939254170967,239.4734651125366,0.10733185757865629,0.25258407986472925,24.889306906341762,53.105828287135154,0.6163808545713099,0.056391526230158494,387.8087945751401,0.71638383281567,0.11684789138614997,0.20153970031205287,0.4031283198323087,0.05392757082722146,0.8740987156866078,0.0,0.0,0.34551308950540477,0.0,0.10478627928242172
88608b56d9fffff,2024-01-01,mumbai,24.363229814592923,18.882357682805562,7.467000412362134,0.9319252417830519,183.02568408804552,0.17282639515584342,0.3500565076046262,29.088124275845992,45.58563128002324,0.2916719527941817,1.4377965169470575,960.1813579609991,0.264235509807502,0.020923205621269793,0.1827379375692361,0.41646064588541654,0.11450879044306093,0.879169688811229,0.0,0.0,0.0,0.0,0.3870684784498531
88608b56d9fffff,2024-02-01,mumbai,25.162037290194863,13.300305988648773,2.2692394850257216,1.821438263584902,234.84926273050493,0.14094699242954306,0.24406180046350115,30.967916034301723,51.61780030644849,0.5520018806806283,18.537616102913564,194.367316081278,0.5126981815295192,0.6019512243387583,0.16871620361701967,0.39326299399548637,0.14927624066772538,0.9095278772392241,0.0,0.0,0.2263446298626829,0.0,0.0
88608b56dbfffff,2024-01-01,mumbai,24.084780923162285,13.285524310133649,0.14628226550311396,4.033653421779237,193.7069254355165,0.18962590173990343,0.33236300650136946,30.432264119524334,43.63405578266059,0.567875377309475,1.4217498399142812,77.2092788108618,0.6199579257818393,0.18198079393359,0.20007428307409447,0.4449810807075194,0.09907090578220938,0.8430667547097471,0.0,0.0,0.0,0.0,0.0
88608b56dbfffff,2024-02-01,mumbai,25.403729629598818,20.05507662656438,1.4370819574547768,3.1049861093387765,225.7447845933322,0.1339950288884431,0.22339846831466773,28.047904462964837,60.00382009662894,0.7151890425747257,0.2759997335706156,92.54036129236411,0.7247732190360913,0.2050805565555935,0.15099677284944416,0.38330224827486437,0.03016979938826772,0.8149821106320221,0.0,0.0,0.8979375527780354,0.0,0.0
88608b56ddfffff,2024-01-01,mumbai,24.804298495899914,13.746989757361112,2.793494364929718,3.3347306460654225,178.34017434043898,0.22100283020453917,0.28692863150235026,30.1848234137127,44.6382711624079,0.4838617596038503,3.195079301910622,1306.8477308515892,0.634792019362767,0.2792246694031586,0.1148873903136331,0.42817223812898797,0.09999734610310732,0.8891626549678168,0.0,0.0,0.0,0.0,0.7653352981180443
88608b56ddfffff,2024-02-01,mumbai,24.455099727566882,16.442318805589153,15.465868690656322,4.224093293095619,265.32314584154403,0.08796397534142422,0.29826289092923464,26.78253387657437,50.227628790172204,0.24036274747054373,31.43000431070722,66.40598692923191,0.5327017411727012,0.0055975433172778186,0.16114535931059604,0.4427376145567421,0.049867487316180494,0.8795901930915264,0.0,0.0,0.11501298799571731,0.0,2.303872638854079
88608b56e1fffff,2024-01-01,mumbai,22.108987773709273,16.526475814496504,19.195203147988575,0.7234521550686936,211.19274892243223,0.20002237955141894,0.38146650010624295,29.684981942942663,47.36474314053695,0.3552378606859584,0.9175455681479753,198.59135791734764,0.04332256075379069,0.026677654056580596,0.16916086900713873,0.40143202420931323,0.09005668832591246,0.8218245064561516,0.0,0.0,0.0,0.0,0.0
88608b56e1fffff,2024-02-01,mumbai,25.12778138560465,16.60411599195784,3.038834876465226,0.5699100414257632,263.9106257057508,0.12094848415266864,0.3085190147168831,31.66947774574063,50.547731468301635,0.32731184486657283,25.493921846616466,578.9886636960728,0.19436863834600415,0.2989311713814776,0.18499817628356674,0.4410365301140861,0.09433235546701275,0.866364015501879,0.0,0.0,0.1406483547867311,0.0,1.1791216335831494
88608b56e3fffff,2024-01-01,mumbai,25.81781281889136,18.42896741079919,43.40818886112844,15.0,218.15920323577294,0.2242913049546777,0.2668447085896542,31.589826383761885,38.00180580664882,0.7158591482317136,20.642143711739678,221.71600809859487,0.4360743565731935,0.09532386028411902,0.13052415197922848,0.41451511933548335,0.09487073887897018,0.9099353381685543,0.0,0.0,0.0,0.0,1.0346853787095145
88608b56e3fffff,2024-02-01,mumbai,26.422912370593995,18.55413058739324,11.765570815544969,0.714056836583778,216.91659819507157,0.11004361452579799,0.3179364655377079,33.01170004003015,51.58824959736054,0.8697969010277177,4.267397673968688,246.41743334398495,0.39308674093205326,0.29986848784569065,0.1539783187380455,0.3900249267756682,0.08464307332848413,0.8746545485325907,0.0,0.0,0.22397806651235125,0.0,0.0
88608b56e5fffff,2024-01-01,mumbai,24.445072926093196,13.764749893772622,4.465172909006381,4.410161900359673,184.85916587566135,0.21181379469663453,0.30189748743819506,28.70979661234006,48.11643162313245,0.7284080245268875,23.439196689779482,344.6436373904294,0.8018883672359767,0.06464560906479518,0.2082290156496482,0.38591113361647966,0.09481820852601557,0.8693713710981201,0.0,0.0,0.0,0.0,2.586501492482308
88608b56e5fffff,2024-02-01,mumbai,26.391588615161787,18.904372181266858,3.672866566058838,6.605636267128114,255.18183244013397,0.14905931233517172,0.3226916550114948,30.181784359045068,57.25781253494141,0.41876593022631664,6.848235645014934,233.63733568945102,0.41399557182242797,0.2700723513926822,0.15592118400451635,0.40162795859234074,0.0486577103215462,0.8725489457129495,0.0,0.0,0.6780240192014938,0.0,0.0
88608b56e7fffff,2024-01-01,mumbai,22.195937473553045,10.968332152985544,4.232684017857759,0.5227834281341649,184.73057618033198,0.216298351033023,0.35336096821146057,28.647037809434753,44.59261687151775,0.20062397162882173,0.6522540195500472,14.463280655872813,0.21748713446624676,0.21512774891506065,0.14118119127598897,0.3694679515131563,0.12053360725475434,0.9235788180561971,0.0,0.0,0.0,0.0,0.0
88608b56e7fffff,2024-02-01,mumbai,24.44457253523675,16.51106032501877,5.373166007834024,4.074460122059882,238.14691832370423,0.11466664990923736,0.23718874285498315,29.748623140183962,48.5991615035921,0.65497336954964,20.6326369086139,189.3450958919154,0.15656350136753047,0.21860056405579306,0.18739574401311426,0.43551692972592626,0.09024469309623663,0.8755700914323394,0.0,0.0,0.0,0.0,0.381885829801019
88608b56e9fffff,2024-01-01,mumbai,23.125344586966733,16.927395470751243,20.55307064170976,0.774002625607807,200.60786716791677,0.22657646710840337,0.3135847466371783,29.687452428492307,39.109936460706315,0.7168862196481561,0.5647847651687922,226.66914877834535,0.19076339737428857,0.0570384254144548,0.2122291509265058,0.4125282020147568,0.0791599660474354,0.8750927794537959,0.0,0.0,0.0,0.0,0.0
88608b56e9fffff,2024-02-01,mumbai,23.743414133835437,16.152609200655533,6.826444479208797,2.337740378437457,254.64482879088416,0.16566686005642758,0.27128041633867833,26.30401276369347,56.395108727519904,0.24425325505882922,5.561579332096813,244.58408262185898,0.48646549978127257,0.04808888805556385,0.22134872240396253,0.4426568300273851,0.07719115033227572,0.8722000207454157,0.0,0.0,0.6089345362128135,0.0,0.30853585771956443
88608b56ebfffff,2024-01-01,mumbai,25.463023890188225,14.033817712220179,0.804037833269938,1.3598999231109474,173.0492051572686,0.22301244584251995,0.33815523982827284,29.989061750741897,49.71323142448076,0.3100362878608465,2.1518602205597905,190.74194730801122,0.5587022871691848,0.05487061871614764,0.12885833219348114,0.4446815668011838,0.12299034997256497,0.843968075618866,0.0,0.0,0.07381756525545648,0.0,0.12987637966165103
88608b56ebfffff,2024-02-01,mumbai,24.37626873245235,17.089024998358113,5.498995038964569,3.260587948124378,252.98026236348832,0.0965552550654897,0.19923150361064568,27.920068945185765,57.98329931086257,0.09475295816078529,21.230336919598997,644.365202254137,0.25774345136705656,0.2817467467485664,0.18062531376902155,0.4519503162152531,0.05164310398323596,0.894626533853384,0.0,0.0,0.7361245003079003,0.0,0.786577906775971
88608b56edfffff,2024-01-01,mumbai,26.2970335166308,14.878221364417625,3.3644253385352463,2.9981825849130366,200.1950281586742,0.1665854102816216,0.38812425177821047,29.369682974721343,45.48397552923719,0.5588826785036493,0.7027626939448014,41.59708936285026,0.20727216703436674,0.45809740121558956,0.19865499606544545,0.43935103717546764,0.08566951186239156,0.91671961843398,0.0,0.0,0.0,0.0,0.0
88608b56edfffff,2024-02-01,mumbai,23.740611726552192,17.11440266938475,4.28961388311516,9.755866172461007,240.12297846713096,0.13477497468572558,0.37340657613183115,29.393242963614735,58.25235942839431,0.30046114924840683,23.487757477908772,522.1458331353529,0.22741498888258546,0.12002684407719902,0.1269123119047028,0.4121189453436843,0.11934786461480218,0.9402353013093546,0.0,0.0,0.7576721325928462,0.0,1.0935744612515903
