h3_index,date,city_id,temp_mean_c,dewpoint_mean_c,precip_sum_mm,wind_speed,radiation,soil_moisture,ndvi,lst_c,pm25,built_up_fraction,road_density_km_km2,building_density,building_fp_fraction,green_space_fraction,bpl_pct,slum_pct,elderly_pct,literacy_pct,heat_stress_idx,water_stress_idx,pollution_idx,vegetation_idx,urban_vulnerability_idx
8860884059fffff,2024-01-01,pune,22.621940379329942,16.33647039802178,8.038255055553092,3.80178638747776,198.32697058788412,0.25729224501466524,0.45027147983949056,29.397071976544098,52.458060120964625,0.3877021332934889,7.403827682758896,136.6562483683537,0.6766488074967973,0.16830530871792077,0.16625653491277648,0.2669306458320819,0.043457833378586226,0.8909115469191773,0.0,0.0,0.31652131669753203,0.0,0.14374549460129288
8860884059fffff,2024-02-01,pune,23.51930726291685,12.92298149854828,7.806522204055428,5.523627678008744,259.61343981229476,0.11191418937225688,0.26800245400137135,25.875585791849822,49.044830645721774,0.786005782114202,14.305059555471972,48.60299004029968,0.1829311141266938,0.38943471229817517,0.07438012275042533,0.27132495246716504,0.0932994243256496,0.8922805097940858,0.0,0.0,0.039300542724863025,0.0,0.0
8860884203fffff,2024-01-01,pune,20.93170023548671,11.031084004820364,19.703117500387425,2.487761964666318,203.14496418312066,0.1875386031100513,0.31662872908814177,26.236723979552206,45.31373277035874,0.6741026708186798,9.22884780323956,104.79837439087979,0.2466485401977804,0.12551865148758626,0.11206597512389763,0.2966372241797138,0.1254557499821501,0.9128882321332876,0.0,0.0,0.0,0.0,0.0
8860884203fffff,2024-02-01,pune,25.954187229140086,19.7337615260854,12.422064781339841,1.5266403515436844,230.4849971591977,0.1580609124804257,0.25954234356249006,29.270957198310214,48.96598880973003,0.48029763432407363,0.4834195865424144,13.897541275985837,0.40982673713460016,0.24537855169492362,0.09065062537136101,0.23864889980419007,0.05154726903678533,0.9210758009527891,0.0,0.0,0.03289704862826309,0.0,0.0
8860884209fffff,2024-01-01,pune,20.812515700307703,11.113544452700369,19.27120275966893,2.009967833259911,171.04360473408173,0.2026075818426016,0.38454048371790256,23.459055499832182,51.513867031883876,0.2528392006700787,11.982558196231691,8.64184522351723,0.4445871922032879,0.035716553030111224,0.15422941428175546,0.24219828894742912,0.12734653393741857,0.9333612410229002,0.0,0.0,0.23983443090999312,0.0,0.0
8860884209fffff,2024-02-01,pune,20.383913890826737,11.46687506265215,13.688449895655472,0.5,220.86293147935027,0.12507525031165023,0.15014557833716563,26.102502920122333,61.76526503359924,0.41769717857140776,0.822831330935608,1035.3057862913029,0.8350379049978405,0.10864311193561338,0.09585232025364238,0.27693031260302575,0.12028396845144612,0.9458999210808136,0.0,0.0,1.0724477986751955,0.0,2.155135031397151
886088420bfffff,2024-01-01,pune,19.312951448209585,7.5405919354202435,3.6321306789191437,3.6310626749290544,196.1341441854141,0.2181384856927845,0.3568855315675896,21.397666879734256,47.585519828694125,0.5523282944359813,19.533874177528357,558.9692461795166,0.7640788963575252,0.5913316917890975,0.08929131765216147,0.3179806188339581,0.08598672363880508,0.8790344846202924,0.0,0.0,0.0,0.0,1.899670176860131
886088420bfffff,2024-02-01,pune,25.763942206862094,14.402589324335466,3.4112830844786353,6.179197275261128,250.14321362335787,0.14723598706053928,0.23038879419846928,31.292255830245335,47.83351683229684,0.9609710907686793,40.135189406632236,196.58966473606864,0.009937088769124759,0.10859798367986281,0.07969140554174753,0.2901796987723438,0.06758155643936285,0.8958800156313957,0.0,0.0,0.0,0.0,0.8201610405905488
886088420dfffff,2024-01-01,pune,21.975614445025627,14.74717686837803,15.49893541956318,1.7010327433684527,227.38699418679502,0.18387640768083097,0.3455917743947373,26.424718448318256,36.682642562453864,0.7018706873406282,1.0062597951960335,126.94200930202621,0.3834923226209182,0.0565765995096848,0.1235407216158335,0.31358434801758894,0.11750584382065977,0.8787930285847373,0.0,0.0,0.0,0.0,0.0
886088420dfffff,2024-02-01,pune,21.012205613535606,14.356463668173385,21.297467898944728,6.5335556144365565,273.47811815716,0.15907569341962396,0.3209860989431196,24.954001531438852,50.954005772757164,0.36763608794258845,15.293696337642121,307.1424108279718,0.5720872599232767,0.04729259635979872,0.15077317965605536,0.2730863024615354,0.10906303418496494,0.9083824743183713,0.0,0.0,0.19436278222707587,0.0,1.0450409670462346
8860884211fffff,2024-01-01,pune,23.41870052814036,14.415861514621504,27.125631324918388,0.5,231.523786215692,0.16425452681490546,0.37964092949153017,29.13262440061846,49.30143726034973,0.36767280321088947,16.169865231200657,679.0119811521218,0.6609821242609192,0.20462126626855098,0.11321574679222826,0.2629477141442559,0.14969040303697784,0.8969625354310008,0.0,0.0,0.06014200235412119,0.0,2.12508321741114
8860884211fffff,2024-02-01,pune,24.66468022057275,16.791107787105652,11.08576736525221,4.619323170117412,225.28925358447725,0.1870911978487217,0.34626265912214743,30.107817933329926,58.50397922946143,0.9615152038209993,13.491332875022904,137.60535913115257,0.33820218016258297,0.12956062072018998,0.1600558692007163,0.2915154799506397,0.06708502993262562,0.893531296512167,0.0,0.0,0.8075678129236264,0.0,0.0
8860884213fffff,2024-01-01,pune,23.345807859167238,14.087918360071633,48.89206318339429,3.3252631314317176,204.76883342326863,0.21518462910632535,0.33577778073176795,31.286238294358103,44.78682279369243,0.549023540497876,2.714776293826992,58.11497856394619,0.3615648446817645,0.0502367809946155,0.09236988167993937,0.22894236776037463,0.10423965683104422,0.8980031852782472,0.0,0.0,0.0,0.0,0.0
8860884213fffff,2024-02-01,pune,23.55318057493394,12.676590937523574,4.0538406196928465,5.052587090918904,263.14105257236383,0.13389368401887305,0.1639004460114854,26.386765731243038,52.83188089778938,0.5883523028688383,0.25143271740062917,94.18883951503071,0.2492765960629941,0.23011727537884924,0.13300606339595383,0.2925154531723711,0.08722917155413075,0.9211995864145869,0.0,0.0,0.34688285137607877,0.0,0.0
8860884215fffff,2024-01-01,pune,22.186413828634343,11.922207448578224,30.292796426637956,0.5,202.38391546432078,0.1598785039778277,0.3878186874241037,29.028014348115097,47.379687298185765,0.16700871834502998,0.24787576941312656,122.35998118573903,0.21333315799626365,0.0006453315865052166,0.1942613113959949,0.2537105437360149,0.10090207113607189,0.9101051006329396,0.0,0.0,0.0,0.0,0.0
8860884215fffff,2024-02-01,pune,20.619296975202964,14.751261136561741,2.4408384644693095,0.5,229.77895015541588,0.1489774091787927,0.22973240589335886,27.519350731387764,51.662808974748096,0.3734224995568113,0.5208140108965823,417.69488961094766,0.351121715130863,0.10832059607106301,0.10432714622202634,0.31142387085774215,0.1374743010589092,0.9036544720145536,0.0,0.0,0.2519314202795326,0.0,0.0
8860884217fffff,2024-01-01,pune,20.90625896576392,11.772469019282646,6.930513630866,0.5,220.64180817635912,0.1846295541824453,0.36221319019175363,23.303184944183073,34.87953875996149,0.24558613522770428,18.924492307545407,247.18804148913446,0.6287792398425538,0.038952030110226986,0.11033630555691248,0.2721185301050895,0.0891894063181046,0.9105449685977927,0.0,0.0,0.0,0.0,1.1188371286083276
8860884217fffff,2024-02-01,pune,27.200353118798546,15.875736145145812,2.9857149803146665,3.143283968265443,230.74054260356434,0.07807133199894162,0.2862829259754199,32.69001115194146,49.55561607116305,0.4934753771573905,5.1125310688068035,179.4635998497105,0.11001720655938922,0.26035572591127004,0.14004449480139375,0.24093031585271468,0.07613599882147011,0.9193580094920911,0.0,0.0,0.08078627698382744,0.0,0.0
8860884219fffff,2024-01-01,pune,19.672454997941287,14.305671671240896,1.0055035774517074,4.7672994394633506,212.3063975345895,0.21104241063715254,0.38181655767846184,27.46972892232899,40.10131463948734,0.4361226410771777,48.39452721290376,179.16308978075776,0.2983159445131679,0.04344383189441,0.09676527050760791,0.339621058465123,0.17052422044851512,0.9033476846351246,0.0,0.0,0.0,0.0,2.506163444275037
8860884219fffff,2024-02-01,pune,23.599462366483895,14.526152554836667,4.583785909863376,5.115969778875791,272.720273920924,0.10709822392909364,0.2756714872729631,31.154173711840894,48.122386828750244,0.5298525639062012,4.228839980669721,100.95005791445247,0.1964788933589894,0.012756787894876892,0.10423310088841672,0.2534525268329376,0.06297199305684525,0.8590357863145524,0.0,0.0,0.0,0.0,0.0
886088421bfffff,2024-01-01,pune,23.146373163440373,14.251637174422122,16.919095091413837,3.07856439340386,187.0158151294525,0.24936865557262353,0.3377696035453402,29.886290247691186,38.80419088639424,0.6043034476363615,19.159246452667773,58.814993719923336,0.17899371547420767,0.10600915063946235,0.10027828132135244,0.2462887131780286,0.13219387796470172,0.9012395297479252,0.0,0.0,0.0,0.0,0.0
886088421bfffff,2024-02-01,pune,24.51438301118461,19.11134512796557,3.3677940710671384,0.5,274.6694945137476,0.09562093036290008,0.2459714457073558,27.07812469311839,47.583918443168734,0.5392060484020966,1.722226034157012,190.42897851784957,0.33992068784648355,0.15768839194819959,0.15331012075402145,0.28533122236804037,0.12372279473393225,0.9129102582649282,0.0,0.0,0.0,0.0,0.0
886088421dfffff,2024-01-01,pune,20.04124445551777,11.59744877659853,2.8388844076324737,0.6843505892423651,217.29682468886605,0.15544998168515245,0.3817375281807031,22.822035128393647,39.51601627362693,0.6746917796776425,3.068993483948573,307.959624724151,0.03061651857941017,0.17006350401325848,0.1222654246786744,0.26364067456040896,0.16517210153875383,0.8978944298861267,0.0,0.0,0.0,0.0,0.0
886088421dfffff,2024-02-01,pune,25.6056828638486,18.357877391758098,2.0330360863086465,5.96740730720794,249.12363397634292,0.15573401144365417,0.31378156753945635,30.56670880926045,50.20520961000785,0.44479332188494614,0.4831588502741477,1120.8656160168596,0.4004055802290236,0.07825841359689106,0.14684679010047935,0.24746973389014462,0.048319661828296334,0.9307924192136097,0.0,0.0,0.13354593610208468,0.0,1.1872257953833996
8860884231fffff,2024-01-01,pune,22.012061920586124,12.856813141118925,1.8427848034789551,4.954938107505479,211.37911908233227,0.24073965191925464,0.33039766578093993,25.345646330135526,38.878736050106625,0.6477721394638095,14.994311330368747,246.43878563807954,0.3475611017160771,0.08706404544563333,0.12013708313932135,0.23627556581270998,0.11793518511967387,0.9248932803716854,0.0,0.0,0.0,0.0,0.16009437764962697
8860884231fffff,2024-02-01,pune,25.387029799844893,18.37478771161731,4.684987218809263,1.6619222748604434,257.87998052724436,0.09801325313175675,0.2978216731160165,31.356369978969163,58.64354751367586,0.5579751931616225,9.138237255671273,298.4290648909227,0.7531219034081653,0.09630530545885563,0.1247216788751636,0.26846961722189666,0.10685846890975735,0.8812593777117161,0.0,0.0,0.8189034784722222,0.0,1.0430210347878621
8860884233fffff,2024-01-01,pune,20.50470249691358,13.500457617472264,2.089742065203497,1.5151694630622692,188.8250685964508,0.1926104262566525,0.33786233946096567,23.713916877040557,43.531522375781904,0.6241748361032833,23.332113686565805,69.48325167944422,0.3571772711029054,0.34790782059021164,0.17118044470570937,0.2554100894920552,0.07927220208121781,0.8807049908724316,0.0,0.0,0.0,0.0,0.26826666390000586
8860884233fffff,2024-02-01,pune,25.521969930560303,19.240223289170046,3.3666194800392937,0.5914793716581745,232.60659883952275,0.14928425683943816,0.25792102976197684,32.9085435081138,47.72935475647079,0.6550154154642316,4.26177023913098,426.9859037922298,0.5002060830683822,0.036165208193315104,0.1129308474015556,0.2754491348258186,0.20028388234646427,0.8690101307615532,0.0,0.0,0.0,0.0,0.847973198895686
8860884237fffff,2024-01-01,pune,20.908837657655802,13.335745038863076,8.586870106595015,2.114618575123827,210.94886425515895,0.2705388059187324,0.3586702844076188,27.302765920660953,48.13179663687678,0.5031163179902421,16.62146632889896,96.72308032075274,0.5431611235523681,0.10895460860829549,0.1462644587699481,0.29929974472448073,0.10578427866656949,0.8434425078293827,0.0,0.0,0.0,0.0,0.8035053947126283
8860884237fffff,2024-02-01,pune,25.452834782619234,16.15547588668685,15.132979278875535,5.830586639839985,263.72660418600583,0.14538027387763924,0.2543796504116456,28.37444146107738,54.51610086561968,0.2832652999203815,1.0790104981319693,10.865714216731554,0.07818976989597423,0.0202699338577727,0.10689374082147299,0.2709741690497643,0.10380964731488546,0.8719432623963382,0.0,0.0,0.4836743464714729,0.0,0.0
8860884239fffff,2024-01-01,pune,23.97055319079235,15.230337320774147,36.35101858844,0.5,235.03677295738788,0.21485715015507237,0.36200469861385653,27.46042469168501,41.72004475713562,0.35361333688314,0.823642608143287,344.2211508299848,0.25217592933428845,0.13764210626570472,0.13765128372440003,0.27232077460153853,0.05488330751325588,0.9011774044784658,0.0,0.0,0.0,0.0,0.0
8860884239fffff,2024-02-01,pune,24.357704673764296,13.148911446209825,2.002986291145108,0.7424904439221056,246.84238869495982,0.16189540576097208,0.26161169071130314,31.417322513966617,59.61050273638021,0.7824405454278441,11.06639645252539,146.51414999549806,0.3599836101006491,0.13324013438170024,0.1312627305841111,0.3069322803600167,0.08180882583704022,0.9480597517881887,0.0,0.0,0.8974390932556212,0.0,0.0
886088423bfffff,2024-01-01,pune,21.66233745576763,15.3449109446943,16.09498216278461,0.8455693808150869,193.77349428576812,0.20661901138764982,0.3723028263508211,25.63482015387808,52.90886830945045,0.6994136712718295,1.7727205385664049,264.60286639234755,0.32288753466813735,0.16938633293686736,0.18963915535160894,0.32327147250609045,0.13554882158924242,0.8711487897466178,0.0,0.0,0.35313573006520205,0.0,0.0
886088423bfffff,2024-02-01,pune,23.228837639508747,14.816664847353778,32.73649664763595,1.5336316992918575,223.98341567721528,0.09869773194350498,0.13413050679978672,26.58502935381473,62.108930110231086,0.7963455660251265,3.2449483333198392,167.90581090043582,0.31987365452820604,0.16602842332283455,0.1331267197140701,0.27607736083801165,0.09891840563477974,0.8939510759755369,0.0,0.0,1.10036010261558,0.0,0.0
8860884241fffff,2024-01-01,pune,20.620766727479786,11.360151927071334,2.867492760958345,6.511602033922273,207.3062327461213,0.23874584672709032,0.26557159798986546,27.19652114745373,42.414516263373535,0.3941471546898252,7.407436268542839,212.59341494611618,0.15136481110050332,0.23750368830590274,0.11508171527248899,0.31953994155535786,0.12461495139236957,0.8721980502184633,0.0,0.0,0.0,0.0,0.0
8860884241fffff,2024-02-01,pune,21.377015582012838,16.22295907619085,21.355330203960445,3.0002763769876317,238.76964200728779,0.13717183084519502,0.27627479872661176,24.5114479821146,48.34796876064273,0.10661744858955967,38.59383135077304,1060.8468274256886,0.4315112791697036,0.19977347103322293,0.06820645958865443,0.25523883026902755,0.10210945069643804,0.931242153230074,0.0,0.0,0.0,0.0,3.5155603903609913
8860884243fffff,2024-01-01,pune,21.458621832831263,12.148099218876595,7.77823424681069,0.5,208.68890183310532,0.16322950743776324,0.43604477710803713,26.15341483832068,43.898452632348146,0.858441813183354,1.5697231193642003,71.44290846844527,0.6975038018060828,0.19267172099345514,0.1506236168137892,0.25080944729588445,0.08310833356154942,0.8811828937660842,0.0,0.0,0.0,0.0,0.0
8860884243fffff,2024-02-01,pune,22.987354491849363,17.419819771717627,16.118404169750185,6.345896841575279,248.3854967693378,0.12314067473862658,0.3585819770834473,30.417516400445294,58.000225354607046,0.8075320555655077,13.967557524009536,263.83789461846453,0.7629667769975573,0.16657975275212544,0.11808917779513918,0.21040605373291973,0.06559296307639167,0.8914268930805389,0.0,0.0,0.7666531776517257,0.0,0.9219116301034375
8860884245fffff,2024-01-01,pune,22.003578260271063,10.84210079514894,1.5395696926382463,6.426071619801604,190.25152848873108,0.1646613843049598,0.32731118987924385,29.747744281337297,55.078432658923724,0.8588849671115983,13.4184647699262,10.209095099296343,0.3625778402260401,0.07382773872836307,0.08317612242397357,0.25713607538591937,0.08796218517520285,0.9254896450830675,0.0,0.0,0.5293466506924177,0.0,0.0
8860884245fffff,2024-02-01,pune,24.167156384849743,16.27515907126513,10.628330188599723,9.509996173848505,261.3364914004972,0.1495371698104313,0.20753391486891676,29.24113327437957,49.55106087757163,0.4648005545531174,7.464009069992829,227.79337935088552,0.4672477396694859,0.08123422495777556,0.1254233460152958,0.21382236383144282,0.14114930164016176,0.8700245535569879,0.0,0.0,0.08041630646113969,0.0,0.16607729909589133
8860884247fffff,2024-01-01,pune,23.093272057268532,14.302104299517753,57.37645605364294,1.0989516446322185,180.0904404438577,0.18322255247892882,0.36859646594073603,30.525475270197468,47.46782049123986,0.7839835531199776,5.863476896199955,459.84340691561385,0.7993176446025838,0.13579748237423614,0.12418374587024095,0.2535422204290734,0.12106068580336243,0.8790875812661068,0.0,0.0,0.0,0.0,1.3054466837202996
8860884247fffff,2024-02-01,pune,22.282701503156307,10.284436873687861,24.393145513609028,4.23560260834162,248.30658993853845,0.15902126945117764,0.28810497933161056,27.022648778421445,50.84646209232105,0.5421384680632892,3.17106119901249,82.50465500790501,0.3067758193688344,0.03636085804030994,0.1635125795132698,0.21956487292869864,0.07399702625552187,0.9064974993052856,0.0,0.0,0.1856281388218746,0.0,0.0
8860884249fffff,2024-01-01,pune,21.019434295124498,12.155725771871799,14.031548143673351,3.238089521320096,214.69964778996035,0.19243881008484934,0.3397523722034343,28.358380193720514,51.41111549686532,0.4320047337944636,0.5168505789088039,69.97596135189855,0.5022506721144229,0.22873277891711336,0.1757063391092534,0.3214414450748493,0.11330692255611367,0.9326884175313428,0.0,0.0,0.23148900313511486,0.0,0.0
8860884249fffff,2024-02-01,pune,22.892890358773744,15.072753644141907,1.639192257166614,4.96756688609196,256.31017631642067,0.18361963537506326,0.2593507701243233,28.790081083228248,58.79088504267614,0.487318416854715,4.089276335095776,107.43542025618471,0.14822636461063668,0.3000489803866806,0.11529544206048198,0.304036609050681,0.06498361259879469,0.8644709313180615,0.0,0.0,0.8308701581581147,0.0,0.0
886088424bfffff,2024-01-01,pune,20.91056561964918,15.380819302501864,25.79080014836405,11.703850738134262,216.51813752770263,0.21174632906040067,0.308046672739265,26.131657405939354,42.48157436394155,0.7816585234051946,8.951212905061794,262.86398147179904,0.22435048961486675,0.024792715932908764,0.18649128805353565,0.2690161107192598,0.015691724751988934,0.9402846609534796,0.0,0.0,0.0,0.0,0.0
886088424bfffff,2024-02-01,pune,21.42714073011821,9.825806422474406,4.067300953721768,1.625084009394284,249.04407058425824,0.10178557333674058,0.2517271591631262,28.912554425337305,50.48065871468408,0.2728105905342824,7.378160872813891,57.47443131279202,0.6205901653716653,0.20562134014136016,0.141096605819495,0.25713068300864644,0.11147819914100658,0.929536204556724,0.0,0.0,0.15591777325580855,0.0,0.0
886088424dfffff,2024-01-01,pune,22.373664695466687,13.941178409329735,0.9527547555590212,0.62854430174362,198.88985973690475,0.15850573864846393,0.3823948080151063,25.751043606544464,36.37007594592514,0.26180108438913885,6.463790928766624,226.35018166910095,0.2925339462914461,0.20317162638871206,0.1270182843933689,0.322322917935241,0.063721637014962,0.9459201915181593,0.0,0.0,0.0,0.0,0.0
886088424dfffff,2024-02-01,pune,25.11147642273822,15.163476434139614,3.434984763946651,1.6019783062867745,246.47463612794033,0.12741725091258613,0.28850286305220624,31.569635935153975,54.514756915706236,0.6505364162996552,2.523902963276787,145.8818361582959,0.2250009619530989,0.11035849955662051,0.1455630039273048,0.2957474866747001,0.03413821712134703,0.9341826847497904,0.0,0.0,0.48356519153832644,0.0,0.0
8860884251fffff,2024-01-01,pune,23.144363443093358,17.537862425818986,2.704529251383821,2.5299903752630115,203.7898787889696,0.18887573925010462,0.38919734968985453,28.9276505114626,46.38287163425836,0.5417786078752322,9.763922934603011,97.02249487972915,0.5370010509022135,0.02520668265498807,0.12753228774430683,0.2705683236123309,0.10641190922801387,0.8876719705875202,0.0,0.0,0.0,0.0,0.1574015748975392
8860884251fffff,2024-02-01,pune,23.64407195320843,16.112605581267907,8.682289719709717,4.374980362389742,249.639017438683,0.1593788779618941,0.25082178460202625,28.740522784333592,54.42140257785316,0.5526626402593638,1.5489555117521459,58.26287924791238,0.6968900141282917,0.30241695710549793,0.13810007613214023,0.25753584529611323,0.08818952011009926,0.8920658517389943,0.0,0.0,0.47598299937074706,0.0,0.0
8860884253fffff,2024-01-01,pune,20.95788075098087,11.797698706208498,1.6405591797321308,1.6694561417263714,204.97925685722754,0.19425913773658832,0.3682073267602921,25.79933402668665,41.52029274757447,0.2380270919325178,1.7195437741423716,135.9563005440035,0.2061528641345034,0.043285587469814785,0.13126264301772445,0.3073427639418923,0.09669513569498385,0.8693486429073398,0.0,0.0,0.0,0.0,0.0
8860884253fffff,2024-02-01,pune,24.333137802734896,16.346843985447187,0.4252918560877196,0.9849766914204219,246.77404607501373,0.1222114046630467,0.30943023249074214,28.882599315992966,53.891688018375866,0.1563249385420522,1.3686561676768636,305.4054672388196,0.3438297755671168,0.0703176664368518,0.1506723257207045,0.2608141354831878,0.06987430399885593,0.9198975163769795,0.0,0.0,0.4329598504063964,0.0,0.0
8860884255fffff,2024-01-01,pune,20.98093686301776,9.26329272055893,15.891277131934437,8.214379393560824,202.20861017499263,0.2003544471229465,0.3784920508509197,27.552307680806155,42.749102978195,0.37524748785934964,19.224834419911996,179.14049056297773,0.42239168793959303,0.3593323899379435,0.1256413917882053,0.2589623450273833,0.10454884422217982,0.8897195903683767,0.0,0.0,0.0,0.0,0.370829032105486
8860884255fffff,2024-02-01,pune,23.929658434658606,11.940982433708077,14.238409300078525,0.5,230.10020194679532,0.1271622848954635,0.25909183899346483,27.017943560104733,54.202054494515465,0.3870236753322104,0.7862135559341237,173.0593274852883,0.0536465831666489,0.21362727637099432,0.1294741718169906,0.2508858102891796,0.09449803391937017,0.8819399748402587,0.0,0.0,0.458167658833771,0.0,0.0
8860884257fffff,2024-01-01,pune,22.650819592239237,13.04925914922854,0.24974771029765358,0.5,168.94453247169952,0.24601106180518575,0.3323591406831062,28.814731853879053,41.8472037399868,0.492289034775795,2.150493490114264,54.875936329852834,0.39276843989265964,0.09131477831214538,0.1081041768804055,0.27669333519338335,0.00871485724552891,0.9231327472818506,0.0,0.0,0.0,0.0,0.0
8860884257fffff,2024-02-01,pune,21.870199513016672,12.750709674646412,2.1424727980505613,1.606887797952934,264.04059134606854,0.1290621747305943,0.3308294224852497,27.824289837712165,52.01093390116064,0.2839700623259559,1.478214036851268,190.65259413708554,0.3880799869865511,0.10934361707198594,0.10470506444283147,0.2770808166472739,0.09140297840944252,0.9550114263446514,0.0,0.0,0.28020595096645545,0.0,0.0
8860884259fffff,2024-01-01,pune,21.4625870262069,14.233734685377922,10.064012290246602,3.03604966376129,204.72437342107065,0.171314843482147,0.3480402811129508,27.280420963031858,43.68710873792805,0.46452342626994475,5.470411226225868,37.028181472733436,0.07838926194771358,0.10792707150012419,0.13905758741235114,0.24813513147814184,0.13119477321720124,0.8969031343467626,0.0,0.0,0.0,0.0,0.0
8860884259fffff,2024-02-01,pune,22.887398256753293,17.731937519047854,12.366515273312897,5.317631663501471,249.2691438411945,0.0790691590047741,0.2572067967677163,26.380408349354614,49.049747542941276,0.5916314041008922,5.043062404029519,496.7648801530077,0.42235476873784794,0.00040948977753421455,0.1681615518891942,0.2833128541834626,0.10678396404922698,0.9182225220976988,0.0,0.0,0.03969989063352877,0.0,0.5244807324661027
886088425bfffff,2024-01-01,pune,22.83041372088003,13.464472937338288,1.5529833196973908,1.0182072726816132,189.71988368864783,0.19926353284611065,0.31589183639651985,29.48879809264489,49.610639978946665,0.3564854570604354,4.9955859373395874,124.20043946693033,0.47532668285001234,0.001306571736429476,0.17802911297133536,0.2768335906850951,0.11946525267641984,0.8870980925264673,0.0,0.0,0.08525529098168903,0.0,0.0
886088425bfffff,2024-02-01,pune,25.447290081939965,17.96848183168363,11.646379445358212,3.9498120972621154,223.59561328910254,0.11283662750020869,0.21272309836842468,30.210108132044333,54.77684940693457,0.9494789896523479,2.12610394337381,308.65340208282555,0.4333923420844215,0.03194783146072536,0.12860700062371258,0.21748497725420873,0.09682443746532121,0.9435914647561437,0.0,0.0,0.5048522112941763,0.0,0.0
886088425dfffff,2024-01-01,pune,20.982774062068884,12.4274987984416,1.7980631075265552,1.2239019739270733,181.19570563425265,0.21485111913684113,0.37643328421787264,23.13741704501197,54.23005152501337,0.3604027400936737,0.5816218497167381,487.3574501153606,0.6554330088830616,0.018130268932983466,0.11440611047522639,0.26604889250904323,0.047951720890807854,0.8893851315600496,0.0,0.0,0.46044156350963916,0.0,0.5037391770053877
886088425dfffff,2024-02-01,pune,22.898957216983362,11.627305935881095,3.7191382106184347,4.298163072374626,263.19498802920646,0.18613453029018512,0.2932032654836001,25.30653660523846,51.21767338262223,0.6620499075295555,13.298233265666047,621.2637796688398,0.6252927278224429,0.3519724727496976,0.1448489234655,0.2349242738264909,0.10808997956932528,0.8992695281242375,0.0,0.0,0.2157777323230161,0.0,1.4539309240702711
8860884269fffff,2024-01-01,pune,23.25876914613156,15.462247454157001,1.0367761860461533,4.705717011938536,213.17353991322005,0.1760899237364727,0.3915953690294957,31.07788031149755,45.98356948966132,0.7989986618638423,1.212842370543754,449.42273985388243,0.292349029796374,0.10824518186205645,0.1977144920279501,0.27627257878633077,0.07709910095310091,0.8975439145171491,0.0,0.0,0.0,0.0,0.0
8860884269fffff,2024-02-01,pune,22.952844632354875,14.431220588634078,6.7665863955312044,0.5867868119153689,276.7931873589639,0.16902728601346795,0.3476690577583052,25.737917458726358,51.53310145218123,0.8159139475854261,4.8702039337043805,340.8812320643509,0.5176039912982058,0.29598456245039245,0.14956913679329062,0.26932757484567865,0.10201057316572426,0.8604225142396907,0.0,0.0,0.24139664081132653,0.0,0.26554139356577827
886088426bfffff,2024-01-01,pune,21.337448070881077,13.305384005596306,7.113492473931,0.5,212.01317884991033,0.20829789879115898,0.35297770867667877,23.439041964666394,48.28276334455575,0.6883898116051816,5.1787984222363175,127.88400042414953,0.5199808269522384,0.011343920089835518,0.1324207929722677,0.2604744596728426,0.10522287306718406,0.9153006801315801,0.0,0.0,0.0,0.0,0.0
886088426bfffff,2024-02-01,pune,22.488729373920524,14.082830356460157,0.46383847644292536,1.8550299145370475,233.70996035984714,0.09862770505667628,0.29032280326056176,28.64004940463093,50.95494583540155,0.5070749963878008,4.7791871983078495,610.6689655591173,0.4590773523649625,0.1395969216534873,0.10939523380148981,0.2934317406205178,0.06649849701156489,0.8668940362457213,0.0,0.0,0.19443913364023174,0.0,0.6960459454746262
88608842edfffff,2024-01-01,pune,22.61515899921637,14.255114989465554,1.58018857246002,1.5772570534636456,205.875787104621,0.1761977435753917,0.2737669998897762,30.298365728991826,52.69275663307465,0.7129424639502525,9.381109714699333,70.36334438902882,0.2818944675333547,0.019133901477308285,0.13136657864159604,0.24812104586846506,0.06970571994867442,0.9088244349934907,0.0,0.0,0.33558324886697655,0.0,0.0
88608842edfffff,2024-02-01,pune,22.79176669290589,16.46667204390582,0.49128234826595124,0.6093348229638655,229.2343089850054,0.14918318307562037,0.3905912941005093,26.2461983461153,48.381501844187056,0.09333479684758937,0.06679459325265849,13.075747975151145,0.6663366135416913,0.04693591842007316,0.16587589938269776,0.24926491764657344,0.09301162571438622,0.8935805258920826,0.0,0.0,0.0,0.0,0.0
8860885001fffff,2024-01-01,pune,21.39963195808519,10.895761059343846,39.75509932847896,0.5,175.3603943279676,0.1394328330377858,0.364637735215492,26.653427458521982,34.831538429117884,0.9302972308732755,7.737048728011589,201.90201222946433,0.45985832367085633,0.14465493225989073,0.07751234991894432,0.28596744386232864,0.16076219667769612,0.9194223993088168,0.0,0.0,0.0,0.0,0.0
8860885001fffff,2024-02-01,pune,26.510846975050384,15.797648199820639,17.696135097893087,0.5694198616281849,241.42851209438086,0.06870057912644745,0.3298245499886818,31.94893533605883,57.51471167896557,0.25576913092657233,6.253177146536463,307.15902978488737,0.45555312629731315,0.1387706139560038,0.12237323917382242,0.26292205881566477,0.10312912461010236,0.9209555328059164,0.0,0.0,0.7272200021468556,0.0,0.0
8860885003fffff,2024-01-01,pune,19.367303711902927,10.223324513053948,4.1578400000820235,0.5,208.42162412303153,0.23225771182769406,0.32258264848418716,26.323732288029,43.39676545401036,0.3768278533461327,0.033558061080946985,637.1192840936924,0.43195412306828324,0.07363109398803372,0.10744633155871153,0.27085984660653445,0.15253857677992527,0.9148895522766878,0.0,0.0,0.0,0.0,0.5128275602885964
8860885003fffff,2024-02-01,pune,20.784090682473323,10.486952740272613,15.69559421712494,3.1324487143812076,272.79688871993636,0.09879584714000311,0.2321455530012369,23.03535907784344,43.33713629220247,0.37527106071304545,5.109504197013149,71.03616457684494,0.2532331440784995,0.27755654844410244,0.1348035506771535,0.2604360763643026,0.1289612080194566,0.9158687249305963,0.0,0.0,0.0,0.0,0.0
8860885005fffff,2024-01-01,pune,22.39929916193756,16.722486426629267,6.773247228127312,0.7343883050867902,187.15259297131462,0.20130261157310222,0.33588457824338175,28.927569768891537,45.20658149818544,0.6719811350497322,5.64747098237156,152.14877014658384,0.5884612384668225,0.16586930772364986,0.16504281576296984,0.29563988702704586,0.09362758357186386,0.8541391055309514,0.0,0.0,0.0,0.0,0.23270387153278946
8860885005fffff,2024-02-01,pune,23.331231790821793,12.346669053156097,3.300710797923167,0.9172435140034487,248.28178627582946,0.1352686431839358,0.2579447320227205,31.28369571821603,51.294753907213675,0.1661599005111861,5.710316885472205,48.29093521788694,0.33532148934627903,0.024216025592144353,0.09761352400777717,0.258993813725569,0.13035721133936146,0.8978563736970951,0.0,0.0,0.2220381735973139,0.0,0.0
8860885007fffff,2024-01-01,pune,23.31023103845681,17.334759609117427,10.83173394536184,1.1087493575816465,198.88180650281197,0.2009086238979236,0.4257629993735894,25.48436906341902,36.33617452978887,0.8919985841551304,1.8255107729563806,163.22453298010637,0.48661061670350564,0.053087395286941834,0.14851027440854558,0.29709728471610397,0.13387988389950348,0.8957196384023216,0.0,0.0,0.0,0.0,0.0
8860885007fffff,2024-02-01,pune,23.426813325561273,11.638927597127777,3.9738505578509145,0.5,257.48449930432366,0.15988649573305852,0.3188405103909568,28.92265622991954,53.72515885481755,0.20626338715240183,4.6440640018031365,281.79066645807046,0.5908029402309625,0.2532277745989274,0.13899345518438952,0.2545309826867068,0.10598761358677393,0.8731724504753069,0.0,0.0,0.41943443585530704,0.0,0.23470428431461704
8860885009fffff,2024-01-01,pune,20.99355337650314,9.101760644861868,35.13931912279141,1.2634649353435572,207.99391499333527,0.20036007193805128,0.3554862619954292,26.076373280868815,43.76766600188816,0.681835669118027,16.268176870087593,18.305089056998913,0.5337378657095045,0.11608008859873421,0.11275144974757957,0.2558307374207146,0.08668082946653155,0.8862230728365152,0.0,0.0,0.0,0.0,0.1876725143288594
8860885009fffff,2024-02-01,pune,21.487924829896055,15.591133537641408,3.4491521959136446,2.131225152258728,245.46725031297882,0.18959410344423433,0.34051933588338723,25.855503335883142,55.06286423981701,0.7368299653444574,1.629748383574653,96.7986574142644,0.781455353520421,0.19293839485890274,0.1482433662347142,0.24809168244282884,0.09772227903819941,0.9084801302618345,0.0,0.0,0.5280821915561075,0.0,0.0
886088500bfffff,2024-01-01,pune,20.891164607666916,13.093193502153513,4.536746773715356,14.062463131600492,160.96958156730625,0.16815211823023735,0.3833914470441736,28.192979517850908,40.98788257367797,0.6305716072724276,3.044903077642381,247.2734967908747,0.3351307777915128,0.2811997891985467,0.10227136898832598,0.2983438738970547,0.06346566714141635,0.9263022537642053,0.0,0.0,0.0,0.0,0.0
886088500bfffff,2024-02-01,pune,25.405294622456935,14.259416112971202,12.324717656167294,4.279283342867729,256.55651722543354,0.06648985221354703,0.2381216528266773,27.58670367100692,48.832698534350115,0.6577774442566238,1.2692815820185825,190.50228074394187,0.6911398846527674,0.10670343851462291,0.13596719156744672,0.23363090020221416,0.07127568151406383,0.8912861270731167,0.0,0.0,0.022071279786213528,0.0,0.0
886088500dfffff,2024-01-01,pune,20.688353820336516,11.28624211055314,5.063874951383016,4.7043080231985055,166.46920258821208,0.22795185160742326,0.36139278446246137,25.607472826787497,44.076306142986056,0.6106115194243114,12.00911036355749,160.83174960393413,0.40740193657117585,0.03151606186177836,0.11603226434439604,0.2925308855019564,0.10420141136123726,0.923744150515038,0.0,0.0,0.0,0.0,0.022251221001128526
886088500dfffff,2024-02-01,pune,25.393069682319148,17.73000930736064,11.305304863053818,3.798424784143499,254.17056467126656,0.14269006537817785,0.31899398965485154,31.17149575658387,47.95240743526432,0.5568738443772949,0.6012753585365671,78.27964819535737,0.47475046662921766,0.07991283173689777,0.13229735475004745,0.23328326417435505,0.10328308354358441,0.9171448494647931,0.0,0.0,0.0,0.0,0.0
8860885011fffff,2024-01-01,pune,19.681287578334832,13.181355433912044,2.081804609281077,1.2239450963898904,225.99487796002575,0.1522846764209873,0.42751102780538597,21.7992443754723,44.35899727674517,0.4419574924551998,6.462179249985119,156.02456728922502,0.3341454575470513,0.10803729593796663,0.05947827707531428,0.264115445245648,0.11420719200036605,0.8977258721511211,0.0,0.0,0.0,0.0,0.0
8860885011fffff,2024-02-01,pune,21.301394974730897,11.142883976788939,9.391838900225554,0.8485108619855325,238.87005493135908,0.12014599235543984,0.3126302957892071,24.2647020602501,51.01292107197551,0.13998277788549213,5.746016797946572,41.347055673532225,0.6117909021086626,0.2586864887944181,0.1287530301569239,0.2633319999182617,0.10847621108897137,0.8738370607749443,0.0,0.0,0.19914785307174296,0.0,0.0
8860885013fffff,2024-01-01,pune,21.710610068106778,10.839982848295147,10.232670940617261,0.9610759430363138,193.50347209938906,0.1757696591172373,0.39341530309979245,29.441000325762374,46.223023145813,0.2764804777484282,0.7093988326113233,99.60820961376385,0.279102282823584,0.16810103015961328,0.1579697466179091,0.3274299656258034,0.07678361719024668,0.8456319029013575,0.0,0.0,0.0,0.0,0.0
8860885013fffff,2024-02-01,pune,24.087865679673904,12.181296974406257,3.11560590022602,8.063387502270714,244.63695702693764,0.06079054353015681,0.3190303017413407,31.853268848958717,49.88620597685158,0.2159517766027775,4.803989928990122,73.28636882154558,0.49792485939687314,0.006130049319868309,0.12490910793168897,0.2672568748643181,0.10549193159527998,0.9123313675602539,0.0,0.0,0.10763662214440431,0.0,0.0
8860885015fffff,2024-01-01,pune,20.009045980299913,10.731652623749163,1.8614292979106917,1.966946293688145,211.6325528042689,0.17761425635882286,0.22084270618129045,27.978069375790756,56.751561251607754,0.767819407627306,4.970665316682155,291.1879743558893,0.4812216532659562,0.3428208313470992,0.14808962040969692,0.24731242245246443,0.21349217544672974,0.8775444076101199,0.0,0.0,0.6652373099006352,0.0,0.3098095943715137
8860885015fffff,2024-02-01,pune,23.17211342387623,13.981630175384122,12.179521642809998,2.2314011481245655,264.44273309110343,0.12525958902523368,0.2934035222271461,27.542756231637036,53.24161465486166,0.8766773636681439,3.485022572830749,147.61238465073072,0.5619154792463462,0.008537619709377848,0.11886652895113888,0.2877040991405014,0.14412234954841963,0.852223015543752,0.0,0.0,0.3801612201708474,0.0,0.22463007276050792
8860885017fffff,2024-01-01,pune,23.13136658518635,16.37345701259821,0.4122019866826111,4.803485371708984,194.05176721122993,0.20201265456312112,0.35968673797449596,26.357229809716323,43.7103045113877,0.237867218443129,2.861534457126507,168.02469000226645,0.5148325468008376,0.10540848659441222,0.17742897180107295,0.2164571745750401,0.1444696375792225,0.9198167371122116,0.0,0.0,0.0,0.0,0.0
8860885017fffff,2024-02-01,pune,24.018355903726807,14.723432782037179,1.1039521799488972,1.5178509016166188,218.85729057247582,0.15912761303039166,0.31111857473805604,27.163930424610644,53.143642875679596,0.715689767668012,24.988517786486316,187.29332324896563,0.47970887627084174,0.257480451274545,0.20296565176764425,0.24317933331527422,0.08551065901408728,0.9666475956480298,0.0,0.0,0.37220400175077634,0.0,0.7459762290632798
8860885019fffff,2024-01-01,pune,22.172773483769866,14.315514809294326,11.382518082074924,1.1004142505403596,198.50889074655174,0.2161745411622734,0.28520064668269274,24.22794520024342,46.8897294282747,0.6756606682544348,2.0384078500023124,169.40895563738195,0.27945749383835905,0.523756241869996,0.14891962509988807,0.31134067954116673,0.08177174206579099,0.9323935289349062,0.0,0.0,0.0,0.0,0.0
8860885019fffff,2024-02-01,pune,22.386769600987847,11.91140343027738,15.926229051140986,4.3097031586541,254.51044008502802,0.16916790804255627,0.28578506163393774,26.701582541019604,43.33064027568054,0.3115759716279817,2.4794971905754744,938.5426724869383,0.7580808659333038,0.24009568722576202,0.12165921259083143,0.25452858052172267,0.11485119803444245,0.9144271919644434,0.0,0.0,0.0,0.0,1.8539459185273433
886088501bfffff,2024-01-01,pune,20.555833724087474,9.434345663550534,2.4041519366754165,5.668333220306282,181.36966854826503,0.21254335358717757,0.44529692705266405,25.130922768603604,49.013632926018346,0.5373248832479179,6.147752225034497,320.5751684365103,0.20094147073030072,0.17933463016369022,0.16189967692524268,0.2659105979242256,0.078491942464616,0.902925538068199,0.0,0.0,0.036766679688375895,0.0,0.0
886088501bfffff,2024-02-01,pune,22.59176478846458,15.164983436233543,3.71947401897366,4.543736250681778,266.29820566750254,0.09674109510778897,0.26162510435639114,28.06786543020585,52.15625594142606,0.6600666621879063,0.5621177917813285,78.12267465100607,0.09481951338234791,0.2637764490368109,0.0743873464818489,0.245042441711318,0.12311387722669928,0.9078070171551742,0.0,0.0,0.29200893367531666,0.0,0.0
886088501dfffff,2024-01-01,pune,25.025056005639705,13.590464596310596,15.557825696848278,3.1058461096383825,200.85564281340146,0.20572330926501517,0.30837929859000085,28.096051760379027,47.52331810631665,0.8154469725699626,4.0556875796790015,47.16262867553657,0.12074229358484086,0.010394199886403275,0.12384763565174632,0.2834509528921684,0.03657927415533434,0.8941857862129593,0.0,0.0,0.0,0.0,0.0
886088501dfffff,2024-02-01,pune,24.138476170774776,18.352311239900224,61.64251671497652,0.5,257.9819548894511,0.10751663158306242,0.16826239774094165,27.114196170576935,49.607297167017805,0.7219040946260437,2.9273414257176174,5.964845100659653,0.37530186946259453,0.34370394442696445,0.1317452890448679,0.2973683882070398,0.10911376142006438,0.8901296776559329,0.0,0.0,0.08498378948526623,0.0,0.0
8860885021fffff,2024-01-01,pune,20.49036422355608,12.17297221336082,4.409155078693626,5.76678261677261,223.41417854565665,0.23020341205666822,0.3153393630893565,25.676420788486812,27.172668886439546,0.2952114672743972,8.965961022542585,310.1121588284805,0.5872704844965448,0.047079214842248994,0.1569705726992356,0.2789881321392402,0.09553504775532279,0.9162037034820111,0.0,0.0,0.0,0.0,0.6292989045075809
8860885021fffff,2024-02-01,pune,21.95941540642521,10.33682567721983,17.803119314372776,3.6531246678632936,257.2215520772613,0.0611363200688079,0.30533072691927493,27.29224390902429,51.83120318183028,0.07561177639612864,2.6849848159189866,171.62334609243948,0.4929184040231399,0.35706583582002205,0.18654030906257452,0.22122628208206882,0.11584070700439207,0.8931400707809072,0.0,0.0,0.2656083127236059,0.0,0.0
8860885023fffff,2024-01-01,pune,20.843773241094006,10.089014907342726,7.211468558984788,0.5,180.2046926217276,0.1764536710825237,0.30963921784721465,23.716741452736155,44.856635078388,0.33548318333311794,18.842831714888362,259.679731336346,0.4152241327739558,0.04183714711321704,0.11360128338747355,0.23898072664915904,0.08371752693726628,0.9472273988210821,0.0,0.0,0.0,0.0,0.42298316360590277
8860885023fffff,2024-02-01,pune,21.734156527489674,14.16312173901417,7.643836311620124,3.938970605531352,261.5012881544869,0.16471866877119937,0.2591795382222038,26.790999465889183,42.37158538685693,0.5363892117661874,3.4733356140115643,414.1020866926591,0.569119627988208,0.4168389963980086,0.13024458781468504,0.23033989835493307,0.10977854818986418,0.8819239107406037,0.0,0.0,0.0,0.0,0.19203962007056863
8860885025fffff,2024-01-01,pune,20.659710162613745,13.709577458772912,11.505139207075201,9.56473218095607,202.30874913564537,0.23753011882491348,0.34685656592079916,25.03300729666002,53.391008374008194,0.08230897195274665,1.4810037864036276,335.4385483648537,0.4395864179194888,0.15855650904096577,0.09362551997154786,0.3087085543606205,0.06026742918117412,0.9238341469332939,0.0,0.0,0.39229490258184657,0.0,0.0
8860885025fffff,2024-02-01,pune,24.998348672930327,16.90656589053833,11.131543133704847,0.5,259.6955420356422,0.15017941606830756,0.3339309223196738,32.92077341698403,62.88893621427893,0.39867946189583997,3.6231017528228597,548.2858852190328,0.4378644924912239,0.023109411724780846,0.17300895722739204,0.2725828205010588,0.16822909648704593,0.8637705139954156,0.0,0.0,1.1637118044088395,0.0,0.974021962573199
8860885027fffff,2024-01-01,pune,21.78442222204267,11.189134608019472,37.77116518846838,0.5,199.28633920792797,0.13353638252510008,0.25939152535301696,28.73406927244698,52.226485188486606,0.4002477664306607,4.841867669669293,102.54935392992766,0.8336126898744997,0.1678368808767938,0.12921408168917559,0.28986400099828236,0.09710936890206809,0.8853728270000899,0.0,0.0,0.2977129176491036,0.0,0.4487150048985777
8860885027fffff,2024-02-01,pune,23.200801196773476,15.706846096700184,5.1854933070548705,1.2270024809264726,279.1267618476599,0.13228388322419332,0.30499523434724063,26.531211653518987,59.82855639371494,0.7096104977221238,3.0466856717510913,110.8124521478254,0.014427252408563164,0.3587318193294023,0.14830378798425062,0.28586917940716894,0.08481335602031888,0.8658852278410801,0.0,0.0,0.9151493011664452,0.0,0.0
8860885029fffff,2024-01-01,pune,22.920325612921655,13.04947320538632,7.217958982498455,3.4365526227891134,206.87460629816286,0.20820992315981768,0.4076361982552327,29.815995533484156,46.310155925067505,0.38580873372205166,7.708986266527418,28.271406455002072,0.6476117142087403,0.1089705249453952,0.12929814796973452,0.3001035359464691,0.13384873278915155,0.8363452669063437,0.0,0.0,0.0,0.0,0.40854890844122344
8860885029fffff,2024-02-01,pune,22.655141602976656,11.988808268332367,8.954408498698692,2.589074193068651,274.74011898717913,0.14945078163641562,0.33796373830182913,28.964853838748223,49.30831410332002,0.48528778242930815,4.17190545257718,188.37442640298983,0.2334673877689861,0.09479685157069445,0.16052922128469602,0.3010703785322568,0.0699412166836191,0.8938878301022684,0.0,0.0,0.06070053606670642,0.0,0.0
886088502bfffff,2024-01-01,pune,23.108982205578123,11.689427783054429,3.8522488311707566,2.028840077537525,190.63634093831197,0.12749715499317696,0.3197564110891486,27.94604463903398,44.112929743326305,0.7656982670614108,6.093288998520925,49.325717388768446,0.5557329457774913,0.34419050442172794,0.11485184455441604,0.2370933908202569,0.11294893951836195,0.8774764704519981,0.0,0.0,0.0,0.0,0.0
886088502bfffff,2024-02-01,pune,23.562529756095095,15.631267379244626,6.539612946707472,1.0457558264675715,257.2118636246233,0.13013335620043134,0.23152743079493832,27.670049186340087,51.09954258327967,0.4298542669000666,10.372839524234607,1084.7326157504283,0.24128845910081315,0.02080574202535264,0.0912053340359326,0.2785064309154438,0.09609809634765022,0.9274198725194396,0.0,0.0,0.20618320846773863,0.0,1.5483214448958083
886088502dfffff,2024-01-01,pune,21.24235508353536,15.85957616893548,3.782173740122344,2.1511452126827884,225.54638106656296,0.22411100857139915,0.32939323207986326,28.347422956710417,45.47479945156956,0.4415925317380786,1.5223619865697935,676.2276107525649,0.34182228461479286,0.1209819952562537,0.18404138297612904,0.23647743449331834,0.1470595072417784,0.9105497753157441,0.0,0.0,0.0,0.0,0.5278252561330172
886088502dfffff,2024-02-01,pune,23.727979658535695,15.05143268097215,35.137770713579236,1.6593010243882924,253.97405735459304,0.13527811826842726,0.24262559995235045,30.043569721062493,50.841912991088485,0.45253905168247477,7.281820630363534,17.718510980126037,0.7520352798412464,0.14909531264405065,0.14810937712574376,0.21145957300505563,0.10378302940052994,0.9523390591587724,0.0,0.0,0.18525866311749603,0.0,0.0
8860885031fffff,2024-01-01,pune,22.070114549626712,12.420882342290195,1.226988594293886,2.105291222952,202.99972169779386,0.14434924633965532,0.34850000365005035,28.22042305652124,52.97122154310454,0.20121777615055733,8.327547449108584,659.2360396455819,0.2163736564150003,0.11374625897172985,0.11507094931601558,0.2551446835003806,0.05162494688460181,0.8821798839463496,0.0,0.0,0.35820002820825514,0.0,0.3132655466386345
8860885031fffff,2024-02-01,pune,22.57680068602398,14.916733465926043,14.594840791858967,0.5,244.0093327033738,0.17405194541474603,0.2861128079134847,29.636229615778046,50.350071021757486,0.8117807474884122,5.205550937486407,307.6842461240198,0.2581321270912817,0.22569539551668205,0.10271266152764347,0.341933724778106,0.14588654159044265,0.9241430713710668,0.0,0.0,0.14531150679555527,0.0,0.0
8860885033fffff,2024-01-01,pune,21.806020855116017,10.12280799301352,13.066160505927776,5.120933524223496,209.42756323078902,0.22269570480094225,0.32961404191302374,27.995948280107104,46.65323731740929,0.5892376340770148,12.915647167590517,103.52495799310847,0.4268063565562248,0.22419267896048575,0.17415078414035884,0.2557126565138197,0.12443242520610318,0.9052563565559264,0.0,0.0,0.0,0.0,0.013943519775063858
8860885033fffff,2024-02-01,pune,24.64281490835122,19.230335910248158,8.803436110423586,2.2616952936201984,243.54732184915,0.0866945927157613,0.25404178840022973,30.787521416712472,41.293573980641995,0.5336387912298901,14.919732549450023,637.1721288788585,0.2794403386706599,0.4349551195122551,0.2226968326939065,0.2667657762506068,0.0815231883082633,0.9625674810742069,0.0,0.0,0.0,0.0,0.6139557019189298
8860885035fffff,2024-01-01,pune,23.779011271860174,17.899274150065388,4.084295674558426,1.1205545250316007,192.82653237150998,0.1757374760192665,0.31209285773873624,28.95223507295529,37.44393720530244,0.45718267702674054,9.482713337150633,95.87585434577515,0.5434549469016113,0.1383448407020329,0.0887964950999084,0.2920626298042205,0.11064236982587039,0.9075156887131707,0.0,0.0,0.0,0.0,0.0
8860885035fffff,2024-02-01,pune,25.37713046780243,18.519931843323803,1.7650301478734418,1.5642259001989243,250.55449991096532,0.10002923864372203,0.3359000668526381,33.34844029693386,50.11758832434605,0.6440067540917984,11.965721438681285,284.24223615585,0.19747262533370682,0.34469125892039537,0.13172115910365162,0.25738256334693255,0.10485625646538488,0.8559317036025733,0.0,0.0,0.1264293795377428,0.0,0.0
8860885037fffff,2024-01-01,pune,22.530538485032796,16.08213513291106,10.416968055368761,0.5510658921826206,219.7296115571448,0.23074419937244897,0.2549085076797504,26.53327245177121,47.42115833910749,0.6836778707784197,7.235107242591363,409.6302297676271,0.5617756318504045,0.01702783935264754,0.16577043770606434,0.26367373859309967,0.08633382352175945,0.9391021987276248,0.0,0.0,0.0,0.0,0.5808493110553536
8860885037fffff,2024-02-01,pune,22.40708899921793,13.863673848231018,1.6610522749620298,6.060251739729715,236.37287765253814,0.1110294526663387,0.1752775733391566,29.276816144042527,45.201359924224306,0.6752981525954269,14.170751047731114,52.557737600752255,0.10488795868019332,0.21185212571118403,0.1195640150782575,0.2308910232471871,0.16539651063325483,0.9423008990939923,0.0,0.0,0.0,0.0,0.0
8860885039fffff,2024-01-01,pune,24.199869684076088,13.025012522726094,3.773074775513901,8.019454312539672,241.1526846456536,0.2117974938836245,0.2917886190949186,29.166217182937505,44.45132028453964,0.8513802831481943,19.686197787099655,522.9499274833156,0.20604881179126747,0.1560493369136635,0.0802230451934318,0.2670748063423587,0.0939233316519558,0.9102837009524247,0.0,0.0,0.0,0.0,0.6680811202983126
8860885039fffff,2024-02-01,pune,24.973436083096356,15.556778605605684,0.994656412860093,1.902323334643695,260.3705413775291,0.1447600901052397,0.2611450162706122,31.669957499252646,52.52223985616663,0.38025221554812316,0.0043834088319567345,416.47640341462846,0.6274311270802225,0.18339035597524625,0.12897256263769652,0.2717167970690749,0.07906956305311218,0.9256133150787765,0.0,0.0,0.3217339623737486,0.0,0.11667306962611018
886088503bfffff,2024-01-01,pune,20.514200164490124,14.970360156389514,0.4291334835799223,0.5,223.53129790953577,0.23315155227533874,0.32739996951708633,28.122505268558168,45.18497848015642,0.7688314054719549,1.2851373757150397,181.4349405782508,0.14765515970108103,0.034778676179282764,0.16331516129526732,0.2799176636225127,0.1600498007659,0.9113985285140032,0.0,0.0,0.0,0.0,0.0
886088503bfffff,2024-02-01,pune,22.157332814153563,11.982929145301595,4.3755001081742515,7.454967233062683,232.13026969333208,0.12278009093025609,0.2938257998290503,27.595402642768395,60.178852516559836,0.8839517182873416,10.274239113492579,617.2894139145608,0.3765239549430408,0.10888728308397906,0.1211610251102824,0.22727892661767973,0.09307929485328917,0.9127634509095496,0.0,0.0,0.9436001753309422,0.0,0.7035147705286711
886088503dfffff,2024-01-01,pune,19.113682720401485,8.884798096871094,3.390136261059911,6.8842496379075,217.3089546494926,0.1713862006052004,0.33439811939454434,26.193373191557953,50.433457384096954,0.33862834611118464,0.7158022692570266,1132.359163720181,0.3932749502951262,0.15709205979991592,0.11638753171837923,0.3027670039714218,0.04921361679446392,0.8911211873216998,0.0,0.0,0.15208410502669747,0.0,1.353381892657078
886088503dfffff,2024-02-01,pune,19.385785983778042,8.934698197581971,7.731207522775184,10.044410198769926,241.82458448222079,0.07782446377878907,0.27417250645404284,23.9482650831808,52.36685255111385,0.8025675679226547,6.605319363118197,613.4307358975964,0.43160040128773486,0.450028789803905,0.12694883868315363,0.3528571131697218,0.08928725436169914,0.8562299395816522,0.0,0.0,0.3091134839427777,0.0,0.7798762701531023
8860885041fffff,2024-01-01,pune,20.01922159931288,14.857795021588544,36.66717317514956,0.5,217.72312168240012,0.1956254902438425,0.36469641830056976,25.612547773220637,49.0341487547108,0.5128268712358286,14.574012480256973,19.223426906084608,0.6972233146589548,0.1861045156200939,0.12752813052098516,0.2629046927996783,0.1278933840123823,0.8687529330312754,0.0,0.0,0.038432964932325786,0.0,0.6580995981974824
8860885041fffff,2024-02-01,pune,25.176119188111887,14.231331324903923,16.253127919333107,1.188249907434717,232.39402557164672,0.11862203477360327,0.2793206126708443,31.8028264204703,53.175433012537034,0.2880245670371542,10.71004402428083,88.48823486380734,0.5693377517009206,0.2787042034263903,0.10516630337936311,0.33234435925118255,0.1743001133992582,0.8937703591446404,0.0,0.0,0.3747859806092852,0.0,0.364712203759841
8860885043fffff,2024-01-01,pune,22.67088253051408,13.288079131132143,3.765063147992885,4.396655493458663,212.2063181119035,0.23598291494490958,0.34015517682178664,28.707442979712944,40.083256584281735,0.571105291600033,1.2421445558817403,9.432570851490826,0.48053184709771757,0.19310544641060115,0.08827156055972366,0.27097068459363255,0.10777071425881708,0.8749849092137862,0.0,0.0,0.0,0.0,0.0
8860885043fffff,2024-02-01,pune,22.233698957183876,14.594295723147724,0.4992975492151467,1.3028738474097086,247.28189104808862,0.13439149130130965,0.2514236304322367,29.27026887704542,53.911372760900875,0.7898162551904409,18.36225604242068,46.91243197948505,0.37033041479862033,0.34553211951635354,0.13802028078747577,0.25778061619970166,0.09834209241438388,0.9333966569033124,0.0,0.0,0.4345586352516047,0.0,0.0
8860885045fffff,2024-01-01,pune,19.279466539689913,13.261473474643084,18.973628077060503,2.564705211209328,207.07775278242724,0.18760517723099862,0.32566822332192874,23.60985976334516,47.6900105967838,0.3053888114937639,1.51364482385887,92.21500761510714,0.23699151720672637,0.34680799454571754,0.10160332578808123,0.25983919157362245,0.06445525862299348,0.8901545671545731,0.0,0.0,0.0,0.0,0.0
8860885045fffff,2024-02-01,pune,24.252476043397245,16.264033599657868,12.807991529323896,3.046690690336135,258.5402464961566,0.11259108714055707,0.30362356725633327,28.570685546827576,46.84364525259481,0.46458439627442716,5.583720510031993,421.43246630994895,0.47526047138246297,0.03916152215396427,0.09587504874167846,0.2651695594964112,0.1108536955836977,0.8766510401846522,0.0,0.0,0.0,0.0,0.4633927517453372
8860885047fffff,2024-01-01,pune,23.285276435175266,14.851343588642164,4.411829542314607,1.412240869338025,196.35594239256284,0.22445989354976897,0.36645639942681674,28.445666503002208,57.1171032553748,0.4434182140839961,0.2600985086224436,7.649481772364623,0.47330742463665704,0.5099878862874613,0.11044140626496926,0.27589216627861224,0.05309304823430932,0.8675540299786414,0.0,0.0,0.6949264468130051,0.0,0.0
8860885047fffff,2024-02-01,pune,23.241261587183313,17.891747028553958,27.414222524145686,0.5,250.8843179013672,0.13822975966645443,0.35142679129804955,28.52759933659543,43.390771027272976,0.603697077411076,5.661681972498745,585.5041279880426,0.28104192250789733,0.2769359543075738,0.09766072236190965,0.27070148525241516,0.0487513720711513,0.8769754565241299,0.0,0.0,0.0,0.0,0.0
8860885049fffff,2024-01-01,pune,22.12895048790668,15.49286622569771,1.2188422858997967,3.120885757815654,193.36656767328023,0.18584756408904785,0.354243740879812,25.914304558866835,48.19147458186835,0.1738918880821511,8.29636710790857,814.1728857046669,0.6021606573601481,0.1318694427825603,0.12003283166407369,0.2538019362880781,0.1503090621385456,0.8346192978569675,0.0,0.0,0.0,0.0,2.0823284405987588
8860885049fffff,2024-02-01,pune,23.79313418704523,15.125516815314652,2.519719412974361,0.728695033255095,246.8023457099949,0.07128695631230031,0.28352018441367005,28.34912403269087,59.845043197431,0.4722753788163565,21.602414501357508,502.56373953191536,0.06740532826882119,0.08227365367541246,0.1295768787454729,0.2908116425268459,0.08064800672241856,0.8641941447604059,0.0,0.0,0.9164883510368549,0.0,0.7554596719565649
886088504bfffff,2024-01-01,pune,23.25161211575717,18.0811702683841,12.061896932858566,0.8535795750801775,161.73854578988238,0.2676077136732623,0.3858734349371671,29.896202217887392,52.86512088581695,0.6004885779738119,1.2636219718865505,472.16410621722713,0.5299294732732355,0.04046314352523022,0.14812009772468074,0.2815583867978251,0.12691505024716476,0.8585507269218287,0.0,0.0,0.3495825864143123,0.0,0.6917323323961801
886088504bfffff,2024-02-01,pune,24.87461119801488,17.369557902037208,5.779430651387556,7.952456174592287,256.6434768844194,0.08885694177425837,0.28933319555941356,31.683493291838474,49.46743674535738,0.28642324300311345,5.770774237950428,156.03549012080805,0.23029899648387644,0.09035472292700286,0.0887823395473891,0.27271674184321865,0.0637248715484395,0.9128033480756238,0.0,0.0,0.07362439668086414,0.0,0.0
886088504dfffff,2024-01-01,pune,20.801344614525703,11.999798162982849,6.74326586933441,6.827747886018908,188.79300801007204,0.20282075841261188,0.47020033680641765,25.7215161472504,42.39931644160782,0.45478419652574126,9.768317447403337,145.8183466075429,0.2952041954210458,0.03213198286383611,0.1504181830801561,0.24066801316056927,0.075351004252422,0.9143040124429838,0.0,0.0,0.0,0.0,0.0
886088504dfffff,2024-02-01,pune,24.968828497113634,15.843060101657208,0.6043352431385733,0.5,238.79291764742305,0.0871503833863532,0.22718547851911672,30.012610662785306,65.4918140648384,0.47024982753682215,26.35771850490537,304.89839001291637,0.25760188186418437,0.34668353029073556,0.15218116081777372,0.2827659695762159,0.0821005477197494,0.9026210134881104,0.0,0.0,1.3751162287296133,0.0,0.7219707788714413
8860885051fffff,2024-01-01,pune,22.919112122791944,11.699775155078047,5.618277897696158,0.5,213.85553061353804,0.15834707121259445,0.4566931628112717,26.595366197779047,45.35623359564562,0.48736887177717336,1.1750730231506261,298.685678806713,0.11228554687353248,0.08805254056923383,0.16969058481666588,0.25663103894316747,0.07156508415942169,0.9148513863160679,0.0,0.0,0.0,0.0,0.0
8860885051fffff,2024-02-01,pune,23.214390319530807,12.388659608569231,14.892308456200173,3.5268337624044666,250.56365948840397,0.09546370163731334,0.2923803541885072,27.17257969080446,57.60815303871783,0.6026540575487458,7.850056519550383,467.0510404339337,0.06379701246090631,0.05434012908701602,0.11904716988749421,0.30319267648101017,0.07907535502237385,0.852594350791625,0.0,0.0,0.734809262189132,0.0,0.0
8860885053fffff,2024-01-01,pune,21.838682161194207,15.63890805939979,9.476032359211372,2.421817312649809,226.90111806067117,0.1658297332652245,0.313997407105621,28.017051801169938,41.51930574560565,0.501589113710206,0.9250654875855617,120.60264108350931,0.37296942651111054,0.018285287003856388,0.1248283159147068,0.2111892957624658,0.06441018321120343,0.9176828008981388,0.0,0.0,0.0,0.0,0.0
8860885053fffff,2024-02-01,pune,24.82915682206665,14.848945057106192,4.235473493035247,1.4967202510477828,233.23980932569768,0.12460826066762525,0.3546772042633502,29.77876085695725,46.103489932119636,0.31679045591930727,7.750365432339814,64.71107572803461,0.18359168713914187,0.061499671495266826,0.09888724110668048,0.2951295137185203,0.0682353707198047,0.9329163563642379,0.0,0.0,0.0,0.0,0.0
8860885055fffff,2024-01-01,pune,18.789340737403244,12.704869284248149,2.001059562444064,2.364421645329254,213.98648159852195,0.22201456435738354,0.2991530412436183,21.687228828507415,52.499389776894205,0.590620583257557,3.452823434567309,222.55690263788765,0.43294778750541074,0.06016869145457986,0.13114760778081835,0.2598289025892162,0.08371702227944192,0.875453430881207,0.0,0.0,0.31987809047671306,0.0,0.0
8860885055fffff,2024-02-01,pune,21.38597901441491,15.920729362077328,12.596491141385112,11.232282849420146,236.58572531848367,0.15406923581192458,0.2834035693303576,24.608269778962786,47.538045785160584,0.30809169977111095,17.87946115790473,84.49194529197321,0.31090508187637955,0.13924702263247576,0.14810430113034204,0.26105629779219724,0.09351301560804272,0.8717647474404915,0.0,0.0,0.0,0.0,0.06446622682931663
8860885057fffff,2024-01-01,pune,24.459471127867317,14.853056143331882,18.34268667614852,1.4698058537379683,183.59681802702613,0.18712994941982017,0.3193583938382837,29.299602930698832,47.30020434522028,0.22909150766236208,3.008093841131589,260.8934508712355,0.547559924246246,0.09003861439126704,0.12960523180475061,0.2928916831833958,0.09428430974653358,0.8637444909452046,0.0,0.0,0.0,0.0,0.17051634323453843
8860885057fffff,2024-02-01,pune,24.194883874455023,14.361276726487231,3.178112882500845,2.0671772423976327,264.9523091114245,0.16279712929333792,0.26858444187974534,26.60904010769891,49.98577752651035,0.3275432980874429,2.6044351420057383,482.9451463022475,0.3975685656134607,0.06557927143032476,0.15102076151651345,0.3109210046493382,0.13281335983326645,0.9412073223368648,0.0,0.0,0.1157237731145565,0.0,0.2532735396020149
8860885059fffff,2024-01-01,pune,19.898804376237912,12.889719346888223,5.376344790265963,0.5,175.07968389919904,0.20891156905655234,0.21830970456863752,25.948607009868617,32.08767945810818,0.22579135471819867,2.8297380281981717,74.78312149360595,0.478891091214209,0.21011260501130194,0.1709840007910096,0.1968531879637348,0.10588902464177023,0.9225821475094442,0.0,0.0,0.0,0.0,0.0
8860885059fffff,2024-02-01,pune,22.759413056682693,13.45195104688191,4.763159250484007,2.127161362366925,276.25222065713484,0.15431662075302066,0.3537865727660527,25.220363380043814,47.97904391984627,0.5308206511557949,27.604463668121166,188.59783424632025,0.823965437009995,0.023114774134596776,0.10904906362463125,0.2581782593678025,0.12812007438480844,0.8698855118974134,0.0,0.0,0.0,0.0,2.265368045649763
886088505bfffff,2024-01-01,pune,22.764135855398333,15.752362626988331,34.42752736729854,3.12139021094759,222.57804374257051,0.14828006732448162,0.39362225418704205,24.944232404743396,39.045863651355546,0.7080777566932641,4.352898153631799,1990.2952984581789,0.4075932200539944,0.32474116249986273,0.0921280299661078,0.24203510250607532,0.07453814234966846,0.8995766859419557,0.0,0.0,0.0,0.0,3.3425547085340086
886088505bfffff,2024-02-01,pune,24.24991193730627,14.112991788468559,4.804914092789719,1.7229586933901555,259.91745510685934,0.14383919426472275,0.23123308403458143,27.889557296086565,51.18106167946489,0.5425946655679588,10.73847400885209,48.90962957703378,0.8469216129026864,0.2160885446346453,0.18079423273970613,0.32510893647957917,0.14208666740247994,0.8969117373162602,0.0,0.0,0.21280414828498007,0.0,0.9864668635753464
886088505dfffff,2024-01-01,pune,23.67070410178467,13.419667659693204,29.698391288158234,0.5,202.56113025589087,0.23443670685345788,0.39994082514773766,27.886765474866543,44.74823401488911,0.45406595675595374,6.510057467160585,178.3758666127236,0.5220907918675091,0.15036095946064368,0.15525357505710477,0.27490540864337354,0.06607234656622157,0.9308482535352899,0.0,0.0,0.0,0.0,0.0
886088505dfffff,2024-02-01,pune,21.097338334652726,10.860205261581392,6.8323475378557585,2.8349449770418147,261.90508350972806,0.13924234807244829,0.31115974375026667,23.098481373267756,54.97559470659705,0.4201681036472928,5.651123373853296,386.5797318171343,0.4028040116243994,0.13108476858534648,0.17610586026521496,0.23668237765839867,0.06983612194845171,0.9413060226046325,0.0,0.0,0.5209942041474233,0.0,0.0
8860885061fffff,2024-01-01,pune,19.97531908253507,12.850167220273832,5.22137045492904,0.5,211.06733257925993,0.24025578049166815,0.4368143960745609,26.055672378960068,33.362425231483954,0.21887810945313213,1.9589665275382238,4.208094550340915,0.8739758769060246,0.13165314247703766,0.13493190540553587,0.3052792369236087,0.12830462601023335,0.841657073080722,0.0,0.0,0.0,0.0,0.47601147621735573
8860885061fffff,2024-02-01,pune,25.16734949028522,18.353407911263837,11.500209270826314,5.316051763627188,261.91295583425523,0.09860155530645574,0.25264956021076423,29.724314886954343,43.334957334020174,0.4272637811559463,3.579891831496975,366.0623510008795,0.6233179206367263,0.05276099216843092,0.1347204475202169,0.24169905862981586,0.10797146999483365,0.851100078494831,0.0,0.0,0.0,0.0,0.6548512562175327
8860885063fffff,2024-01-01,pune,22.70406901274488,13.92782565341604,5.365851743524679,11.70268463604938,209.3087316376028,0.15471560207672874,0.3504664180300422,30.065338053140394,45.5320511649714,0.14244522305093707,0.14382959279683258,144.00047100507663,0.5404296122955223,0.02088315803424815,0.1510550752985076,0.2961643346312888,0.09664422212197697,0.9255414700044167,0.0,0.0,0.0,0.0,0.0
8860885063fffff,2024-02-01,pune,25.08244136243779,18.858246070432983,0.04115349052172117,0.8429362198784542,251.82375344539753,0.14346055317065753,0.17781883939255977,28.638886368028977,49.4923979958014,0.5153178763402978,3.2468875874648115,156.29955736701385,0.7958568965318091,0.6330690310780411,0.13346981950481868,0.3000402920413758,0.1365276901661336,0.9036188344229903,0.0,0.0,0.0756517368341143,0.0,0.09944862830368
8860885065fffff,2024-01-01,pune,21.396036441413344,9.446147368453762,39.22860916609063,4.798003111454031,179.7571292464406,0.2476046469466367,0.3163831016612867,25.408413475036518,44.4102518632339,0.4798001172722974,1.1708052240840519,566.3973569189427,0.2700160600458815,0.002711322326868154,0.09682096674304919,0.25909125620130724,0.05173049869749678,0.8773703935855881,0.0,0.0,0.0,0.0,0.0
8860885065fffff,2024-02-01,pune,24.40515828161611,12.763575466627987,3.7409295408541885,5.939617774616613,216.64956053842775,0.09997304563636425,0.17317729899852224,27.061306590146256,52.45711648717762,0.5572033395706468,13.904629415908657,135.89237027693684,0.39113509843172956,0.005467307361050714,0.13231847622295195,0.18017219297494155,0.10981299775802689,0.9034389848113615,0.0,0.0,0.31644467523797676,0.0,0.0
8860885067fffff,2024-01-01,pune,21.414314998468793,14.225292563727143,15.163153559275326,0.5,206.7881242182707,0.19292273057441578,0.2889895189176749,28.140629805070894,44.393987686626225,0.2735990699355916,11.757713631263693,939.0597588129716,0.26362212493356557,0.1892855322203613,0.10499562472650806,0.23310541420857964,0.12915041773755967,0.9113644205884623,0.0,0.0,0.0,0.0,1.3225012224427073
8860885067fffff,2024-02-01,pune,23.163792624266765,17.41176063587735,0.8228289433705905,0.6069120155950872,257.6043490336835,0.0939574457141065,0.18073020878187956,26.54164843524824,46.539962254521846,0.36977581908851237,23.945965094611935,226.10592348503545,0.20099868958966965,0.048733449220146136,0.1826887876203186,0.24470369264881284,0.054419316175016025,0.8880917616677402,0.0,0.0,0.0,0.0,0.4366349907322475
8860885069fffff,2024-01-01,pune,18.413419203912085,9.728424606091934,17.537637214407347,0.6907325521822332,203.39271151544847,0.17386193546486228,0.3250209815345222,25.87038169005681,46.89424323710054,0.2371639150157898,4.373573222118297,779.3953067714754,0.380799145117683,0.06492184506199448,0.17748550113747624,0.2682309914955256,0.16850062456386175,0.8991012439423828,0.0,0.0,0.0,0.0,1.256957264669237
8860885069fffff,2024-02-01,pune,25.93714206479701,14.966249175213997,9.418705760814449,2.2185979354557994,270.83515187590774,0.1500107389816897,0.3185406841435855,31.25010071736908,55.00212074621486,0.8292117868680923,19.28440657260711,692.2592553390584,0.16868208695016948,0.0022595559325306607,0.07259003946157233,0.27496413755569543,0.07495737650087878,0.8994063028859157,0.0,0.0,0.5231486356870008,0.0,1.047567465144301
886088506bfffff,2024-01-01,pune,20.682484761967352,15.16572077751384,11.749889042588732,5.366581573306844,193.38583972001666,0.14609751593176046,0.4200140834119248,23.453824679112962,46.14093943668442,0.33391502599005646,4.008790634266894,134.72490474511702,0.33206392546426905,0.053959212482222255,0.1307336940234877,0.2806057894697688,0.05139864741093867,0.9133467955029803,0.0,0.0,0.0,0.0,0.0
886088506bfffff,2024-02-01,pune,25.64583176819213,15.86515273457196,0.2663042872392389,0.7869701003519987,238.75490838947405,0.11379421669465786,0.3324027481173041,28.02285118580004,59.269509436230955,0.33152725600952904,1.3154246357367256,28.317662377546803,0.366388615697577,0.11843049139632947,0.13300364964197597,0.3521640133959271,0.10480459980671152,0.925182859768211,0.0,0.0,0.8697437896516504,0.0,0.0
886088506dfffff,2024-01-01,pune,23.005791032832605,16.765174532144187,22.109514298635684,0.5,193.2948250240437,0.20978779547284024,0.33235428940683537,26.046137794884878,47.23110634891799,0.8615367470721553,23.178428902195044,1182.8420734738122,0.286155455219942,0.02669401932433861,0.14186471236774592,0.29584274346657885,0.12809623988655772,0.842885863245763,0.0,0.0,0.0,0.0,3.2619162629145775
886088506dfffff,2024-02-01,pune,23.241182661250825,17.29788954001493,11.69220881360304,1.2217094240071367,255.69066923350633,0.11164764135414959,0.24703905187669972,30.46523794156032,53.41155964096018,0.7346016261867198,4.691161186059421,670.4082652700682,0.39705583761969926,0.06390298501889269,0.11279454303956092,0.25900701011086597,0.08864443350701681,0.876107074866386,0.0,0.0,0.39396406610333606,0.0,0.7230773080082493
8860885081fffff,2024-01-01,pune,20.84020113237084,12.788849604647252,19.79569780092539,1.3290689729556113,208.11708643633827,0.18564959870656972,0.36489498600736586,25.617682455438924,47.55130306587489,0.29239399724792225,16.66421371540433,910.4261596244271,0.9159386453727908,0.246040997627674,0.19833633245255733,0.23996294897408577,0.1323401890197746,0.926347194355601,0.0,0.0,0.0,0.0,3.2036125666096757
8860885081fffff,2024-02-01,pune,24.9291540382113,19.750382864686458,21.026609893202068,11.040978923454205,226.67837324669608,0.1598699187740116,0.2441312858076972,29.68919020408923,56.3968238245086,0.10646935749236798,3.260364051449817,159.66326480417007,0.5262075113796062,0.26418391375635397,0.13868584977062517,0.25210644625377054,0.12007921623968029,0.8952396784391302,0.0,0.0,0.6364257152478897,0.0,0.0
8860885083fffff,2024-01-01,pune,24.429542362437598,17.32537669861983,26.396611942793307,0.8181092472121761,215.27600009204613,0.23620149260336154,0.3272604651690613,29.3352140389579,48.23842907403956,0.552826051982899,9.576717315622655,78.96244453075359,0.8227490001980953,0.10342346167859272,0.14714075880364585,0.2786733484760225,0.0372053550788867,0.8775861185889154,0.0,0.0,0.0,0.0,0.5586743777905807
8860885083fffff,2024-02-01,pune,21.202315637463528,9.449821556242117,4.094687793111696,8.05511959247806,245.1126504283237,0.1620668856178083,0.20562030014085114,25.282784497149397,49.66399655396077,0.41684274319069586,23.302768256276565,261.7084095997318,0.5084474903419962,0.13289140840020752,0.14660977596951041,0.2629398473909536,0.09527088949129892,0.9142897775331038,0.0,0.0,0.08958888505417366,0.0,1.1364520999042438
8860885085fffff,2024-01-01,pune,21.008016415586695,13.88408432943569,6.374179213505188,0.5,207.7492145184522,0.21428629026654378,0.38635137614701065,25.889299286564757,34.17322206513445,0.9187025534125306,14.96973689404275,46.9012764070715,0.16200771054955873,0.20151682379725283,0.13168613430064782,0.21996696322321516,0.13402884510165378,0.8770821001509221,0.0,0.0,0.0,0.0,0.0
8860885085fffff,2024-02-01,pune,23.791300287110253,13.370930921766721,16.461778131668797,2.805121381788708,273.95299213490944,0.1277174861870348,0.345195826840702,28.691704881273047,54.63221709368377,0.06981948462720824,3.8352740772509097,176.90353690512512,0.48088414754747955,0.22866101736332906,0.07028951998671608,0.24820656605958363,0.0768148166683576,0.9301230543836917,0.0,0.0,0.49310524786506427,0.0,0.0
8860885087fffff,2024-01-01,pune,19.044410176216036,12.049385465155405,18.371777167978316,1.6044471490051162,211.98596677758766,0.19986159064057327,0.32794894062194363,24.264446428568302,46.12607368107097,0.38513257674879364,9.157458542089842,9.424965991246212,0.4057435887124193,0.024763902268550936,0.12084247895600393,0.2608252894781479,0.1452546631635854,0.9095944637382731,0.0,0.0,0.0,0.0,0.0
8860885087fffff,2024-02-01,pune,24.08141290869569,13.784562925541316,5.455028420214573,4.178464962975917,256.64068269154126,0.09651023521185788,0.26724408971571495,30.15524297338807,45.810573910558034,0.5892222364256691,0.7480739643468477,499.28911137649425,0.5023702491743121,0.28804773369891246,0.1380519672384649,0.3004966164817472,0.13045350956451304,0.9443526588775928,0.0,0.0,0.0,0.0,0.16571095055043766
8860885089fffff,2024-01-01,pune,21.25024301614615,13.790148505002078,14.28093119279871,0.8113401034024932,198.85898925354596,0.2336473486406475,0.4054892474294572,27.19511077397872,46.09596530050791,0.6172274365144822,3.632044032399891,225.69278314508603,0.42933576440959187,0.10655221455218918,0.09716279199890542,0.3040176322144522,0.08403197290838096,0.946250118937066,0.0,0.0,0.0,0.0,0.0
8860885089fffff,2024-02-01,pune,22.352486881206612,16.9775106601375,21.502854223663487,3.845091478547152,258.49250908701123,0.14071518675087413,0.3368811449076053,25.672336996792232,48.88908655613689,0.5379568400268189,2.05310089538934,71.19629031200007,0.17700164065401763,0.1824689079220597,0.19429046914832016,0.2912597266632936,0.10852047115627875,0.8969441674524568,0.0,0.0,0.02665108643440419,0.0,0.0
886088508bfffff,2024-01-01,pune,23.38902702474254,13.448070228705843,3.9007794890098992,0.6230058622921584,180.71086553939148,0.17124880635405948,0.295226703083717,30.60061038025678,53.61200685940768,0.5859113055253538,4.118748019054665,101.61683581593721,0.15567071793297743,0.14115641454501124,0.165139667141608,0.279580544020931,0.13791186104299744,0.852381597474124,0.0,0.0,0.41024428794067114,0.0,0.0
886088508bfffff,2024-02-01,pune,21.724492306208898,11.527387812687675,4.695019129938267,0.5,245.5030802442222,0.13830823528018565,0.32817356801356046,25.50217706179055,43.39189888859642,0.3268562909375962,10.67222159213194,692.3928878664532,0.17605322758316902,0.04887473927815887,0.09343721111082717,0.2383395475660242,0.05979444334422288,0.8420266197521424,0.0,0.0,0.0,0.0,0.5991844638121325
886088508dfffff,2024-01-01,pune,23.80011611082568,13.865290537006134,0.6005754553869012,4.367702313468625,176.97092777972875,0.17660034019307255,0.3928144846656926,29.54086128574351,44.29295213695691,0.31938204881222304,7.304166251218604,79.38657555352071,0.29644038539520456,0.2427315206823226,0.09745994070473588,0.24148220458574615,0.0694805605835086,0.9059855328785207,0.0,0.0,0.0,0.0,0.0
886088508dfffff,2024-02-01,pune,25.361626964220253,15.92729135126017,11.099121996691089,2.5389010891874326,266.271244519517,0.16837641522837188,0.24967231571291917,32.457330276670255,53.55733595984102,0.16666472834349816,11.88421983612381,35.03612561437736,0.4373147923071083,0.14262109735699818,0.20518168087271205,0.25791131599838446,0.1038072064043868,0.8789730195619033,0.0,0.0,0.4058039450918875,0.0,0.0
8860885091fffff,2024-01-01,pune,22.096178445323233,14.986912301395707,16.23716138068253,0.9287692752336989,224.36171080403358,0.16390340661729885,0.3676222042214639,26.435427477624764,50.354059679975094,0.4024153533740843,1.9587092272608162,574.7550832122378,0.23840837649659177,0.17952573320916,0.1550930834861659,0.26090904438844187,0.048152836847539494,0.9371903544686981,0.0,0.0,0.14563546360133628,0.0,0.0
8860885091fffff,2024-02-01,pune,24.18002955198687,16.47606657636917,22.33416162811303,4.364637122870988,253.87072726737136,0.1492461818235693,0.13413200522516994,26.751725535907493,52.54688197515299,0.384197176427133,10.593280057440213,362.75023837351966,0.19379743989866874,0.055737679871195864,0.1781322165533855,0.30971476469726983,0.10982217356557511,0.8779577016098264,0.0,0.0,0.3237353828312,0.0,0.22944611258073674
8860885093fffff,2024-01-01,pune,22.191937978729612,12.523762447538171,9.344407850047618,2.1863818974973652,195.36622160169682,0.17566499331733507,0.37350141582560614,24.224229153444874,42.20024399014484,0.527646624116885,17.976743506463524,582.2264729120338,0.5256469920652759,0.1371712531231478,0.12120621084984821,0.2917129794866186,0.08946479664080044,0.8581547130635034,0.0,0.0,0.0,0.0,1.7686017182241407
8860885093fffff,2024-02-01,pune,22.991307812473547,16.308358137682816,7.991933022758824,0.5,236.7953809596261,0.16115701788906048,0.2991135123073298,29.49581284657082,52.929599247374355,0.32442609347795454,4.012289188232215,221.00662893856062,0.0422378105361999,0.5906778049119621,0.1869952701061144,0.27968417383800254,0.0796018374150507,0.873854311520542,0.0,0.0,0.35481948637227995,0.0,0.0
8860885095fffff,2024-01-01,pune,22.126543784531208,11.127995011983218,29.2732605379758,0.5,190.01948775011022,0.1776288202505152,0.33300768599144087,27.544415205076238,49.710639702839174,0.46375453438571673,3.05709466717462,77.34395947980094,0.3269565877733678,0.0286485605294365,0.10780620518271741,0.27461769796472335,0.10244327351346046,0.847856883561404,0.0,0.0,0.09337721804683691,0.0,0.0
8860885095fffff,2024-02-01,pune,23.770849298103933,15.45916438644029,14.283553070363675,2.1234328021440594,259.4711360336413,0.10287520278114107,0.2483371928847145,28.265790237145232,49.461868048266254,0.27076029779809885,10.601334391049294,146.95082427231804,0.08469602001326501,0.03749079754455751,0.14312390954311122,0.27151106511130896,0.07847266566936062,0.890166404429073,0.0,0.0,0.07317210991584631,0.0,0.0
8860885097fffff,2024-01-01,pune,21.673854299927523,9.887368004395574,22.2684084410455,2.491070517175936,184.75308296495834,0.16944434690455962,0.3468007998573052,27.12121545059985,45.39576115486169,0.6059334006270357,0.17653169801394922,81.82829137345976,0.7731386523802161,0.05237031176040014,0.1615906116957515,0.2745838554548789,0.12070658781060202,0.8360678259919098,0.0,0.0,0.0,0.0,0.35363052080143303
8860885097fffff,2024-02-01,pune,23.906417978588518,13.282081538006366,8.874637705354854,3.2384873424049596,231.70911391029443,0.16790263801487226,0.2615633177874292,26.26763369979886,51.06086959736841,0.6926015050980855,4.024392043997358,315.9283760084291,0.09202105532079087,0.2723414301902991,0.10288995314710545,0.2548514327143643,0.0549252952818038,0.9113586018816714,0.0,0.0,0.20304220808557383,0.0,0.0
8860885099fffff,2024-01-01,pune,23.86520668447893,17.196268124732192,4.741851622654524,1.817906677188316,174.70928606751295,0.2558484723377253,0.24786158689251775,26.27746274602563,43.93787856830108,0.5775630469935671,1.8236070976660104,176.55113175834572,0.486583526069969,0.12165319251338981,0.12081787462259112,0.22749320411410667,0.0873710426521277,0.8509291481897728,0.0,0.0,0.0,0.0,0.0
8860885099fffff,2024-02-01,pune,23.292898898298894,17.256178269129215,1.0297511135293338,0.7906070729962522,247.6819079074502,0.08690215279384608,0.33602848457170365,28.46196612896096,50.16280275287042,0.6440152937993392,13.609848077383008,134.41991036620655,0.22549025310162024,0.01922954634151749,0.16043056010888157,0.21081397292700815,0.15286820651913172,0.8421708331257232,0.0,0.0,0.13010167258489175,0.0,0.041020708628630116
886088509bfffff,2024-01-01,pune,23.20366171486063,14.1190245065426,17.57477852938835,2.5086494311958036,205.5634898131587,0.19422040919373992,0.4286222663295818,27.935871601852927,42.57246733515114,0.7433882397856154,3.0305608833316335,171.91329611786207,0.49154285326752584,0.13993591996763594,0.13626226497245394,0.26233417921159813,0.09410483037539324,0.8437688681400838,0.0,0.0,0.0,0.0,0.0
886088509bfffff,2024-02-01,pune,21.10357008903288,13.185772015916378,0.5616702873995798,0.7123924571372575,246.0089968065752,0.11043468301800853,0.34530160877909266,24.06978101070495,49.32789486655481,0.4806839238697451,18.329480128357464,955.4632001200022,0.25482973754393334,0.15011459595781412,0.1429575767299422,0.2387459470800684,0.10409732424509804,0.8336447491381148,0.0,0.0,0.06229087576648216,0.0,2.084494172889439
886088509dfffff,2024-01-01,pune,24.18107359135294,17.99960806396367,1.8011236930450236,13.861560026642222,173.49748107686634,0.17477098174028446,0.34752673595360617,31.21338598688723,44.64055034727652,0.49125842180791884,12.766082736915317,767.6809543278966,0.15893504442251263,0.1422646516590966,0.03917558811798631,0.31344909081486494,0.08957092457999587,0.9497658061339386,0.0,0.0,0.0,0.0,0.5420636531115123
886088509dfffff,2024-02-01,pune,23.33834562023423,14.948512468963939,24.82936352324358,5.432637666361353,257.48762069880047,0.16530823568897518,0.17156458633473526,26.346804871305235,52.02738312105919,0.34222219091796047,4.879345710240591,357.6896738389093,0.358502018491101,0.3794648136045119,0.14844269980749097,0.2907562623221858,0.11754910990565587,0.8796873096841411,0.0,0.0,0.28154194829819024,0.0,0.0
88608850a1fffff,2024-01-01,pune,20.774232681000473,9.995855470553439,12.031244167348005,2.5117834571664472,179.37868714433637,0.2079376988814084,0.3250674838655321,27.656293221566354,34.03348160208147,0.501099505262693,7.954388360953228,695.5658201740741,0.3497146689305095,0.019989573844876127,0.06704866116652664,0.24590662543699754,0.06688740852012726,0.9331470436585928,0.0,0.0,0.0,0.0,0.5088640412444531
88608850a1fffff,2024-02-01,pune,23.359603778008697,13.774679736830446,5.841442149949872,1.2034909428709069,229.21814100589972,0.18456425261124798,0.36248974381995425,26.767232397991695,51.28309827327951,0.49654993455791757,7.219027731893952,302.7950517428658,0.3669084224383345,0.07352756146412268,0.10315395366705071,0.25993692929908657,0.06162974337218563,0.9052662727312832,0.0,0.0,0.22109150889638848,0.0,0.0
88608850a3fffff,2024-01-01,pune,24.107597276429956,13.203487069964305,0.9183313672836911,0.5,199.33596260260825,0.1879904072580328,0.37016276474741666,29.81499867654692,45.49522759026065,0.3980275246990697,4.386451354589759,226.40947625013575,0.4131141320808728,0.4128039807461573,0.09111788643879687,0.29353535577651463,0.11132857177625592,0.8678815591823787,0.0,0.0,0.0,0.0,0.0
88608850a3fffff,2024-02-01,pune,25.08748122255928,15.75634853653222,1.6775755079362107,4.989989534804638,263.09677406334237,0.07707566531298597,0.2642635170349774,32.01377807400596,52.61881037768768,0.5633946988277349,0.29096878659441877,444.880407023282,0.4265515928324982,0.369859464984993,0.13779526584362065,0.30846857848012205,0.0793851978523557,0.8763386783844583,0.0,0.0,0.3295773713543612,0.0,0.0
88608850a5fffff,2024-01-01,pune,20.05138477680944,14.962275936768716,20.299050820161717,2.2600075233542993,212.68570906908343,0.21601622233323295,0.3951359355878645,24.793480286308064,38.107542432035956,0.42691972894204344,0.5510908755582858,659.460509255018,0.6217464554137244,0.20611602987280306,0.10263768372518875,0.3347982356062594,0.11319828725210387,0.9045190791584596,0.0,0.0,0.0,0.0,0.9576683922528703
88608850a5fffff,2024-02-01,pune,23.355502060938814,12.472933634399407,3.8747648480780654,6.662802864797479,250.97364490708006,0.16040771890709513,0.25448654073790056,30.789269149090877,47.83273824644836,0.49552305064755725,2.7950652958881346,525.3542019876105,0.5396904207822558,0.1803503967236435,0.14073820245019614,0.22638352708158582,0.05031874136817742,0.9190378107163439,0.0,0.0,0.0,0.0,0.19760889960783076
88608850a7fffff,2024-01-01,pune,21.073624881431314,12.02644736807463,10.320018766248944,0.5,202.4042797841398,0.15741217694269016,0.3560930631130728,27.521173434511155,54.262658454572865,0.7634593399391502,6.653472904576022,55.880570750948294,0.12701478792004767,0.0948998726924675,0.09137905831101903,0.25784612710439403,0.10823955880420603,0.8543888257352518,0.0,0.0,0.46308988185885064,0.0,0.0
88608850a7fffff,2024-02-01,pune,24.277191179567776,14.394392167365005,5.760342336178141,8.789214699390564,227.89399696444897,0.0773417090192011,0.26447185941828366,31.00266010868563,51.82871399133882,0.647558931209832,1.884217420256385,322.72355547547653,0.2423708075947606,0.1293133251139324,0.1429489693978651,0.26482701377294704,0.13518177184251556,0.8952010584588448,0.0,0.0,0.26540614192916867,0.0,0.0
88608850a9fffff,2024-01-01,pune,19.33943701838533,9.541721664581432,3.4599227443354392,3.1684485158983424,214.52720492879104,0.1751361404195156,0.3003530158824088,23.114240935431855,47.94491374928213,0.915575193779295,3.413558073594019,295.3377608221877,0.45471309829164047,0.020639126584296643,0.1369291978202813,0.2722532431337492,0.1115379515756344,0.8541774694837958,0.0,0.0,0.0,0.0,0.18356439086231033
88608850a9fffff,2024-02-01,pune,23.965123691539983,11.995054848387117,2.4170634654881846,2.126872370411231,237.73577920569213,0.16597679353768421,0.20749224930834884,29.930840460804117,56.66962808533955,0.3446104464488012,19.260070882524076,1383.9917957534199,0.5641992980692058,0.046447695259483494,0.0829740797531081,0.28931127719740884,0.0882638435183503,0.8311735122961548,0.0,0.0,0.6585827395203984,0.0,3.87966010172781
88608850abfffff,2024-01-01,pune,20.306777697150412,13.116403779458409,5.586562669752514,4.496678953438209,206.8397153910747,0.1941683927181757,0.4105460605131545,23.527161046138392,53.32357827808784,0.45174924074593653,2.065505125337707,265.5501253507748,0.7673698679882811,0.6022939305710859,0.10433755007115514,0.2877178289657437,0.049849657126257135,0.935860907876622,0.0,0.0,0.38681826424982735,0.0,0.0
88608850abfffff,2024-02-01,pune,22.614920568227326,12.005650204410742,12.4155648296754,2.424391796864955,252.07940622758667,0.13081686860673486,0.2360265587527455,27.870897811271902,51.89443327662215,0.6387127423268357,4.7744070875601965,195.18804043548056,0.562593205563582,0.4322956208576717,0.1446936219111994,0.267294907647921,0.12766327235536984,0.9239951930821333,0.0,0.0,0.2707438290853709,0.0,0.0
88608850adfffff,2024-01-01,pune,22.037152053103917,11.286217257930367,17.675517647475715,0.9737081395347951,213.97987334686508,0.2038206045046278,0.2448869487668534,28.842539507375967,48.88905943466299,0.35338842173736335,0.4147626435376501,123.05139749421028,0.2825309244710657,0.022543328950055886,0.1039040149751689,0.2614634132002198,0.12109691281090737,0.9319148496882751,0.0,0.0,0.02664888364199296,0.0,0.0
88608850adfffff,2024-02-01,pune,24.93680993466191,13.62805872372193,8.291524610746798,0.5131533469644088,249.65620942322522,0.1355241827943225,0.19213352702646758,28.665027571693955,49.11336051831688,0.7808386701088367,7.307894279344233,122.64046325999888,0.44880831855926057,0.03957180881585567,0.14567242758102442,0.24207342341282945,0.07265277515402965,0.8798458310363765,0.0,0.0,0.04486650436291321,0.0,0.0
88608850b1fffff,2024-01-01,pune,23.008829635109567,13.791829754529804,1.4524792338512227,0.6488258918810811,196.1314646516892,0.22118556256561736,0.4345086035890122,26.678949376963427,42.487269430896525,0.12185685606891646,2.270826182338807,332.97525468797903,0.19254981470221363,0.2271189852521133,0.09222755931318763,0.2766198111985241,0.11609328296074058,0.9210313668390193,0.0,0.0,0.0,0.0,0.0
88608850b1fffff,2024-02-01,pune,23.006165363185207,12.312501066041452,9.330921300017195,1.0942764384844696,249.57305733125887,0.08729431254656635,0.2765026893286656,29.330523888046308,44.94185936146246,0.7241349101414625,7.579900761244636,291.9477306316707,0.31502112389289316,0.23028931103077444,0.11670855969209187,0.2348396874630289,0.1085579369495136,0.8952008815827662,0.0,0.0,0.0,0.0,0.0
88608850b3fffff,2024-01-01,pune,19.280968689567676,8.04455382083178,4.6469931154590185,1.0843079798115092,199.4443109184416,0.18439374106841033,0.3083412858794268,21.590204637807787,37.724554124985715,0.33146214974338106,10.861589284756802,967.776123791902,0.17402484883307223,0.09570686929088709,0.1070675400504156,0.22309749066343315,0.07332280881459649,0.9258287354043131,0.0,0.0,0.0,0.0,0.9334994381602866
88608850b3fffff,2024-02-01,pune,22.588330399063246,14.069285745181466,0.3239215928716177,0.5,268.98852631045224,0.10218946865115476,0.28191726850641635,26.416408622697617,46.07672143071942,0.40081859853084645,1.9131290148948352,158.74082883128838,0.35719549948920476,0.10303708952956854,0.13329026005254954,0.21564115210107704,0.09584031530738815,0.912053722424737,0.0,0.0,0.0,0.0,0.0
88608850b5fffff,2024-01-01,pune,20.11829526551189,9.577798630763946,20.361680722536644,1.605568108165777,203.59424210125735,0.10676556220502585,0.34599885457604956,26.062774519205583,40.5506835807315,0.2509056612536914,1.9105895321978617,295.06957644819715,0.11860223949614145,0.39367680397373933,0.10882072639145576,0.2450327422250681,0.12571891110364,0.9098229507007694,0.0,0.0,0.0,0.0,0.0
88608850b5fffff,2024-02-01,pune,23.501986532289607,15.5334540375997,8.69011274312694,0.5,265.0224201951586,0.11007555275580932,0.17444922793815493,31.3341344790362,45.946039336962755,0.6373172247140707,4.492808411486232,1112.8038981352113,0.5320995476720182,0.24867984134008508,0.1396114798989903,0.21382005497281587,0.08319632314073037,0.8911958446806911,0.0,0.0,0.0,0.0,1.7777226814955043
88608850b7fffff,2024-01-01,pune,21.240723864817948,12.884655309825947,6.0993663307674755,0.9476396625027825,216.57296047345105,0.20019568282497882,0.307392430859072,24.830991147422456,37.76643253633096,0.3299434511020603,7.039474147750023,167.18198469732835,0.1378451411207389,0.1970284752925626,0.149048955525655,0.28094659454792187,0.1230493101986144,0.9117079531249397,0.0,0.0,0.0,0.0,0.0
88608850b7fffff,2024-02-01,pune,27.09820491377608,16.557962801239444,4.400315729236579,5.587054598252342,234.51339613616773,0.10416471587035994,0.27307937824648176,34.142562919403716,47.30352451170841,0.4418708899363234,12.742686114372631,38.732976843429526,0.5151521145565651,0.26877505618633685,0.057642646599439545,0.21097240473706233,0.1357950319035435,0.8610030978773041,0.0,0.0,0.0,0.0,0.0
88608850b9fffff,2024-01-01,pune,22.392172576426017,13.589878917821219,5.283627977667338,0.5,192.37041654120074,0.1886098661363173,0.3938879500991354,30.182912948229156,42.63708367939129,0.5670335684398957,4.760164627350052,171.84509460514505,0.608038781653568,0.3390819806740478,0.06241403125727027,0.3089690502904952,0.12578918304163417,0.9035998239377957,0.0,0.0,0.0,0.0,0.0
88608850b9fffff,2024-02-01,pune,22.997249330310453,15.950156816229153,15.269342507042708,4.104039340358776,251.22109672061097,0.14639737915856021,0.3261205401832409,25.167283960838336,57.43654382881218,0.4335923998376656,15.46998951262039,233.71364331483488,0.5018985495889768,0.0006362997534573569,0.1539425977526565,0.2717242691089492,0.09575427942863048,0.8941050944463395,0.0,0.0,0.7208712488396201,0.0,0.7718473939093013
88608850bbfffff,2024-01-01,pune,21.347416378408326,16.06052671719131,5.2249246126068165,2.485074112805604,210.23179575198597,0.2592169487976334,0.4042475193934013,23.460195074158907,40.95625366706216,0.18974188011853965,8.893902494875183,829.1421880540703,0.47774763148600796,0.39088607968406053,0.13815632012950357,0.29108504273260205,0.08280438999912218,0.905427259082336,0.0,0.0,0.0,0.0,1.2675499193949318
88608850bbfffff,2024-02-01,pune,21.773148649914674,11.241929275128342,32.2119196677311,3.5915398978259603,255.98627112943447,0.12679411461365608,0.21707753167652805,27.44687497549317,61.28871439281872,0.39123537913179085,2.2186192008028676,214.82375737513226,0.15879640916966342,0.17887339654092527,0.15222258587083443,0.24578029958148911,0.09204217524590973,0.8749284531537393,0.0,0.0,1.033742596334545,0.0,0.0
88608850bdfffff,2024-01-01,pune,20.447085297532304,11.983013638273286,1.4130131096540446,1.729094073829081,198.80416532058683,0.21901295497629197,0.25277929092587276,25.12066567692477,49.87646263668755,0.4959031346845128,28.989963920825694,141.51339050576095,0.4798080516215014,0.2843487450252912,0.16173727199212212,0.28182771309179844,0.14471534675323328,0.8678412472853284,0.0,0.0,0.10684527297759841,0.0,1.4490104336296008
88608850bdfffff,2024-02-01,pune,23.870411843674006,15.561230512080222,19.000807117714494,3.0411240360382035,277.2815529451533,0.14800076990871827,0.23462980024965774,28.022922257118516,48.05891304311115,0.4759956945484033,0.42635990605496915,463.8808615141918,0.24593533652844174,0.11909072925222385,0.15421330581580817,0.27772643883460607,0.11158418690311843,0.9368687951137806,0.0,0.0,0.0,0.0,0.0
88608850c1fffff,2024-01-01,pune,23.542503239447093,12.026939428209072,1.6399033897224746,2.3346996632468953,201.6100556716324,0.21978185731127553,0.32425268705373106,28.73770735771601,45.102952621058655,0.3053198471262877,3.0092002704167595,264.43213722618094,0.20742069942579283,0.10961686756590856,0.14423876895630627,0.264486713992117,0.16351445695084094,0.9176523948390396,0.0,0.0,0.0,0.0,0.0
88608850c1fffff,2024-02-01,pune,22.418146511568892,14.842256836279862,3.3994322453727244,5.47897352129175,282.5024846075458,0.10550138910834664,0.2203212724228713,29.929231438480752,54.34822120160527,0.19207830003887394,17.455071408839594,307.88198477936805,0.3359266765186964,0.05601095313231984,0.0842143725142709,0.29879693256646184,0.1296496245187337,0.865945347665791,0.0,0.0,0.47003924495547134,0.0,0.7781819063117724
88608850c3fffff,2024-01-01,pune,22.056104583405002,10.26349717266516,5.158979507894127,0.5,204.6234960598137,0.1808709515515205,0.4032742872914528,26.486047294380718,35.55610079447571,0.5436559759495344,8.477310514599058,107.25102277673312,0.6078771673916907,0.16647340330601862,0.1789758161477282,0.2522690404116403,0.0700920229338383,0.9259417420993635,0.0,0.0,0.0,0.0,0.0
88608850c3fffff,2024-02-01,pune,24.5233527712575,12.588299103209366,2.7747501327272523,6.583730804413314,242.3818534621938,0.14509598673842805,0.2718067420555554,31.622252340164035,59.07676039744931,0.3265395601243043,25.352844924505508,207.53414480654993,0.32760269016077637,0.04703583307328302,0.19317553552636813,0.25356249246093426,0.1311007105721116,0.8816967407637588,0.0,0.0,0.8540888100784613,0.0,1.111807533280667
88608850c5fffff,2024-01-01,pune,22.326717685110374,11.212145651164509,2.5820271935167547,0.9937547888258758,233.8441355087718,0.20435649007656034,0.29121147826729465,24.91313804511634,43.80794304144916,0.47578131350969655,2.27569421827345,413.066087320091,0.2806092308252442,0.2609589134983654,0.1447525267879293,0.2656644574453028,0.057858060032723736,0.889989949814704,0.0,0.0,0.0,0.0,0.0
88608850c5fffff,2024-02-01,pune,25.227666895281818,16.562695550846612,6.026435225420012,0.5,245.27424760484126,0.10695524838361856,0.23849695513161903,30.633422446124044,46.53842439901326,0.7306413405727691,1.8872307699709914,91.85176580984164,0.044501245521740666,0.13465913450568914,0.1077847418032639,0.3031973361749957,0.11947435053949591,0.8853346346799685,0.0,0.0,0.0,0.0,0.0
88608850c7fffff,2024-01-01,pune,22.65938262618454,15.349565064122599,10.563204472508334,1.483916755835839,195.34166444852434,0.16093137562359178,0.218825758129261,30.56648403355385,49.13542390747409,0.46528608429602575,2.4907047914705562,78.95370529136476,0.45012315478040593,0.13948744354690215,0.15570996935893605,0.29861307980807766,0.11330438753712675,0.8837659476518472,0.0,0.0,0.04665848168614546,0.0,0.0
88608850c7fffff,2024-02-01,pune,22.740981314618953,12.512336899973945,0.7650161024590771,3.8307993163919476,251.89427812552094,0.14920543784421833,0.3240401588268483,25.638899924729202,58.835177372199674,0.6345153713154567,7.9958645718564965,457.7639752972746,0.7044817521925144,0.13073699122682175,0.125263480916624,0.25282391592295195,0.08625067677508659,0.8800489352680747,0.0,0.0,0.8344675587901638,0.0,1.0962730548923312
88608850c9fffff,2024-01-01,pune,21.221909248697944,16.146011352584516,7.245452448712944,1.913724685764636,221.82113979744787,0.19951792803658774,0.41874358110052423,25.916004638363376,45.13000206225176,0.19618577212383928,8.207395464651709,463.94070758420645,0.4554085713754468,0.07632198560841902,0.15843703006945337,0.29408209887783004,0.12934052598671258,0.9120631731387704,0.0,0.0,0.0,0.0,0.7716624418438149
88608850c9fffff,2024-02-01,pune,22.19188397708813,11.868022589247566,4.489866633633022,2.2742686563353187,244.0377880780669,0.0921350316215703,0.20239037632922244,26.858004663334402,57.59202113250716,0.9043447185245557,2.965523829089911,14.297005594372099,0.2672927752542298,0.14739678271354206,0.10418175546230399,0.26092087211203646,0.0666304069017343,0.9050282964351805,0.0,0.0,0.7334990369148536,0.0,0.0
88608850cbfffff,2024-01-01,pune,22.367669220758636,11.437947286772422,4.385615003996524,0.8896136425111669,222.38484187702676,0.17540514358228645,0.393200428397342,26.395939966635545,41.47068237188469,0.6341369503515597,9.747427775265809,15.410992000592055,0.3967737558326721,0.055458071868229694,0.12028289820609525,0.2595175636600434,0.09523150946207107,0.9177182026621448,0.0,0.0,0.0,0.0,0.0
88608850cbfffff,2024-02-01,pune,22.194019138564833,14.95411449189613,0.2387210566933989,3.5613946398495027,234.7732240652518,0.1160818940998317,0.30091783340329226,25.87785409317887,46.908918414153035,0.8948197349101482,37.7806452658281,338.5036889606618,0.5688036430194595,0.007327102665511167,0.10860766759572718,0.26284728304389393,0.09693413760807233,0.9189228116008715,0.0,0.0,0.0,0.0,2.400185515837463
88608850cdfffff,2024-01-01,pune,22.725970185296678,10.890393176916625,5.230703163457692,7.147602006506144,200.62272112653903,0.21222897998082954,0.34259605265029514,27.326950711703894,42.84000126967069,0.45720582649249675,14.895880254261996,27.766802651779184,0.5988880471218251,0.40863876815487254,0.14607598226617705,0.24423233363862656,0.1200072036953938,0.8658494495427547,0.0,0.0,0.0,0.0,0.2676217905367567
88608850cdfffff,2024-02-01,pune,19.304971645879462,12.561388638907346,13.611708415748094,0.5648262220649158,250.26441147465636,0.1298569735053309,0.3642674884756009,22.061506727482687,55.21723542444773,0.4366304261844594,6.209375868633113,244.0585202794937,0.40365566570997263,0.33614275359771684,0.10162156569373536,0.2532683561418219,0.08746647069387524,0.8755217091786537,0.0,0.0,0.5406201411996372,0.0,0.0
88608850d1fffff,2024-01-01,pune,19.059122793466226,9.102951224274525,2.696875956159829,5.219128049571654,187.2995925311709,0.18344506527022847,0.2943282588987833,25.984245936715638,42.272688768876606,0.7794146488885092,12.675013480391367,296.9352636380107,0.581864204938958,0.18284788163102692,0.1193097391107845,0.2817649541288555,0.11680920258891098,0.9366245368132757,0.0,0.0,0.0,0.0,0.6416767192853926
88608850d1fffff,2024-02-01,pune,21.255480598886482,10.420475427269666,3.725259416997896,5.660701327462572,268.59948134275714,0.1316562479602613,0.3753277587278195,24.891080560143575,58.69178492521341,0.42520838125883886,5.740713098133251,63.88355365123798,0.46224379253839193,0.37934847986402565,0.1122696953268984,0.296718556818323,0.10819397507046785,0.9240854035647322,0.0,0.0,0.8228212966728067,0.0,0.0
88608850d3fffff,2024-01-01,pune,23.648682649418454,12.279773985430616,18.032205702322536,3.2701302959159273,199.527294948239,0.1764216541491923,0.3485313985226726,27.990623365624366,54.45204203582551,0.33704316270645673,10.233965312822756,700.5645018081814,0.5414869733586407,0.1295785184844399,0.14758000510396108,0.2706712341798506,0.09050866262262924,0.8758276415585897,0.0,0.0,0.47847152067141163,0.0,1.5335635414282178
88608850d3fffff,2024-02-01,pune,22.977409600733118,15.02650898006426,18.725756519283458,8.739505134773816,241.0754866934516,0.14656700059123007,0.28580520384387453,28.541164656517132,53.782839599766206,0.3864224683310466,0.3102794043047691,414.9374129345563,0.20886505051723378,0.07921454665957638,0.1608427786075865,0.29961810008950873,0.09194325009267779,0.96237498521344,0.0,0.0,0.42411923682575675,0.0,0.0
88608850d5fffff,2024-01-01,pune,22.944168456542666,16.382475829357176,1.3081193907401198,1.7478929182014613,186.43160428492757,0.1749706554508394,0.35517857542918285,25.734707719270492,46.99645695622728,0.6771619698924228,1.815852443995934,941.1888461331022,0.45955695642816025,0.10070493542834058,0.08520921850382951,0.26693121613824766,0.06424699162867968,0.9044001990982169,0.0,0.0,0.0,0.0,1.049342139805769
88608850d5fffff,2024-02-01,pune,23.279944980520078,15.280118974726703,1.071184875244236,2.750819886547789,254.53240727805908,0.14110290201019607,0.25447792227232435,27.336382651910746,58.91738100548697,0.6975556739341435,2.4586034218218082,374.5231974709729,0.5951454240673955,0.43936357694755607,0.12439029442917944,0.25064348372625295,0.13447971508279602,0.9040026841372596,0.0,0.0,0.8411440963650798,0.0,0.11249716960797428
88608850d7fffff,2024-01-01,pune,22.360991676851445,16.47804728119696,4.096016836235398,0.7896294674801418,197.59042133932968,0.18818679213310285,0.2902483114092843,27.973245469844883,48.94097525768299,0.6222998439171018,13.754153271400286,379.2459569665684,0.28125717145340556,0.13232382267789067,0.06295709811945019,0.23825329353669988,0.08456117124172607,0.8954547804120646,0.0,0.0,0.030865460565233326,0.0,0.07788017895151257
88608850d7fffff,2024-02-01,pune,20.806755530203958,12.389942758993364,2.962519952575175,0.5,235.55549162561616,0.12125070862516098,0.3001917622172687,25.863470683991352,43.43334153261307,0.8220672675833662,4.3470066480133385,310.65542999909786,0.4001875970093188,0.24676825366340827,0.13743914925252748,0.24648874010653465,0.10480462367292448,0.9220693417268397,0.0,0.0,0.0,0.0,0.0
88608850d9fffff,2024-01-01,pune,20.736339283664268,9.852218634083165,11.170658411821343,3.4891416715772197,216.14760922155133,0.1657347083960962,0.3809718318045358,23.59192849065905,45.71927039833372,0.3032049530292963,9.626241955054471,109.60620438925268,0.5459413692392524,0.2504362490927449,0.1125919288291547,0.3017011477750844,0.10904986854287017,0.907907557296,0.0,0.0,0.0,0.0,0.0
88608850d9fffff,2024-02-01,pune,21.116470254319196,11.791687889360444,2.4801708095095982,0.5,233.663323421754,0.15833975167323758,0.3419388962872753,23.203784553491953,44.64043127154275,0.7491575514021157,0.5990752300693142,108.02683501943416,0.11015342981976793,0.0011258785295413351,0.1374534577089288,0.24467554912270792,0.08540185098189945,0.8473025608867707,0.0,0.0,0.0,0.0,0.0
88608850dbfffff,2024-01-01,pune,22.636881174280123,17.46661694266611,15.240895968095549,8.655274855346056,222.50971143403294,0.18109948988520297,0.40030474861173715,27.250800691476666,43.66144497123986,0.2544437963952152,1.797047837132151,169.79052750843482,0.16150076242520314,0.5160139844933761,0.125472832511113,0.3074163771482453,0.12517018088295018,0.9026895208578675,0.0,0.0,0.0,0.0,0.0
88608850dbfffff,2024-02-01,pune,24.29557878539868,15.114997002899193,7.895066437681166,1.9779855972329397,216.7665825380243,0.14758266252463828,0.26314605235909194,31.926417204695824,53.19057143360252,0.38919701959586017,5.173696097723019,472.43906136605915,0.16712702448296596,0.06614055158176639,0.13299879083295105,0.3079682750096989,0.09081155087357157,0.885996053235138,0.0,0.0,0.37601551552187706,0.0,0.0
88608850ddfffff,2024-01-01,pune,23.53622796017612,17.481299165755274,8.32702048503845,1.8618691536084817,192.47947346843443,0.2331882612549015,0.3090421026814756,25.570194946824053,41.73256481978683,0.981230621076647,1.6631609020910452,85.24739073353292,0.3159962804502514,0.03328850429968258,0.11437882798975418,0.2330609168974332,0.12281451428422582,0.9093699820623874,0.0,0.0,0.0,0.0,0.0
88608850ddfffff,2024-02-01,pune,26.798912527680272,18.903952949309403,16.90875515047716,0.5,268.3417095581522,0.1324000183018363,0.26282748738470246,33.71041912668354,52.41845298443723,0.8408386848740935,3.5403230665135887,57.042252251730815,0.5561564573874345,0.0918679542815633,0.10908216394653583,0.2665325499640125,0.10311259036394138,0.8692364021393193,0.0,0.0,0.31330444507416,0.0,0.0
88608850e1fffff,2024-01-01,pune,21.731329403980347,16.541239936137693,1.5349841700095315,1.6132462459866503,189.7272382452248,0.210868466210422,0.34659645027290487,26.329243024962466,48.974221833275095,0.7544333820146056,6.430755646343149,311.4972530721351,0.8381529253885085,0.2012736678193099,0.13975798326884153,0.29146385405929653,0.11386585987045471,0.8779108075575669,0.0,0.0,0.033565730642131426,0.0,1.1266440373420785
88608850e1fffff,2024-02-01,pune,24.023495545369933,12.65550577897382,7.028748143103437,1.3710310764217828,269.74383222882267,0.12990250923156704,0.3082180990678734,31.218515589612615,48.25301062468226,0.06957777594978709,16.036608473418198,213.4121804922033,0.5462957727565743,0.800798807576395,0.1124283682622879,0.2624302851666656,0.12999203078791607,0.9086548998685159,0.0,0.0,0.0,0.0,0.17054877446117864
88608850e3fffff,2024-01-01,pune,21.532079551717654,11.852263386646444,7.7888265430170165,1.3820783562859815,174.42746242543484,0.22240000616417205,0.3113103322016423,23.906273399057287,38.54922864440522,0.35978619677115004,13.845016316037102,122.75500006554317,0.4280596816167905,0.30805682191763806,0.0870651399704388,0.24735314140016051,0.11501810368811237,0.9177660200475843,0.0,0.0,0.0,0.0,0.0
88608850e3fffff,2024-02-01,pune,23.488523898403095,14.457595727373143,4.200945132965926,1.9004821635411886,232.28813107031718,0.1474201991028971,0.32261762586852255,30.020503845777824,56.31352943826904,0.5821327429074327,9.223134018924544,128.58489599499623,0.1882075789476213,0.19927943479963264,0.14518985337621435,0.2655853840838241,0.08715562166015252,0.9326303571078856,0.0,0.0,0.6296605872691255,0.0,0.0
88608850e5fffff,2024-01-01,pune,20.335128734395976,11.15916269118929,0.036385182537737204,2.0259564494095907,193.6692067192386,0.21443318576512044,0.37265629728867744,23.083779822622052,50.29672389761623,0.5720086818784152,21.519645361161082,274.45144608412824,0.5952824255784044,0.06519417541229083,0.11945439798284606,0.23957767065968252,0.13037585824410097,0.9234384980262809,0.0,0.0,0.14097868031819055,0.0,1.2943333033706539
88608850e5fffff,2024-02-01,pune,23.744023191208566,12.3959168834355,6.2960703155750855,0.9043922016410408,254.0455043062959,0.13307100899729565,0.24797033385621112,26.98329054658123,51.415205850010466,0.4179354825044889,0.7953336445738363,244.01709155851077,0.2615490906210285,0.012237547707046317,0.14508967513859536,0.24102824628036526,0.06824944442574282,0.9069040471059862,0.0,0.0,0.23182121955154494,0.0,0.0
88608850e7fffff,2024-01-01,pune,18.808686614097788,6.9881128800722045,3.4583727939030555,1.7893430673112514,183.27390909191269,0.18944217844114894,0.3493623338856706,26.16097738690471,43.784628087361405,0.15670486918338347,17.537438570231107,218.68871130919916,0.21335540552585036,0.1629228931992356,0.09329066289196028,0.29446148884235657,0.09532190209373773,0.9164096278924014,0.0,0.0,0.0,0.0,0.0
88608850e7fffff,2024-02-01,pune,23.887173397903222,14.963232509483401,1.6327953378307245,1.993245708818069,242.75935267791857,0.10230269093983003,0.2518812785733062,27.634859825054534,64.52360984951518,0.13703243408449273,3.802817838962189,325.08706720705385,0.5314039938784955,0.3291853129020741,0.10604216670050344,0.30301802608781797,0.10027251345037126,0.9298088335064365,0.0,0.0,1.296479171396571,0.0,0.0
88608850e9fffff,2024-01-01,pune,22.589672804226794,13.57638134202395,2.627935099206459,1.926767235583466,202.52118756236044,0.20749679632486534,0.35487422989006434,30.427391118809762,41.967144066351715,0.7286048320995496,10.072860450969038,637.8371905498448,0.7553965287083951,0.20622009260433558,0.09865279108908893,0.2924661462148387,0.12725218012054512,0.8738379279644807,0.0,0.0,0.0,0.0,1.8979764868197324
88608850e9fffff,2024-02-01,pune,22.59404315292723,17.157460529436584,0.17087963521027066,1.522995293830985,232.92185416523674,0.17330897419710678,0.21400132282154588,27.510498758255885,45.8367199605937,0.9061170140240513,1.839172722808961,327.75237009393186,0.1250839338995485,0.04858084166994252,0.07877869116567658,0.3057356980023977,0.06815220494128243,0.9088415920133772,0.0,0.0,0.0,0.0,0.0
88608850ebfffff,2024-01-01,pune,23.40030093347129,11.581078718622262,7.778841847385213,3.309622946520257,178.43230314114427,0.22860976076025333,0.40699152928629484,27.32841382428108,42.17059772898779,0.1811810660813445,6.68147113195595,10.383457099553192,0.532494458676234,0.11224220588998886,0.1314684603299948,0.2962358737151017,0.1151069900573457,0.8736742222889082,0.0,0.0,0.0,0.0,0.0
88608850ebfffff,2024-02-01,pune,19.769927133597367,10.546188427188447,5.069454099339543,8.89245964818464,244.7100127582224,0.14096073940076423,0.16764077082787554,22.8513877084836,47.564088445736544,0.6203552294459437,4.57718413060043,7.913086113153506,0.15265389978284677,0.2575193914802975,0.09092544379993615,0.2874771765676294,0.08396828762527501,0.9080668919796622,0.0,0.0,0.0,0.0,0.0
88608850edfffff,2024-01-01,pune,21.80618482532224,13.451709245440593,35.427531159306255,2.894720346591826,217.7687196505803,0.21191164514248892,0.32203118223795785,25.843028416140363,52.64654761805981,0.4274021162339378,3.41493391614767,378.6007612127148,0.6386083010189615,0.3839097307759468,0.11022833259756526,0.3310924877019033,0.11265252534684517,0.9263422787807074,0.0,0.0,0.33183017600743303,0.0,0.3114148096968174
88608850edfffff,2024-02-01,pune,23.83628683265352,16.669481274573346,14.99169992555698,4.306940394565105,243.33498177765586,0.1479369138259809,0.3347943999478974,26.71004921152261,51.44702316409932,0.5387489843097624,10.50278686886893,585.2895796323363,0.2668090971659511,0.22782563589503307,0.15158773686911547,0.2919658632600224,0.12869145777480717,0.8364721117094159,0.0,0.0,0.23440540573106255,0.0,0.8960065241104931
8860885101fffff,2024-01-01,pune,20.66743422593802,14.22734415518249,4.9667333759791745,6.661232351312725,190.94385629879832,0.18901378903588079,0.3957851997564967,28.643129257309226,38.27487929902641,0.36955550412810906,5.211949915495661,141.18083705573397,0.6371067714434319,0.17237882758250772,0.11601112642464231,0.25759926079551215,0.11339166819366894,0.9024545851691265,0.0,0.0,0.0,0.0,0.0
8860885101fffff,2024-02-01,pune,25.947689775546788,16.724876532745725,5.69243577172733,3.830794240108254,292.55853933777405,0.14837506632038366,0.21861092799057788,33.51952345819631,55.35881349191019,0.08156862652021404,8.8968770479047,230.7507033952494,0.11045728764615147,0.3706025675563057,0.16534889225361438,0.26590053999277263,0.096238916465866,0.9663804599762896,0.0,0.0,0.5521190403285058,0.0,0.0
8860885103fffff,2024-01-01,pune,22.923004110970577,11.157161982602078,9.375252245283255,6.170774548486667,199.90487432655164,0.1729641333806079,0.34247510571113293,26.94113416403805,43.1482089519251,0.5324319952922291,11.425625746355973,146.75505402666374,0.4178352250182285,0.029167058072060856,0.1925453069886333,0.2751245773400492,0.09611184627825953,0.9134673731376327,0.0,0.0,0.0,0.0,0.10531401678861144
8860885103fffff,2024-02-01,pune,25.518710373101683,13.863246478356542,12.461782531644088,0.5629893514781452,212.8379295555516,0.16490360451950153,0.2505354927661355,28.76446028594942,56.47415126750304,0.305146591039537,20.03338375482191,504.78312100627363,0.2766465023802506,0.3577567302108609,0.1694374694029269,0.288070329069017,0.10449938474588304,0.8841420170721594,0.0,0.0,0.6427062111101611,0.0,1.0045968419433995
8860885105fffff,2024-01-01,pune,21.469774514741545,12.669042260847425,8.79770731836432,3.2778639303633437,212.2585447574334,0.17673648940518555,0.3507818932371603,28.41699618331969,46.670861013193,0.05301040762101805,7.771780403764702,639.5795960420313,0.3070076297536443,0.029481092102468437,0.14168087509307248,0.27545589607483634,0.10348144008602052,0.9845771338152631,0.0,0.0,0.0,0.0,0.4079380806983003
8860885105fffff,2024-02-01,pune,22.36745580612536,11.679946993347304,11.37045460284167,0.5,231.79605794846458,0.14632491614185392,0.23946720853398168,25.256703989924112,52.60175079856695,0.139885131078352,19.572653645906186,152.40080544956476,0.7344838144296788,0.5257330815226587,0.0800343728484913,0.2913687430193753,0.05986458774592827,0.9503319190198235,0.0,0.0,0.32819180095489026,0.0,0.5179534678666555
8860885107fffff,2024-01-01,pune,20.768098104270745,8.937135285203341,8.252011951073966,1.332173782829586,205.39927684019958,0.2046698097929269,0.3981656650286388,27.85072219948867,42.50442911954261,0.6575655074532952,13.409453875284587,227.8664771321518,0.23798995821066996,0.023869090819689995,0.11415344708690967,0.2631313632925864,0.15200210714875936,0.9132481795264152,0.0,0.0,0.0,0.0,0.018249145853903564
8860885107fffff,2024-02-01,pune,24.015037051164956,16.529458223359313,2.085146420948674,2.055173830773349,229.68286710877376,0.10932937235422974,0.24877058527202894,29.719434319601216,55.16564987438145,0.7528227198452122,2.2549845814759015,15.104477604844773,0.22590557237891998,0.1635599658791656,0.15687696019595898,0.26124870803337286,0.09229745955528346,0.9327602470633355,0.0,0.0,0.5364303888788786,0.0,0.0
8860885109fffff,2024-01-01,pune,20.7223653902392,11.827536489231676,5.300040245023176,3.649111125327668,195.13182765592506,0.21465693996431268,0.4381017006219687,26.889487336621055,42.84049080836914,0.7070821796653425,4.228415807582468,132.42952396519257,0.15279061576269304,0.30757542013989453,0.15069050797540823,0.2743481129086297,0.11804157615545566,0.9158818291350532,0.0,0.0,0.0,0.0,0.0
8860885109fffff,2024-02-01,pune,21.533328924277036,13.84893565506142,0.92812650833009,1.6107065859215282,264.9109830365409,0.1614794613718039,0.2742556589622337,26.8767709067769,63.81398174268072,0.7034026943605707,0.062007534857858766,120.79509554819218,0.30858220224550753,0.431008961107513,0.15586106063313754,0.3079121127064825,0.10394370379180731,0.908021140895508,0.0,0.0,1.2388435349893783,0.0,0.0
886088510bfffff,2024-01-01,pune,22.519921007827328,17.348594347880272,21.404433330308628,3.1372526925705637,205.71399898466632,0.2280028383564468,0.37613129749764496,24.682523270652084,53.3908931183905,0.7331017582528015,38.229999899916955,610.4002789289356,0.5674450332480382,0.1337167798178895,0.12384175102174544,0.26132701112082596,0.10158803825903424,0.8726017546286551,0.0,0.0,0.39228554157879236,0.0,3.1654697922291435
886088510bfffff,2024-02-01,pune,23.883928874500548,13.995974179875404,4.317693485587919,2.9775043584638095,231.57637227462885,0.09700253812885665,0.2183403624095181,28.17737392898688,50.94534742955934,0.28591506415325224,11.097702982673514,268.3143438181561,0.34905765581013803,0.24417005489572716,0.13034538618202401,0.2542090991795557,0.06606017612606696,0.9084002393570164,0.0,0.0,0.19365955596583817,0.0,0.0
886088510dfffff,2024-01-01,pune,22.838290763100648,17.750122659174536,19.401158111249448,7.6314466397010285,226.95220944237943,0.1995355249291783,0.3612544381686617,30.632442492937198,45.01853693643738,0.6151665668663792,1.3432947553580443,534.2151861843586,0.5740523157466565,0.2663474054944741,0.13312060969634418,0.22117203412188582,0.09403245740017614,0.8837299645250424,0.0,0.0,0.0,0.0,0.39215256282780797
886088510dfffff,2024-02-01,pune,22.002693210365464,11.23501655755371,24.188774224412523,4.047475524414599,262.6714524634764,0.1445129948962137,0.3121456487567399,27.6903908517855,49.63593395223334,0.511588659205229,8.976233664362846,14.823803818624873,0.1131753668345936,0.15963964669763286,0.14998813957915916,0.2731337043309525,0.09101298255721824,0.9260924285984068,0.0,0.0,0.08730965471616306,0.0,0.0
8860885111fffff,2024-01-01,pune,20.45424271814137,8.870265072026086,0.6404966216610363,5.648468623471626,192.93962577266782,0.14546821480576905,0.3654710694144358,24.3958146102381,36.410376230520576,0.05153987705305365,2.0884408475417944,493.34131652136017,0.2049505449818179,0.09301886496214595,0.16501877621491629,0.2303548425332652,0.10601097259894074,0.8892770446830336,0.0,0.0,0.0,0.0,0.0
8860885111fffff,2024-02-01,pune,21.68570433816663,13.456735377585936,11.0492823534743,7.989733066359818,250.83569252471713,0.10997025116525942,0.27832755475051957,29.188889166370167,55.0250502185613,0.7545505292877545,2.359673840519277,1063.971427036454,0.558646291165421,0.05506860913713548,0.14838774309909925,0.25838484940770323,0.09840921536846649,0.8853166918981495,0.0,0.0,0.5250109558494074,0.0,1.934975910625928
8860885113fffff,2024-01-01,pune,20.990580412926587,11.16520244509702,3.903128811256874,10.982962873281597,165.79568987400026,0.2016433772586995,0.36906596621544,23.31778665742351,45.37839142133204,0.3052431500945974,1.8262242090842704,442.13694889932503,0.45110293315948435,0.03848908971006172,0.11093986704444522,0.2792638089819526,0.06662083478497177,0.8794919066323901,0.0,0.0,0.0,0.0,0.10877093335634935
8860885113fffff,2024-02-01,pune,22.912105972544122,15.470657524412413,22.532712720395356,2.70193061370677,232.09614619266077,0.10301275352160363,0.29778987798269735,25.754485734019628,57.300726020894544,0.3365833305412959,1.7070455172844416,113.03510984015502,0.1947079356582444,0.10491305520615911,0.1562795130350786,0.328469390630317,0.08681934474621533,0.8603054414555025,0.0,0.0,0.7098401950815015,0.0,0.0
8860885115fffff,2024-01-01,pune,25.1832769444809,16.936908982998887,13.942371069016922,9.548692788738878,198.32969127616087,0.17270986315412462,0.40225205844038314,27.315309738760998,46.98028861705448,0.6441320187276743,7.707937092973835,46.786121198247315,0.6123435237651954,0.2617012707936767,0.06731217963302943,0.2769613504336978,0.10630554486605562,0.8875403585331079,0.0,0.0,0.0,0.0,0.0
8860885115fffff,2024-02-01,pune,22.21909224141959,14.63351697976094,1.3966050225029147,2.208613458175871,235.48315875814492,0.10058328868200206,0.30141287048170395,25.899041628264218,56.251376970696036,0.5180832259492772,5.874616073868375,315.52835181746934,0.7466318741949988,0.014047583810031645,0.11783894689279938,0.2428230960329256,0.09233849190962529,0.9056329587826102,0.0,0.0,0.6246125952457723,0.0,0.7160283893283699
8860885117fffff,2024-01-01,pune,21.945083139869833,13.965887605662509,1.5826086965418649,1.0240014047982755,193.9577779728229,0.2127315008220503,0.34117449242463005,28.251044191582636,54.38359906069088,0.7535968506350254,0.08631414145206003,59.164740912705454,0.5457480215595647,0.18042526132851294,0.15393305683776623,0.22552459220852167,0.03906253680841845,0.8869488784743533,0.0,0.0,0.4729126168012102,0.0,0.0
8860885117fffff,2024-02-01,pune,24.61247997056902,18.96774473862395,10.413272836954201,1.1782461958058141,226.17993722896117,0.10242407149587368,0.22922236386823192,30.53859482502517,49.993576243404554,0.5744096715469844,9.902573728248877,28.15515397941009,0.4587146119678237,0.09491040333955242,0.12889344890357657,0.23616142251276287,0.10572902783125658,0.9411140959561464,0.0,0.0,0.11635718096160808,0.0,0.0
8860885119fffff,2024-01-01,pune,18.71544034938867,13.192386462986322,0.7188477910952679,0.9812445802765843,175.2336451724266,0.18698600871127788,0.306583470529188,23.794644193116234,47.85877144353928,0.43812039773150924,5.341981619582774,82.44902354422317,0.692610079747807,0.03187479970168068,0.12987396997643247,0.29568469323519936,0.07179842696604669,0.9314170953217475,0.0,0.0,0.0,0.0,0.0
8860885119fffff,2024-02-01,pune,23.789353682721885,12.797590595151746,9.328716448670422,4.694897579950182,233.84495017142356,0.11745178861000552,0.31775351984123196,31.338235880262044,49.191323015065294,0.16969668035827365,1.4004216927816326,74.60195198133144,0.5273726441127251,0.15258547268239767,0.10051927183336463,0.28776019462017977,0.09963767371963192,0.8965939186758027,0.0,0.0,0.05119857897031979,0.0,0.0
886088511bfffff,2024-01-01,pune,21.221542376187468,9.362236628450358,5.40474155306514,10.238166691254307,206.30372817657766,0.18334588453236084,0.3872332076292577,26.937263069718927,46.27686531729208,0.7241886619547275,10.59758891812932,1107.265210252037,0.11479384871075059,0.14610260149400317,0.12256297121737585,0.2926293359741497,0.11440510530867545,0.90857077235402,0.0,0.0,0.0,0.0,1.4432720379539126
886088511bfffff,2024-02-01,pune,19.767196192835332,8.994362469359613,20.25233180263628,1.1919499489050016,240.15667358559537,0.15406245987210113,0.24406712080446946,22.838237049369386,52.609220529306725,0.34194285821710146,4.409310626117656,65.94274308157003,0.6937675421569319,0.03775647122648846,0.15429395950536223,0.3074296697134623,0.11079442025902007,0.9160309599959265,0.0,0.0,0.3287984887126483,0.0,0.13756340208557577
886088511dfffff,2024-01-01,pune,20.611373871575047,13.37524392850887,4.610607728127397,0.921677145213145,214.36813559229273,0.23576347197561587,0.366858453458346,22.846688802593754,41.753272147292414,0.47069660589302786,11.209710182872886,131.45322921833488,0.26673861665697696,0.06465624629676325,0.14882201464536193,0.24988221793128745,0.061203566255079694,0.878451426212794,0.0,0.0,0.0,0.0,0.0
886088511dfffff,2024-02-01,pune,26.231286108883932,20.642567944777518,27.461152108452197,4.260695226122294,242.86295622223892,0.177557868200645,0.18718726034035338,32.233659733664766,52.56565554882568,0.24800378780839208,0.9771559050756382,149.36637931593327,0.08817907360540178,0.1926482722117784,0.14214735448112276,0.2856622213647658,0.1043372520256252,0.8804839482756054,0.0,0.0,0.32526016300245,0.0,0.0
8860885121fffff,2024-01-01,pune,20.54955499800907,14.725438150251325,9.540896133204114,1.3813679043985485,208.2294870948298,0.2152502223752254,0.4078033357939749,25.31105903289169,36.56178636498741,0.6387854388326448,6.7331173254265435,579.5099818144957,0.23242217852459626,0.02929425093215893,0.09270566796073926,0.24314740330469048,0.10740103390508092,0.936454219038901,0.0,0.0,0.0,0.0,0.055930269974163026
8860885121fffff,2024-02-01,pune,24.185193830479186,14.4602251765681,11.355874040384258,0.5,236.97922803341982,0.10108855676594135,0.3071558706882524,30.627514586929564,51.44989235345684,0.1261963714950228,2.984540134653497,150.11815090181506,0.8314070517062703,0.034680232677474596,0.1307196233360757,0.2879975698570438,0.12496441122781707,0.9024993364186262,0.0,0.0,0.23463843984146554,0.0,0.5756600577234469
8860885123fffff,2024-01-01,pune,20.991305660044304,9.648143432272342,18.087854402857833,2.748376387338615,200.63377673831945,0.17874466839609385,0.5123387511734581,27.162092705092945,35.868452510782326,0.4088297730352063,10.869982748384881,455.5825457280348,0.531695998256332,0.19102063162633875,0.10969773967370766,0.24532456525655819,0.03698325927650639,0.9318612319667149,0.0,0.0,0.0,0.0,0.41150975960672276
8860885123fffff,2024-02-01,pune,23.93501807251258,17.22251068928442,7.51855257405343,8.104112353418579,253.48512394742573,0.09354818724964711,0.31944647289902256,30.905610109078907,56.161861048990524,0.6858106158644139,8.545223854574605,277.6612438622712,0.48286711305073227,0.3467256412382979,0.15201727626290185,0.2773230504441839,0.10102901389732656,0.8975103831359698,0.0,0.0,0.6173421572989319,0.0,0.11321896616054143
8860885129fffff,2024-01-01,pune,20.908048087542166,14.904012043612545,13.314036364511919,7.008692364909454,222.16013084083934,0.175375754847307,0.36400296752409245,27.381638101609372,57.01880063905829,0.6640166274043253,6.981737239587223,202.10454810090755,0.26551866932125784,0.2199736296583681,0.11775517138376404,0.27427100650480324,0.09972021675090527,0.8815812218641853,0.0,0.0,0.686942357967979,0.0,0.0
8860885129fffff,2024-02-01,pune,22.141621436595454,15.095881574285432,17.893713019537124,0.6779054672676191,261.8215574423025,0.1106802607557148,0.29932990307338736,27.96591708533886,45.84633584294351,0.1078943296030994,13.082592755776796,83.28397114686555,0.18095036311378881,0.2630884332294445,0.13204589892894375,0.24409088551315633,0.07856500225328303,0.8944084603018818,0.0,0.0,0.0,0.0,0.0
886088512bfffff,2024-01-01,pune,20.58187713933564,13.603572842222938,6.392534328462119,4.140974582874702,183.180213174296,0.2314565306568363,0.4167195401224151,27.246252354867693,42.69559917657757,0.6732835233188246,13.009854787947342,172.75855756268524,0.2958195421887705,0.08152980103201493,0.21177133748182742,0.2758715993968309,0.11533294498173512,0.8821980084684733,0.0,0.0,0.0,0.0,0.16308803082254344
886088512bfffff,2024-02-01,pune,24.685918410926522,15.627922719653554,4.690264465213948,0.5,275.8854284190689,0.12423700475986339,0.29114558642209565,31.619062602995506,54.364413410518644,0.48840492678983044,2.41671287547557,406.54542041836953,0.7649906021226485,0.0885031248114339,0.12781813419842064,0.30649697974783463,0.10494534584253237,0.950258340652355,0.0,0.0,0.47135436798480534,0.0,0.7167036343998049
886088512dfffff,2024-01-01,pune,20.605992666310534,15.018111780554928,14.462143354223516,0.8068911943009994,216.2176567481443,0.23755108459570037,0.39176660611075276,24.812208054482063,42.70100192512756,0.5444225598660231,13.37906063899294,47.48658297264011,0.3223807195148647,0.042124577824609676,0.08219906473527033,0.30743431632890694,0.07491986688322742,0.8412469454169311,0.0,0.0,0.0,0.0,0.0
886088512dfffff,2024-02-01,pune,22.04226166443978,13.14691405888253,7.243063284734328,0.80062379615837,236.8284524365628,0.14952060329772635,0.27407531456416745,24.39679636189891,55.69149806288424,0.37221198871130057,11.032772821373541,46.302420265129584,0.5704183679327357,0.09063346798886636,0.0976747820615645,0.3064744782001076,0.11959842581477846,0.9062029540678173,0.0,0.0,0.5791395131455671,0.0,0.13869315183960432
8860885131fffff,2024-01-01,pune,22.816927177703423,11.708722440676256,3.9036784293569946,1.5769055610538851,178.21757626306834,0.23083966007288728,0.40573120740336316,28.393459655756097,39.062603713319746,0.2534071434492072,18.69626448351067,73.15698735325577,0.24794559159973154,0.11082109556195885,0.17514863981174386,0.3096393443407744,0.12551737637916618,0.8684741514541335,0.0,0.0,0.0,0.0,0.24726286901534458
8860885131fffff,2024-02-01,pune,23.026837672687776,16.328645031895448,0.3253253538679641,5.838645661973129,241.01063043175844,0.0948658670582211,0.3293142884505151,28.881499889673158,59.79406882312518,0.23649204865960186,9.977405179958867,34.61660631102799,0.09527245692388386,0.0416519889869994,0.12542136588632122,0.24718663647246253,0.11297791224818787,0.9119407520941595,0.0,0.0,0.9123482381026587,0.0,0.0
8860885133fffff,2024-01-01,pune,21.119347816412056,12.827918472546155,11.031148135144539,9.773804444379488,190.77000752713604,0.1590403247222555,0.3362343950938636,24.77235584751842,40.44842901229452,0.34537805395148985,8.713952446008184,19.4243281165385,0.30246733053579294,0.008910601015602674,0.11297884220917029,0.24236787946109128,0.12286666011527364,0.8993286970492459,0.0,0.0,0.0,0.0,0.0
8860885133fffff,2024-02-01,pune,21.055279107410144,15.023134109116018,12.064655918024371,0.6565484536334788,249.60903360528843,0.10384294037159099,0.25375209030067825,27.919357019738634,56.90188089235832,0.25045504458609397,5.648594414131478,43.96801947253629,0.3598534521220139,0.2959889508933647,0.11174721935569326,0.3381157687409232,0.10199507567571449,0.9223742032046045,0.0,0.0,0.6774461951966348,0.0,0.0
8860885135fffff,2024-01-01,pune,21.019232518257464,12.797489731723818,35.230146943185076,3.341804368782927,219.24909092407626,0.19117435452957093,0.38312339896216013,24.383769977542716,40.52462839875196,0.7010863311706643,7.998684345758958,202.92669968316628,0.3597656957873858,0.5375408601109267,0.12461278159011369,0.2571758750255726,0.05876753240430084,0.9155088896187765,0.0,0.0,0.0,0.0,0.0
8860885135fffff,2024-02-01,pune,24.512476293730586,18.982740763764625,20.7195751096759,0.5,254.63496606773896,0.08169152836168397,0.2947208271330148,27.959044840540287,57.85818042910725,0.03215270784761355,2.736446965807382,101.11970067825486,0.22883213389913404,0.16047728340017955,0.11529186008825823,0.26087504831961567,0.13221561386902053,0.9196406482038721,0.0,0.0,0.7551163605488727,0.0,0.0
8860885137fffff,2024-01-01,pune,22.011147592262702,16.26128906149054,8.339009797769123,0.6589166873346907,221.4612048319808,0.27443349474756606,0.42955339824643923,24.646486975410603,41.788660319788605,0.4909408497233984,2.3535475577433544,105.72486820155072,0.31435523630541773,0.19581786700404544,0.13317164704764387,0.22441067787971072,0.10202677506182448,0.8975320260840444,0.0,0.0,0.0,0.0,0.0
8860885137fffff,2024-02-01,pune,22.439098290140596,13.668737729580318,0.955078166073615,4.003616621360288,249.43366117711383,0.12448993450264555,0.21513224189638064,28.929547663200697,53.131434529001794,0.2336800329014999,1.2574739863216022,445.765389429969,0.2062961533534809,0.3425377588577775,0.15717371228423352,0.26109884245911347,0.07997441371597522,0.8630658498568388,0.0,0.0,0.37121244599998515,0.0,0.0
8860885139fffff,2024-01-01,pune,22.28088642780251,14.469865072427133,13.630387144744137,0.6580617591657785,220.87174312033326,0.2539985793763083,0.3573354614859282,27.53730881497149,48.119854998072206,0.20927150840992192,2.0385177186975403,140.60300732491882,0.4372259229712679,0.3052708223213216,0.12518203524958618,0.23309020581417264,0.11235386099236702,0.8856460050679607,0.0,0.0,0.0,0.0,0.0
8860885139fffff,2024-02-01,pune,22.652305954735308,16.030446452761172,2.2166275354134135,1.5377068934892724,254.82267263334458,0.1751026105941286,0.2653012783712993,27.66990931069638,54.70645831964416,0.3402633972213944,11.743934990122934,167.72762123531038,0.3226687581816865,0.0843516007575731,0.13490643606311212,0.2356440828201068,0.10313428452738044,0.9044643154897543,0.0,0.0,0.4991350827386645,0.0,0.0
886088513bfffff,2024-01-01,pune,18.987626198382547,8.825167949550666,33.573761088197536,4.898078802454722,213.12482146703422,0.2169568718024351,0.33911681047905123,26.814486781037644,35.706469184343646,0.4930875018040299,4.70416663438601,114.08356557711032,0.2990289330197284,0.13419081954747103,0.11393315616835636,0.31309371985066975,0.06991926692768935,0.9278239263770194,0.0,0.0,0.0,0.0,0.0
886088513bfffff,2024-02-01,pune,22.623279437283678,15.068955346293697,1.9328822151834486,7.837625935428331,233.63343811553725,0.10769791726853743,0.32489017591284375,29.71301799666303,49.65481824270099,0.8552468748490516,7.551278893991392,100.53172079641521,0.517698462478854,0.08734657097950241,0.12478232280716188,0.2980873184249903,0.09164884410325444,0.8965457951607423,0.0,0.0,0.088843427249577,0.0,0.0
886088513dfffff,2024-01-01,pune,24.414052551077027,18.040030102558163,26.341408254131238,10.296203984479046,197.22642996496222,0.21027416912030567,0.4032986807442847,31.78910678105042,49.63596426446207,0.22471294940384634,0.48552728416259183,184.6860141053279,0.2628405712186696,0.2633074625416184,0.14775366735879022,0.2604560877381268,0.127162344721577,0.8881350956443556,0.0,0.0,0.0873121166600697,0.0,0.0
886088513dfffff,2024-02-01,pune,22.69948333273343,13.013088617823163,2.1435884631805555,3.0408463781461204,251.60678340881822,0.16490693680700633,0.24677014546648765,25.619519796525214,51.58695107252081,0.7450758496935536,12.926452913400652,497.942410235662,0.5843690986895115,0.05047532934545991,0.14197941426691868,0.2996531770064441,0.05573275853974026,0.8771163354008643,0.0,0.0,0.24577027977611118,0.0,1.3277663044607086
8860885141fffff,2024-01-01,pune,22.507890695659896,13.59955349872642,0.6089973828662616,0.9661096895249722,218.1747164913743,0.21762420714028258,0.3660577756828234,25.921754566626134,49.018728509578786,0.13926208209686114,1.4360704753939162,54.15104341726388,0.6245736908291668,0.13904209448507943,0.14347090037509494,0.2718674004501101,0.11443309315684802,0.87369682632964,0.0,0.0,0.037180540411398885,0.0,0.0
8860885141fffff,2024-02-01,pune,24.80197217737743,19.030075444433688,6.9088722589297245,3.2034271923182827,247.196892160022,0.13335854155176413,0.3350133104304264,31.632781224680727,52.89181599631554,0.6080577649514571,10.34915288033326,224.0729544119418,0.39406637331033156,0.40289419373221735,0.12417763023603715,0.3017551422458365,0.10830053423755426,0.9374645921247815,0.0,0.0,0.35175074980543,0.0,0.0
8860885143fffff,2024-01-01,pune,22.463808009187904,13.478498220700846,21.232301098519727,3.5733758685911905,188.71334590490628,0.1770191532964371,0.41518441933958916,30.295453782341227,47.79031289885709,0.3727693042431587,11.200650433638398,1010.1898738498327,0.7445788287676378,0.2215585063910764,0.1562113373416981,0.3012397556166743,0.061899676062215254,0.829940155488836,0.0,0.0,0.0,0.0,2.8608816750869552
8860885143fffff,2024-02-01,pune,23.94373076142367,13.412118246834314,33.693111229580886,1.8178244164632276,238.24395211048946,0.16774148643259718,0.33905838499660423,27.47356786433623,46.70946709770389,0.36903890086112684,14.23539276013124,235.83990532613825,0.5293930191665934,0.01699804387598013,0.07989809629252187,0.30103222713855127,0.05099629793523113,0.8757791106075559,0.0,0.0,0.0,0.0,0.5736005682845315
8860885145fffff,2024-01-01,pune,22.33039215554352,11.22879085801736,4.537211166090357,0.8391115521372959,201.53164616477946,0.21581576480608788,0.3637473604051141,27.522315426736675,46.7513029744463,0.40938227859593146,0.8942096778217664,143.89748190548954,0.10913742964205696,0.011961196951443013,0.1554059198255469,0.2632900977038895,0.1175225958624384,0.9428832567726532,0.0,0.0,0.0,0.0,0.0
8860885145fffff,2024-02-01,pune,22.12285591033467,15.111823532708629,7.17735580644389,3.5509204336335367,261.3807936984667,0.08285962845596467,0.22071462667906638,24.901813084604004,46.94944001056189,0.6538400383736424,0.40401595550008346,49.341385915953694,0.39776380081182794,0.2410158908471896,0.14091197904963157,0.2914667786187721,0.11986851705454733,0.8926703581819413,0.0,0.0,0.0,0.0,0.0
8860885147fffff,2024-01-01,pune,23.17471206001243,17.376475820516497,23.0550803415936,2.412215681289675,200.10813452835293,0.19035837846203363,0.3578086763054533,30.05734639607798,35.879914667847615,0.4568015089956781,0.3827806400766573,152.83797784967084,0.6485050613433809,0.16597620840638122,0.0861445690955175,0.24197988337761941,0.09946360721912725,0.9324905236232454,0.0,0.0,0.0,0.0,0.0
8860885147fffff,2024-02-01,pune,24.329601478658823,15.476288388075671,13.461861027816076,1.7972334654785322,213.35064660867943,0.1707194206812092,0.26071301949463255,26.79886285518111,49.514947138335714,0.5804024813778512,0.4102597928366186,33.5905051502023,0.45301758974413137,0.035629140876204606,0.09511867696562219,0.272398143179819,0.09865312367461752,0.9335915900475361,0.0,0.0,0.07748316680128296,0.0,0.0
8860885149fffff,2024-01-01,pune,18.366893335684523,6.967242793365127,4.824108149878751,1.2313042568697108,203.26094027851022,0.21002849429956308,0.4093517712860855,21.900826918640814,51.608413008515086,0.7029765332416916,16.832658924141683,469.8356581800812,0.42261174627497766,0.04213782928231438,0.11852871387837562,0.24513914727045225,0.06296292710827173,0.9017525127203468,0.0,0.0,0.24751340737724065,0.0,0.9154462645542875
8860885149fffff,2024-02-01,pune,23.01748520932887,13.422827934892013,20.616340883094203,4.140491612182487,255.12382684613135,0.12028702345395244,0.3614629965499791,28.900200104847812,56.53026195955046,0.6672347637252025,5.3526615304996525,9.208999458098505,0.296300926207548,0.1819594228899671,0.14213587005178943,0.2630988134463128,0.12987770006352534,0.872067566473002,0.0,0.0,0.6472634931769995,0.0,0.0
886088514bfffff,2024-01-01,pune,20.995528324392463,9.679792356674076,2.7906745921073957,2.5911529556206077,199.44048199130236,0.25054027151831026,0.3338644556499226,26.32707553518448,50.528530585298675,0.5322952355457257,3.7352392522714717,465.29622263426893,0.6987992448021161,0.2724006251751666,0.21846711469511346,0.2641055536549439,0.13938461416473588,0.9101378832810305,0.0,0.0,0.15980590240726347,0.0,0.9937000497581703
886088514bfffff,2024-02-01,pune,23.525251467089863,16.135966530270913,14.661616754778379,5.525214314739793,265.27310166579906,0.19197993296192217,0.23497542480378256,30.26533202311431,57.81904584147575,0.5667383505314793,34.17438589155568,12.758160833125057,0.4172033248858421,0.2177787194280373,0.14329294507895923,0.32956221372449873,0.16650193803307323,0.9018775724897231,0.0,0.0,0.7519378691081428,0.0,1.4061809008915935
886088514dfffff,2024-01-01,pune,21.70740098054562,13.798706575672586,3.347957924664757,4.9806999275495,168.2716334044549,0.17317162756446228,0.34261858065900946,27.28372964715779,41.20603014301355,0.4093355523826619,4.747610526086964,558.6046860898124,0.5558447143950683,0.33830476906640194,0.09823611228109261,0.30978089072845616,0.11654729532539884,0.8978922618471123,0.0,0.0,0.0,0.0,0.7074950083759648
886088514dfffff,2024-02-01,pune,24.790332149075002,19.71001196258707,4.338767406448513,0.5,257.6150796146936,0.10730239718526824,0.2654619493473887,30.78704983801219,48.14822140263108,0.8163768349386045,2.776652072490313,34.2751935297981,0.47534625361469396,0.34071290640145196,0.13692326851693518,0.2666725213671609,0.0932218016167763,0.9131827236272226,0.0,0.0,0.0,0.0,0.0
8860885151fffff,2024-01-01,pune,20.099537719970677,10.775190790261142,9.185300102802675,0.781992771547854,207.56305437939722,0.17338429783889556,0.34006444398789093,22.985952130955223,45.92416483418277,0.5206041107489559,1.2045256329103315,50.69514592624397,0.08258536558899586,0.004126178136506017,0.09820592169005432,0.299804463432881,0.06508129634858706,0.9397009534322185,0.0,0.0,0.0,0.0,0.0
8860885151fffff,2024-02-01,pune,22.910012827832606,14.09944472554889,37.480413286904664,0.5,250.18482514163034,0.11218109442322213,0.2700545372827729,25.840264413303426,38.08023373839484,0.8678007516258647,0.028455407127238184,251.66305284285718,0.5622487621525267,0.10503584095788362,0.11238557112272506,0.25936191872195563,0.1435099111993138,0.8646910368063929,0.0,0.0,0.0,0.0,0.04296669664525125
8860885153fffff,2024-01-01,pune,21.519062747942456,14.961975766065697,12.77398821889765,5.292941345508329,205.86101001123205,0.2415028259134189,0.26395953371930303,27.46015882488073,44.80228090894732,0.24335660109033055,14.048127893788559,102.38151226861483,0.8163018814132189,0.32385591597558777,0.13604758624858798,0.22308271935573165,0.13286539089534033,0.8471942304079411,0.0,0.0,0.0,0.0,1.0119914872398552
8860885153fffff,2024-02-01,pune,24.709682378244324,17.45184361334502,1.6469719485538026,0.5791794982493939,247.0974057057246,0.05502021443902959,0.22672063681955856,32.42342743224745,48.87591900688892,0.9476389051254639,4.093912542614546,224.03816753195466,0.08577255313450227,0.01304107639346907,0.11942121392850849,0.23125408714517712,0.0726120602444383,0.8747887569020376,0.0,0.0,0.025581624735352994,0.0,0.0
8860885155fffff,2024-01-01,pune,18.75372654069628,9.09888888382306,2.4487607447667767,0.5,166.7585833878635,0.196511938901151,0.38344940729908966,21.203770351614306,53.27823754804888,0.5664608815651276,7.215044070589332,413.5674012551174,0.49454391561161715,0.37875475329602654,0.1055153649531344,0.2476575085295702,0.12119908637115662,0.8695253388332298,0.0,0.0,0.38313571305745797,0.0,0.36142729215860847
8860885155fffff,2024-02-01,pune,22.32509963145217,17.041459995964868,0.25377944292638627,8.073583864019062,273.5264278224429,0.11186309325494635,0.23996924238363487,25.022010057237146,42.71319970241513,0.7075099518410155,13.029597172894613,124.43229114471407,0.043059432882508755,0.058100817472474406,0.1383253715648984,0.29907341795566184,0.1325803516024024,0.8967656338552004,0.0,0.0,0.0,0.0,0.0
8860885157fffff,2024-01-01,pune,23.185649677368424,15.433066707787447,3.9296071389027967,7.289678014484471,200.50531554444785,0.2238641449200779,0.3161692342230841,30.714430172131287,45.879779383826644,0.9570998995621162,2.2307146957010877,347.9416719353188,0.2826924478972053,0.08378012848852844,0.11202307708793509,0.27157903384083776,0.11971296907083513,0.9214161914310858,0.0,0.0,0.0,0.0,0.0
8860885157fffff,2024-02-01,pune,22.58053117595709,16.02565029795352,12.894259920251612,2.3140392012050066,265.6242180137764,0.1181937829215241,0.2658085753931903,29.025640456202325,45.11436531242377,0.6283380038151607,1.3830632051654657,595.8828277843996,0.3817311127470045,0.1105513697397279,0.13788213991869658,0.2681008365715503,0.11995968652021716,0.9487393774873342,0.0,0.0,0.0,0.0,0.17232780398480008
8860885159fffff,2024-01-01,pune,20.670972353529688,14.140599460157588,9.675101598618733,3.7646394058180324,188.13549043544552,0.1968848253726638,0.40060319421822915,23.203841140880492,48.6071552071201,0.7538009506454718,14.482757432817877,250.5706287480801,0.09456663251698917,0.3416087637309274,0.1700676814327466,0.25382388666322253,0.10217832679976915,0.8790423263532043,0.0,0.0,0.0037527646694919406,0.0,0.0
8860885159fffff,2024-02-01,pune,24.01668229393641,17.63652025179562,10.230498665970387,2.039839237090452,220.63062878012275,0.15232816505179553,0.31836667881188385,27.741995307375827,69.81082147137738,0.8307374159313337,13.281024739040637,8.896191055182022,0.18194326284722964,0.34980681864279795,0.1217605232647174,0.22458341638274232,0.08600053466970703,0.9201700433862715,0.0,0.0,1.725903828777875,0.0,0.0
886088515bfffff,2024-01-01,pune,19.60053039171867,8.36907330299945,11.856034476396417,0.5,213.10872095376507,0.1955685496896646,0.3455435392755998,26.862799949485424,37.19123880131708,0.4718769950472333,24.858491050479106,27.557502162825,0.14678842161446015,0.3032575626810481,0.14249958445314195,0.22600948285762584,0.10073020620143637,0.8995901236383793,0.0,0.0,0.0,0.0,0.0
886088515bfffff,2024-02-01,pune,22.22883483096481,16.056507712506857,4.561315433536829,5.188799819772521,260.89092286871755,0.1243621507588774,0.3094067293312409,25.550854192519886,54.333914941130324,0.5668600691355864,3.94068378077985,152.63191554594007,0.22382488414352003,0.042767661801715554,0.13882373754155727,0.25282641800506844,0.08739175538034603,0.911136568966541,0.0,0.0,0.4688772977057228,0.0,0.0
886088515dfffff,2024-01-01,pune,21.466590352173593,13.753572030164698,1.505659011018565,3.986196591203613,208.28719347595384,0.18414725891536055,0.36596489973456586,24.96098811814096,46.468079684262875,0.7688076035168542,2.323644936757557,307.4057294401916,0.3190801014257243,0.047850502297732654,0.04913079190961818,0.306501764278595,0.14052016411917786,0.958656936514546,0.0,0.0,0.0,0.0,0.0
886088515dfffff,2024-02-01,pune,24.04318883910625,12.283575553631826,13.631351191861587,5.5332902346610195,258.81665872363294,0.08890285567934522,0.23699301088671154,31.65686017532808,52.19146811504003,0.20281419521752395,24.17239301184721,67.4179613965313,0.06640150600957037,0.14994586389761452,0.11525802554718728,0.2590172466397708,0.10528865757058581,0.8854634522896067,0.0,0.0,0.2948688486307362,0.0,0.0
8860885161fffff,2024-01-01,pune,21.078525773342605,13.165733121572028,14.528397506899118,0.985336401557614,217.83859584520903,0.1823557410812845,0.3269101955919537,28.19683714416475,50.48532156113535,0.638635022576269,7.448045655474875,376.31165056440386,0.5655486268572577,0.11387653081844448,0.12114293575487611,0.3211648014085682,0.08136038049493281,0.9382255273861846,0.0,0.0,0.15629648728939807,0.0,0.46419981181635006
8860885161fffff,2024-02-01,pune,21.687977167616513,15.99251981036338,5.33780367229666,4.170905657270085,231.91015761825807,0.10152450500452914,0.33411917569014354,28.144193444161616,52.73439340442691,0.6671286377271476,3.8015127625743426,292.6062289389591,0.671578038274991,0.03489574166428175,0.13704615947534993,0.26213818228616365,0.10366860888581005,0.8501991730083451,0.0,0.0,0.33896496640566454,0.0,0.662829739674691
8860885163fffff,2024-01-01,pune,22.603652622957192,12.24958437000409,10.970893480713613,0.5,198.17565498455477,0.17042032795816714,0.2854057293104939,25.7791767788993,41.60498089612118,0.6389596468789895,27.970436906001552,6.368221299796563,0.42916787505934173,0.2606659695563404,0.13381430073708225,0.319664465252364,0.10191926026480588,0.9086519204168592,0.0,0.0,0.0,0.0,0.6952192867033302
8860885163fffff,2024-02-01,pune,20.978428182049512,15.149818783621777,19.134047990366863,0.9176921299718659,227.03663257288642,0.1950440913280783,0.2211908634888126,24.59030228690573,48.162065048055645,0.3089109518080305,8.800523474934822,1012.3722381389867,0.46022578852231455,0.05951100677612684,0.13410021226563074,0.24202216747636993,0.10155180205960196,0.9332483152938909,0.0,0.0,0.0,0.0,1.7659761068822621
8860885165fffff,2024-01-01,pune,23.277321042355535,17.85233554329082,5.887210485286487,0.7012089079898147,190.91773287460612,0.2192700382324863,0.28434386572959797,30.2958685214384,45.74925693135857,0.09543455176310753,1.8040173105045536,932.3995751842074,0.16859379298086272,0.001558867525315639,0.14851849831261507,0.2602579534964699,0.09641796298385394,0.9106274494229891,0.0,0.0,0.0,0.0,0.6326261972977589
8860885165fffff,2024-02-01,pune,24.65986052966813,13.361473177690872,13.75642113376763,0.5,241.61565366632902,0.15955575193176724,0.29139216652168626,26.668145672802005,46.352532797007484,0.32337211061536136,0.4594875020272719,227.73521481008103,0.38430936229776347,0.02638174989708031,0.1244383405877852,0.2688035265196954,0.13039783809631522,0.903881888467298,0.0,0.0,0.0,0.0,0.0
8860885167fffff,2024-01-01,pune,18.468269337460512,11.291156536637981,6.596984166841833,3.112505229968587,198.2112676339394,0.17012564933453136,0.32694248218918986,22.467703888340573,41.44602283050522,0.14031690630979948,3.4632638098057855,25.35082337080204,0.2673817186957584,0.05962268845383833,0.10664032061405229,0.2887555967228691,0.1358988261789757,0.9162248678502636,0.0,0.0,0.0,0.0,0.0
8860885167fffff,2024-02-01,pune,21.92992850172037,11.075129106080947,5.420657843174439,5.288717660353742,250.2797013000669,0.12024342060290077,0.30675897700122357,23.965104975469526,57.39778222529597,0.31746482994292524,2.0364370127536273,230.32953535665584,0.16555983810976876,0.08962622056736301,0.17068140760122505,0.29830053334265544,0.1489188000594543,0.883138335256343,0.0,0.0,0.7177230509803418,0.0,0.0
8860885169fffff,2024-01-01,pune,18.32997653655348,9.453632415408803,12.409350339662456,3.4529146931026973,209.83664555247287,0.16526203293515143,0.33929245655874213,22.82531147587125,47.3187222066253,0.49739031412952056,9.959729321991425,109.80120543487112,0.2971896472067735,0.17354087275125976,0.13456442865910187,0.2746193486001506,0.08869437893479347,0.9434132482072313,0.0,0.0,0.0,0.0,0.0
8860885169fffff,2024-02-01,pune,23.67846654659703,12.40525858988604,7.791945142354607,1.3177376042532798,242.0478815629437,0.13787932561942284,0.31957900661003985,28.485936888207238,52.09638108935551,0.6920571067199234,9.373657656681164,546.4919474434204,0.4021769019826902,0.029471002051434065,0.1519658480166138,0.3092282940690711,0.04906067554732925,0.9736662536929136,0.0,0.0,0.28714592843266,0.0,0.46057771608974046
886088516bfffff,2024-01-01,pune,23.339405555950428,16.430135932028982,18.160179245675053,10.659565108173204,179.3534856315254,0.16856538087701922,0.29286738799931,30.321130219935444,46.27831918911223,0.9269865756666776,4.113613658001169,52.817459567826575,0.7832053267201723,0.15716208568129866,0.1506560062824419,0.25596152568922587,0.0891751996374327,0.8828762512667566,0.0,0.0,0.0,0.0,0.13177476839973254
886088516bfffff,2024-02-01,pune,23.299978058494563,14.948584278230145,24.32005225721781,1.243394986136972,256.8693354639369,0.13818886479932876,0.2518852626990743,27.766042921263463,56.82869727566036,0.3716935880797926,6.528995239968591,259.52867802448156,0.23665047003516987,0.06492586994060721,0.19630938683837065,0.30959940061333757,0.12315571604253107,0.9464681489576392,0.0,0.0,0.6715022588131359,0.0,0.0
886088516dfffff,2024-01-01,pune,22.904245504435657,12.042024528314576,15.499398899203046,1.2219598882075942,187.36366460862348,0.15217893793562492,0.4020909387381819,26.07659719054352,41.1422275552643,0.7517519679255023,11.475684684821466,248.3074810506872,0.48011917533556897,0.04565577737873324,0.14580986448011754,0.32093865310058833,0.08576456905913558,0.9134091191636077,0.0,0.0,0.0,0.0,0.4412615345662948
886088516dfffff,2024-02-01,pune,22.430111530215076,17.20301386671499,27.473774779955498,1.223837789720245,244.23599728928704,0.12547387767910242,0.19478518960798225,28.917952328992474,46.81030554002015,0.7068709211471569,1.1957997311037962,990.0919536815131,0.38596828662719057,0.20369547044818723,0.12213269002949628,0.23179144541773986,0.14387464092456528,0.9322441571081261,0.0,0.0,0.0,0.0,1.040120555788683
8860885181fffff,2024-01-01,pune,24.593062713107475,15.074082558246213,8.610658798562675,1.4112925140110635,218.8949919397702,0.18019528134500465,0.34631889189804244,28.746064455221127,49.96948852238498,0.035833281744370594,7.420765632054785,673.89702210618,0.6082307171554129,0.30251135694413483,0.08335218267811675,0.2601340680037688,0.13872005994471764,0.8732438308081371,0.0,0.0,0.11440078842699529,0.0,1.332014418269985
8860885181fffff,2024-02-01,pune,24.722556888280334,14.613518553622757,12.630061317542982,0.973078862032243,242.90809869530793,0.05,0.33616425311127407,28.117086150080546,56.32945370957532,0.8521964890307925,6.306916558764746,972.6173082817411,0.4332399279413371,0.023352079885178623,0.16572306718996005,0.2891699817696533,0.06227997592584756,0.8756459808225363,0.0,0.0,0.6309539485413448,0.0,1.720779264689332
8860885183fffff,2024-01-01,pune,22.21147724238007,12.90478601955777,33.658144042192376,6.0576239489782955,179.14226185109916,0.1602027594232061,0.44068514567456935,25.879329386625173,43.046015729237304,0.9671574685004067,6.325438671939327,199.1773689305212,0.2611351142927992,0.34260452243008305,0.0906547714708066,0.3400848630350549,0.1315129171497936,0.8933697500833707,0.0,0.0,0.0,0.0,0.0
8860885183fffff,2024-02-01,pune,21.939054349849812,13.729019243285432,17.897941077162002,1.5178763348680322,249.79323842429832,0.1756560179750376,0.24734761191917198,25.16350128394027,51.08312076277593,0.30766371523429503,3.838436684123439,680.79178541744,0.21669091946621155,0.060493775229216326,0.13615099559672283,0.22303753236112647,0.12711292437553962,0.8876602560043879,0.0,0.0,0.2048494365010107,0.0,0.3365862649372428
8860885185fffff,2024-01-01,pune,22.82242020599718,15.72558268565136,3.263636628071181,2.643796321151461,202.78569536308677,0.16578875857871672,0.38972125009554065,28.63354719952615,45.10206084354647,0.15327450351962574,2.159889479672408,137.38044166443277,0.22379597713019694,0.1168641677070981,0.1315747832698654,0.2965128845320863,0.12068460879450553,0.8742892408085398,0.0,0.0,0.0,0.0,0.0
8860885185fffff,2024-02-01,pune,24.715335780606118,17.0627178663908,5.248910848507061,3.789620322536112,264.3232190834804,0.08802077316265913,0.3388263843371232,32.577628274431675,60.690976689986016,0.5620762155589265,10.718003406627021,30.00623039453349,0.23550552573432793,0.38225310649603633,0.1374250386941603,0.3278041547727912,0.12527107829362283,0.8698316118269975,0.0,0.0,0.9851946420250455,0.0,0.0
8860885189fffff,2024-01-01,pune,21.41503493054394,10.318460096137429,0.03815734975743042,1.420781131124185,188.3603141990241,0.2009582029717136,0.31975101912902115,25.03229377192867,49.36930352953442,0.5649178699830224,6.164145452369932,283.1100437697117,0.3212787604766881,0.45892824913410657,0.15342600307746715,0.3014544092261776,0.12025694193296005,0.9456235166728794,0.0,0.0,0.06565406645836044,0.0,0.0
8860885189fffff,2024-02-01,pune,24.09427496207424,12.726743333131871,5.33557271218923,6.140909762939867,247.69970230755013,0.11649635467489741,0.20497860572574989,30.629106486401117,60.67343330737158,0.5716820968804188,15.937016709559403,1057.7380736299044,0.5378685696392991,0.4162409737896966,0.13378585785059607,0.25671654476175343,0.11430446615102073,0.9164226364106524,0.0,0.0,0.9837697773501831,0.0,2.354889710369934
886088518bfffff,2024-01-01,pune,23.485312143662753,12.568605144578543,4.2418162475584955,5.419950444403646,209.56608628574526,0.19823910902950337,0.3916743993630076,29.686925530381984,50.08839965747994,0.6997278885570642,3.0050288401698295,264.8753666873379,0.8127667394177976,0.009279047957595012,0.13697910242519326,0.27696455593648084,0.0532024124551133,0.9653409021179232,0.0,0.0,0.12405869075793938,0.0,0.323947216511966
886088518bfffff,2024-02-01,pune,22.600505850617026,12.673139788349765,2.206900903681758,0.5,264.3557190641989,0.11243337156608503,0.24646390359113615,25.164086769256144,39.460370274820605,0.04644674863717684,7.508666089504718,385.8573513219549,0.19688686460511426,0.12133025214600633,0.12479827062817196,0.24682259190785025,0.10782882532395432,0.8862696774794704,0.0,0.0,0.0,0.0,0.0
886088518dfffff,2024-01-01,pune,20.663260433145265,13.869160575197746,12.743161814536242,0.6411457245890155,194.75363716973854,0.235187045360738,0.44211381410206535,27.526164836188087,46.518523263005505,0.6520526641001113,7.656738465412136,350.27066237974935,0.5854789218457567,0.013891171275417483,0.12903262419368206,0.22116725618827882,0.09887548586192982,0.961365132656221,0.0,0.0,0.0,0.0,0.3268796029069324
886088518dfffff,2024-02-01,pune,23.773595956681877,14.087609684220904,8.502066546670195,0.5,276.8620398851136,0.13489236971081064,0.29246444573699326,27.35428950695749,53.35675417017965,0.20562987880821512,22.38952614371437,223.44374456968006,0.6366794591438609,0.1673543570117028,0.13490949709929753,0.2143704043911039,0.08071241754219796,0.897933630095344,0.0,0.0,0.389512793448533,0.0,1.1451928793053747
8860885191fffff,2024-01-01,pune,21.753492563104796,10.972604627093094,1.5338728122449663,1.9801076852071127,202.6957822213837,0.19248401241100446,0.294190449216576,24.076976868538015,46.07984521969932,0.48921925210190503,13.009229658644914,246.05387106601978,0.1977216770079347,0.12375458775117944,0.178141162850805,0.2624934119084443,0.09237828449503113,0.8898127216491996,0.0,0.0,0.0,0.0,0.0
8860885191fffff,2024-02-01,pune,25.01002406265365,16.573214028007754,3.5179566025724296,2.977504630355329,230.92414669268186,0.15291199621911225,0.17572815617693316,30.649989326209543,56.57925833141584,0.5465572455491121,29.603493229930525,1103.2142629446653,0.7690213603393782,0.18478766245773243,0.16132011752393605,0.2353185374438546,0.09489034847270492,0.9367260392327454,0.0,0.0,0.651242953752063,0.0,3.9342477191836926
8860885193fffff,2024-01-01,pune,23.24748335923831,15.804560075342028,0.5073253825746462,3.1281573612738107,165.6031012819687,0.26817792910771066,0.2758483226772248,26.312615392368272,35.72071913214897,0.17958066986866542,8.57970293184428,64.33943035752876,0.2388720866832988,0.1935355056005239,0.1366228354471525,0.3192910570008026,0.027669316868457722,0.9078273086516454,0.0,0.0,0.0,0.0,0.0
8860885193fffff,2024-02-01,pune,23.579409906254444,13.580171964317904,0.6142571452243052,0.5,260.8500032745539,0.0922362176812965,0.3117311207854062,31.26517023941336,52.96584385556111,0.43722927218149044,10.355009064308513,12.604342144251705,0.15813959095438976,0.18528684149418337,0.1072983461687093,0.25408584516400734,0.09625764166237803,0.880261414092871,0.0,0.0,0.35776325514222285,0.0,0.0
8860885195fffff,2024-01-01,pune,21.921136673382605,10.694306498842137,9.388580799269238,1.4118542614207095,199.27996819339984,0.200810577653662,0.33607227570002424,25.330647700533945,42.344451543372486,0.6572050514611086,4.083108274848676,412.22326503794056,0.5337291093539039,0.2518621989569005,0.107800684624485,0.26522525309794776,0.1657758118373615,0.8352978893426661,0.0,0.0,0.0,0.0,0.6771294374459418
8860885195fffff,2024-02-01,pune,23.245632662031095,15.191835594453902,34.35094060277227,0.6957001589043975,263.9290509119324,0.0819692336340285,0.26645065734482215,30.166162879282247,50.88034071512613,0.6791583685158411,11.736379950921602,152.40510132943314,0.451009593506794,0.27057751045183376,0.10604979210352333,0.22053552358415596,0.04742767430289923,0.9133030361606223,0.0,0.0,0.1883797434541663,0.0,0.0
8860885197fffff,2024-01-01,pune,22.541166771718764,10.760967310416893,0.8870945152783738,3.1412188474452334,207.2272911794248,0.23395009911748013,0.33665075385093635,29.074467336867464,47.5204049361982,0.3566128589229429,3.210383785970925,155.12100743051082,0.3351602524895931,0.005322579595968979,0.09340393108477466,0.24652290330053062,0.04176057931330912,0.9114982730947996,0.0,0.0,0.0,0.0,0.0
8860885197fffff,2024-02-01,pune,22.61654423176245,11.729185502254873,1.9026177080196571,11.69608607575831,241.52545830112388,0.15100717977297262,0.2934351050194967,27.069756856867855,53.675692144576665,0.698432639545836,17.165684022888357,189.9222032611721,0.4393877068505045,0.007723749708384603,0.14226656028600718,0.24498741276314712,0.11253261416990824,0.8736355923609977,0.0,0.0,0.4154167746349505,0.0,0.6834610355899384
8860885199fffff,2024-01-01,pune,22.249031970083763,16.219670969972356,5.809280939835169,10.815756265615835,192.71473253596545,0.1940968298434836,0.35224154520181955,24.972713573140787,46.2210989279064,0.33819809516035687,12.4901722944558,47.627680455715996,0.6500862785595612,0.3205133249078998,0.16480305457614633,0.28878123212663653,0.09761094141155448,0.9017336407118095,0.0,0.0,0.0,0.0,0.26978551293655445
8860885199fffff,2024-02-01,pune,23.923314152969173,13.07296045689578,0.2506637268871903,2.305678678288809,256.72257081120574,0.08861402023966869,0.33141334944514866,27.655228024947686,50.4036509136957,0.7622648496883987,15.358766364636113,146.4538049015464,0.3386782455954853,0.5220666704380654,0.14623368398820527,0.23345303944738888,0.06702891736638239,0.9513409429882393,0.0,0.0,0.14966323855581945,0.0,0.0
886088519bfffff,2024-01-01,pune,21.530388274017973,16.138169582015408,19.742999997183674,1.1878353546063503,192.751205319914,0.14491517191151615,0.2624681885419049,27.156504099390773,48.37162018249421,0.659502312834404,2.591972341795853,97.75750259111071,0.11506000018235657,0.18525619333413135,0.09538345162002318,0.31678110114278796,0.07718535987536763,0.8905651124779717,0.0,0.0,0.0,0.0,0.0
886088519bfffff,2024-02-01,pune,22.663233433420363,11.589965397701198,1.7028309475745094,0.5,246.74604715360476,0.08702781568789966,0.2717259644855718,27.7701883912219,52.62549217094657,0.8010262885657305,11.191936248080951,90.52506359803306,0.2940410037979549,0.0056797155917754265,0.14632677564778035,0.29275319855887294,0.12306776657298804,0.867885472659137,0.0,0.0,0.33012006322790505,0.0,0.0
886088519dfffff,2024-01-01,pune,21.928382930516456,13.47679274068925,6.972814643035321,0.6985604078655037,209.69383866977483,0.18358590187957077,0.35256176583109405,27.03001384134146,36.24463511742294,0.6138479418460276,8.048523983789696,103.43944761225728,0.14219181369330286,0.08295526954528351,0.13635398234811102,0.27244713422148154,0.06171348750036324,0.9416645576309561,0.0,0.0,0.0,0.0,0.0
886088519dfffff,2024-02-01,pune,23.301450874419025,18.272187527208413,16.357377875196725,15.0,260.10843908305554,0.1356257922612893,0.3133694656544468,31.106763602600054,52.38453152550113,0.7003047577637432,7.872376541442268,251.43172972736556,0.6549517378154389,0.07088931598643201,0.1980713660844882,0.2657179978443693,0.1111519670874686,0.9461266591000503,0.0,0.0,0.3105493613129436,0.0,0.5593894672549066
88608851a9fffff,2024-01-01,pune,22.342643673232295,10.700752055621454,4.69936197218781,15.0,226.77996328679527,0.21497437510736858,0.39366613945180784,28.482774726643164,48.12208720486753,0.6834521515788242,3.3725794459228227,230.54336509567574,0.2119630232621313,0.018191235158866975,0.11071087996444623,0.2967598238180968,0.10790373160350539,0.9273248251731905,0.0,0.0,0.0,0.0,0.0
88608851a9fffff,2024-02-01,pune,25.86404915663111,16.52166977665705,5.122763598257968,0.5,244.97017303720008,0.19632083931812672,0.20839167001564307,32.133667424086504,50.47241502723115,0.42091463079653674,20.22082266452675,406.14957836381,0.4261623842968075,0.08689672822917424,0.13276071387118135,0.23866632787075834,0.12613154854987546,0.8374064617571918,0.0,0.0,0.15524822512473038,0.0,1.4328503298808413
88608851b9fffff,2024-01-01,pune,20.587115786465553,13.389030398505618,22.063202875598165,1.419391638576034,215.59134339930114,0.2222017951196802,0.30604483644688785,25.233367036815203,42.82783460469398,0.7897865379734215,3.8653319645621367,243.62862962610484,0.6960233813792007,0.07976477287465197,0.1539491051163307,0.2462886541794372,0.06695441594294978,0.9316119721602598,0.0,0.0,0.0,0.0,0.14325224397281988
88608851b9fffff,2024-02-01,pune,22.678440311312404,13.69935141959439,5.1185466892656155,5.827278192808364,244.46369246763692,0.13788127017302698,0.3339421650901958,28.61414258731555,47.7229938702106,0.14791539370843657,7.422465187247533,260.8249082600184,0.4789839501217467,0.08453756217430725,0.10543494255612336,0.30298020890853145,0.13024478766072867,0.8628633016525943,0.0,0.0,0.0,0.0,0.4000467784413765
88608851c1fffff,2024-01-01,pune,22.511579511630902,11.117412710085324,2.907126578812633,6.962553128822782,188.19280883547657,0.19893333180138628,0.34745627447781524,25.130531461682576,46.962254803574744,0.4521511132062214,3.0342692877731805,228.81198006301827,0.125911809518012,0.3106430063281236,0.1146728874484523,0.2406561046972382,0.07143485343431671,0.8852513334069527,0.0,0.0,0.0,0.0,0.0
88608851c1fffff,2024-02-01,pune,24.29878920384882,13.883552482016468,4.3749810834773974,7.985075104032086,274.102820766509,0.11229430392389972,0.24689575132280223,26.60834102426443,57.84350095230006,0.8903616156874328,3.4365048988255817,3.0553121508923864,0.6307728272015859,0.19380324345416577,0.15876732342016792,0.28289148847278156,0.06780860636282254,0.8920687271874395,0.0,0.0,0.7539241008571289,0.0,0.0
88608851c3fffff,2024-01-01,pune,21.659459862865393,13.596617449981244,5.305016165645068,0.5,218.3946858362166,0.21733299348865406,0.3675655583850228,24.54636877481482,50.39778518489138,0.5126407675030094,15.849618836593269,242.23237374576792,0.8281129150371471,0.15583028390130144,0.1447365916729703,0.2990164538785957,0.10461619434749769,0.9225436301061115,0.0,0.0,0.1491868270250855,0.0,1.4132902147747393
88608851c3fffff,2024-02-01,pune,23.806649053877074,13.735637721158463,5.025315589949717,2.5642339596767,258.0867369204271,0.1340802587971786,0.2177712697783353,29.847034685447245,50.426357335446525,0.59209229569594,7.6027221974487365,157.41602747858573,0.17855945433036574,0.14280442542500485,0.1435807703418298,0.2717157543414655,0.0797904200001871,0.9104285668593334,0.0,0.0,0.1515074426615121,0.0,0.0
88608851c5fffff,2024-01-01,pune,22.958580413754103,17.05407220809097,3.811672118347823,0.5,174.65730450664336,0.20969998089887798,0.3368148605973304,30.732408799994626,48.367625571885974,0.22208518592894194,0.4385711451005904,440.2227992248494,0.5431446553240183,0.0468763716948578,0.15708305433773312,0.2554832705243946,0.07906420609028517,0.9317016129093908,0.0,0.0,0.0,0.0,0.11429867945139509
88608851c5fffff,2024-02-01,pune,23.898336488766827,17.547373637506645,17.669990498117553,0.9257603668734764,264.4971354419738,0.12372922010913859,0.17062874258741528,30.717238901510672,45.00523585912552,0.6827114052151089,5.909728426610591,168.37453232195486,0.42311058212713565,0.08173060169149289,0.14615114574728683,0.26197435420038284,0.06671521222129542,0.8909527038461035,0.0,0.0,0.0,0.0,0.0
88608851c7fffff,2024-01-01,pune,21.183969970928857,14.754329113935775,0.5620895509263292,2.9097302250179102,198.60666047682997,0.24790426636653148,0.2905034611800081,23.477257843894233,48.40740749362698,0.40630666513555685,4.610775088183752,359.2743915708133,0.5625576709297686,0.07280676398092775,0.13861684426992754,0.2658545227127798,0.14529100274587148,0.8516405299753287,0.0,0.0,0.0,0.0,0.7338606655335392
88608851c7fffff,2024-02-01,pune,25.000557637608782,18.1734893806383,4.304084038129114,2.844108187819866,249.00561456024886,0.142607354666978,0.20537541574152868,29.867578967568697,52.286580888769095,0.6187717336071291,6.640223226394515,17.13631127470869,0.7355079966075467,0.13340115045999718,0.15676106046005384,0.24470932363449371,0.10072782649376709,0.9172386441102265,0.0,0.0,0.302593860071985,0.0,0.02089524245365881
88608851c9fffff,2024-01-01,pune,21.60354247301783,9.721897786374763,10.666398483237092,0.5,207.84555253321588,0.18009350561471774,0.31824841060348136,24.912357449922837,46.43874890612811,0.25710246891880245,11.836034071196538,670.6201664412645,0.7648519423084641,0.005845386217890052,0.12970722226608958,0.2605974471421066,0.11144133524794694,0.8759928513575465,0.0,0.0,0.0,0.0,2.2056122173299273
88608851c9fffff,2024-02-01,pune,24.89044584234142,13.091090854320962,6.142580627209011,1.8460115950401943,235.20847378132595,0.1617420850585018,0.2314348763590751,30.28026654866001,51.68230542138037,0.9058955396919433,3.422167330308481,122.2499336871447,0.26244762342239697,0.08180324927667085,0.14435809717689563,0.2272296050567112,0.10309201671811748,0.9272569911516367,0.0,0.0,0.2535149118274401,0.0,0.0
88608851cbfffff,2024-01-01,pune,21.070620731473742,9.772161155846693,8.327886122402615,3.7997561585900987,215.50448505829013,0.2424166991778593,0.2725942112385751,29.010266609829586,43.20210887430616,0.4732860086848188,31.268079898964217,252.5326406561772,0.24481752786753164,0.039628636387072515,0.2015745663762174,0.2540888595846357,0.07066713189203645,0.9130744006090629,0.0,0.0,0.0,0.0,1.0989202554163062
88608851cbfffff,2024-02-01,pune,23.7986948023546,12.26855300572088,1.3285357755441547,6.903921992447527,238.53194093797225,0.0928913058962978,0.23567828971142174,27.80071194624154,53.95287414750715,0.5161312667828535,6.392337709361012,125.98512786863293,0.4358786720745679,0.016208795185130135,0.13012507672267243,0.24075687557188602,0.09341359619995715,0.892693113346173,0.0,0.0,0.4379293569096063,0.0,0.0
88608851cdfffff,2024-01-01,pune,21.996211939658572,10.997867065675658,9.98484708047725,0.6233553601402987,165.4295669502406,0.23321147668270945,0.30138916079657907,24.46008901402799,48.72573016516568,0.6400089346836323,21.51116713895052,81.03607495499013,0.7054005733105154,0.02035720546694208,0.10470034160219689,0.2637477120614667,0.14533565484608055,0.90362522598952,0.0,0.0,0.013383362870286472,0.0,1.2885820214468509
88608851cdfffff,2024-02-01,pune,27.53979229438984,16.191217296238975,1.4691636253242586,0.5607994699401654,253.07080687588146,0.12951954304803392,0.2447652996076277,32.21242877482037,54.698252257250694,0.5994125532277665,26.198933887375564,132.0708398218274,0.39840133387244964,0.014027587738512176,0.15373585527919614,0.28895603878719733,0.04646876136914713,0.8780994633747657,0.0,0.0,0.4984685904959116,0.0,0.8979916991261289
88608851d1fffff,2024-01-01,pune,20.87321384498521,14.534461547534775,16.9679522158258,0.6106442661368674,164.52691780190713,0.18694023339787041,0.32027487260434623,26.92132196684315,34.60681933950694,0.36275504046381746,2.0730299027631633,549.9802032090573,0.6218519897020667,0.18730182125917505,0.128854333473459,0.24441308689504718,0.11890754279666053,0.930309334766753,0.0,0.0,0.0,0.0,0.6052064010023157
88608851d1fffff,2024-02-01,pune,24.251068626803495,15.939360831990298,9.46776041424952,9.263369819768508,261.8762936063702,0.13199016399608485,0.31656279284076805,28.532917889201517,45.329223539767156,0.8421393347628384,6.7848602592121745,136.78396934504227,0.4455786964618702,0.16589365790907554,0.10089920342017758,0.2988218262507602,0.125510522641339,0.9296842174609659,0.0,0.0,0.0,0.0,0.0
88608851d3fffff,2024-01-01,pune,20.56308045804494,11.175411867029933,10.52237914035452,0.5,182.16329856707256,0.17985728801682793,0.30961691708118566,23.475325479562414,43.98686205707498,0.4937575397687347,44.41674155690971,92.66708138561914,0.1370512491740411,0.6667558114881346,0.13284883520622767,0.2679581375760699,0.11494245341122247,0.8334420284503503,0.0,0.0,0.0,0.0,1.1515520363364096
88608851d3fffff,2024-02-01,pune,22.452272747237288,13.225947319007489,3.1991073262227947,0.5156758710617348,276.2247750957502,0.14284091697363885,0.30269651337177145,28.542285326196023,49.31987150416659,0.11693889799762888,0.14836742170074982,318.77095380189405,0.32265816138812653,0.08214736288718887,0.19259937263202664,0.2526941328583075,0.10325487081986943,0.9450109909561322,0.0,0.0,0.06163922232587477,0.0,0.0
88608851d5fffff,2024-01-01,pune,22.115131929904653,14.919414124075036,1.6353087598243132,1.6346050375563697,212.1376215749782,0.190084490107238,0.3266641416976893,25.004365009614304,45.07919797441645,0.1392096329101947,3.9862003770109484,136.99465963494242,0.334033053557222,0.07065850164701858,0.12743434343576385,0.2909295531731777,0.06270044437361871,0.8876489768421424,0.0,0.0,0.0,0.0,0.0
88608851d5fffff,2024-02-01,pune,22.663445396362995,17.322604362463828,2.5180258517754113,0.872664205089944,243.36655959769493,0.1580019422081067,0.3357515118227354,26.90243401021588,50.841556877028005,0.2776290098058432,1.701102987702802,67.20782639868264,0.3002591849460964,0.2922820549415411,0.12985058357431173,0.30162818786280776,0.11614095376012973,0.9017351990592357,0.0,0.0,0.18522973971337542,0.0,0.0
88608851d7fffff,2024-01-01,pune,21.947879702755067,10.906225902253361,0.21841697770524715,3.2187233961890227,202.5612906533686,0.18478829904537927,0.3344781633218064,25.41888418967867,43.599135640893934,0.37470788560055646,3.3022985587609486,32.1225444583739,0.5623102615590382,0.04234417078644408,0.07861084637137822,0.22876146442737727,0.08141983730410571,0.8754405702826435,0.0,0.0,0.0,0.0,0.0
88608851d7fffff,2024-02-01,pune,24.454773282976525,15.01644137055924,6.848880297418037,2.431692101389976,234.77003477726242,0.1187076098330608,0.3894848934756394,29.725294079175036,48.23940697423605,0.6950606364662745,6.185241853123728,511.25690552173353,0.41611611464826803,0.05496985106385709,0.10696739401518607,0.3489611623439748,0.1477866649887128,0.8892906705252428,0.0,0.0,0.0,0.0,0.8380425567015584
88608851d9fffff,2024-01-01,pune,22.293843560437722,10.70969295756916,10.516033145863545,1.1994528737124794,208.91473587842836,0.1397341488633171,0.316730005083432,25.1476617891242,52.80983087605349,0.2435247799677584,32.445879213459115,46.60717217377357,0.7205329759037767,0.0018370251436909885,0.11741557629756275,0.30831251270910137,0.14210063675603593,0.8900637755073848,0.0,0.0,0.34509195974805457,0.0,2.120676274995085
88608851d9fffff,2024-02-01,pune,24.616295990403827,15.872340554440354,0.23574140638281313,4.472437503428673,263.0728732465329,0.1477590759407899,0.3222118109677659,28.418537083189324,51.00169896665424,0.25160095886289213,5.344442975135765,1031.3541297442478,0.5823641015936012,0.1952789141364359,0.09883911183394452,0.2488899187704966,0.05915253791218936,0.9390301119454636,0.0,0.0,0.19823639934578305,0.0,1.5355315371310192
88608851dbfffff,2024-01-01,pune,20.67647149424095,8.876949908457254,1.7199339214865712,7.462997365562712,207.89267025895194,0.17843899665903698,0.28766480035272085,22.749911789292774,39.49457811547159,0.43602115941351793,18.36432518403423,461.63062398230556,0.8318469580102181,0.1182600323477745,0.14247887886858807,0.2588994726497619,0.10226389186333247,0.8249159459261919,0.0,0.0,0.0,0.0,2.3874821346340984
88608851dbfffff,2024-02-01,pune,23.099333391154776,14.7792963075306,7.491420661369471,10.692467090018326,248.71205530371287,0.08747571504468334,0.25558101801323546,25.717599599989505,47.80770560693486,0.3624336119191882,2.2365236536223994,60.510262948228416,0.4831472652493196,0.004726032116874224,0.12639614852948566,0.27302230655219994,0.07252288207080299,0.9417135764571292,0.0,0.0,0.0,0.0,0.0
88608851ddfffff,2024-01-01,pune,24.17358865988979,18.439664101066022,15.633167360099982,0.5,171.99669678489315,0.21114175647558595,0.4645161827849608,31.51904208201048,50.731917167190396,0.7868826279808232,2.305481324305854,316.9197151876786,0.12411933943686224,0.009323679408025145,0.1099995363584767,0.2914488002466728,0.11388512085060903,0.8815926658479029,0.0,0.0,0.17632485785887936,0.0,0.0
88608851ddfffff,2024-02-01,pune,25.319164082059256,15.381336809092833,16.36902932920465,1.0114635422184748,269.8866217489261,0.12585412180213676,0.2724122693871615,28.0291625824541,55.37875289035854,0.39027731448681835,4.522853577433843,179.03966639554883,0.5222653584784414,0.23953999531422007,0.09108353297048766,0.2637809609793028,0.1024488120253371,0.9098289557411894,0.0,0.0,0.5537385081991819,0.0,0.0
88608851e1fffff,2024-01-01,pune,21.767195311868715,16.29859100644446,4.723937123217937,4.181992006770752,196.99821234906207,0.2028206209902028,0.3605678389089507,25.271437714828657,38.67167660527855,0.31363856844913873,2.0315567639579672,47.777550608707905,0.7352894061875161,0.15189764541750378,0.14728285598805677,0.3074113426563273,0.10155723574682428,0.9347369542127246,0.0,0.0,0.0,0.0,0.0
88608851e1fffff,2024-02-01,pune,24.779822168302076,17.44707237308743,0.7477338521201454,0.8370311714280614,248.9718217480851,0.10257081877777603,0.26058669239877474,32.661422693861624,57.09249349344432,0.8690964761619809,0.8168139727209789,29.574971424840584,0.19070250647974812,0.1833539253332446,0.1807067218090145,0.2516066909900656,0.12117505118395604,0.9330307050522728,0.0,0.0,0.6929276543792895,0.0,0.0
88608851e3fffff,2024-01-01,pune,23.786438039322427,18.112232765506192,0.3289540229326366,0.823130716786864,203.00634569989822,0.1516912977581657,0.41840140828389777,26.456843900883463,39.453129016615996,0.13131240500834818,3.189798547656116,233.53358805043055,0.47388170772655075,0.28568585466663915,0.15755937037801476,0.27763211581094555,0.17508996507853783,0.9237214641614451,0.0,0.0,0.0,0.0,0.0
88608851e3fffff,2024-02-01,pune,21.957712186101624,15.402877395142314,4.496229543079023,7.609109145707315,235.39996938613214,0.15900627755215854,0.2739133895046074,29.541315510383413,55.00483418950228,0.39880303999264316,2.171280183408143,216.0481662030974,0.49647805752862617,0.15561351893873748,0.13601100137109925,0.22437425025972146,0.09394180470603283,0.8356714944594463,0.0,0.0,0.5233690201802579,0.0,0.0
88608851e5fffff,2024-01-01,pune,21.397874142947167,12.738852886304443,3.390049046704047,5.323743686254049,184.167388765777,0.19536928904888953,0.40377073460069735,25.302081755908503,45.27713620301515,0.8601187100428979,11.724468279850889,280.77315423903985,0.42400709624196803,0.227245378388562,0.15076960355407742,0.24306315463091813,0.07434445350961799,0.9249897627124488,0.0,0.0,0.0,0.0,0.015612060706436854
88608851e5fffff,2024-02-01,pune,25.73184728914972,17.420495214935787,4.414975322092232,0.5,237.8122569330011,0.16534064576111654,0.3307001956714905,30.516400050655655,55.39531793637098,0.7820891689256348,5.687927921608302,366.4810620745177,0.5906660030788065,0.10543557204852927,0.170710790428531,0.27602569008469047,0.1250237155944866,0.8930801809800027,0.0,0.0,0.5550839128693833,0.0,0.718973787872146
88608851e7fffff,2024-01-01,pune,19.181039713999745,13.672479800883995,14.847810040412693,0.6806540535758921,207.29946726775444,0.17029222327868904,0.4171971151522728,21.88536055308076,43.85808260885897,0.7579368657290303,4.667471490914241,180.8123898834449,0.5170891816218655,0.001968144550747822,0.1190068901092322,0.2995208740114303,0.12292963987468994,0.8954865474476146,0.0,0.0,0.0,0.0,0.06794207913186832
88608851e7fffff,2024-02-01,pune,23.79715795070294,14.653373351602134,22.602122484044266,0.5,236.08066835315503,0.11350717506509166,0.3224131454207265,25.951872890988223,48.76551161021447,0.6253740159369182,9.49346130974804,1101.0567203467986,0.14927351086227628,0.02911318423344097,0.147728401872818,0.22421705590257332,0.1160702051813308,0.8765942846444923,0.0,0.0,0.016614391743723363,0.0,1.566277992178818
88608851e9fffff,2024-01-01,pune,22.777073134609378,15.288296093500904,17.350663146224438,0.5,202.1184710889873,0.19576293198737482,0.4083026446397183,28.905939145002137,52.82928237338052,0.26412499211012724,5.292719181772528,63.026166990814986,0.258608355999242,0.07139050236059946,0.13151820997618768,0.28091131734733615,0.1150241236013117,0.9007043077658238,0.0,0.0,0.34667180053609387,0.0,0.0
88608851e9fffff,2024-02-01,pune,20.621631919869305,15.584813330775656,17.57839814717949,0.7741596487933025,232.79738114813776,0.1736271872404575,0.22712974582923146,25.993155660863298,53.10795586342544,0.6019616190964481,0.34568307350930405,347.26566152663565,0.21360150069886905,0.11561083048359601,0.10924738856437013,0.27425703819777075,0.11626195570728282,0.901520931797514,0.0,0.0,0.3693055206408401,0.0,0.0
88608851ebfffff,2024-01-01,pune,19.69028286843083,10.225065825538367,4.719094521758107,1.1271800046338574,185.95393034044963,0.17097525132343108,0.38555886850966825,27.523265677768837,53.4805043538716,0.27530331614464915,31.951424404786838,205.95172685559558,0.19714009229569399,0.07032180848232525,0.12653518338577205,0.20131890508108918,0.12819613896331175,0.8733049531421632,0.0,0.0,0.3995637208623437,0.0,0.986791356897397
88608851ebfffff,2024-02-01,pune,24.861263626240188,18.570582108468066,22.07493688415333,12.242604396505754,228.0196784605182,0.12203083454852898,0.28050640491376017,32.43938522599386,48.95405081641568,0.9339723281500545,4.485091867968921,105.97433928028647,0.22026592634599038,0.23229033756464576,0.12920487221744292,0.290648414172468,0.0845040227594897,0.9219702718304862,0.0,0.0,0.03192745084109759,0.0,0.0
88608851edfffff,2024-01-01,pune,22.540248524991032,10.960125262368475,8.672759149695192,1.0156942899537942,175.30967521539333,0.17748814169403396,0.41948872008582205,27.091590972794638,51.41102447804052,0.4915572143763283,4.29755384594454,472.68074538480926,0.10307775355168658,0.02932609021499744,0.21358624969603962,0.31872326471296647,0.09562578166221983,0.915849251361006,0.0,0.0,0.2314816106321375,0.0,0.0
88608851edfffff,2024-02-01,pune,23.249784485078216,13.787041166485576,10.449409662002495,0.6475796706175927,244.8907098115384,0.10189670609812285,0.27466618528436265,30.636269048520358,55.13518325112873,0.44248261151403623,6.916412971883654,131.54018905780467,0.6702995419292483,0.03677216807226527,0.14764220373359152,0.2618235866178629,0.09360422940855476,0.8800424215625507,0.0,0.0,0.5339559051268443,0.0,0.3611987728443467
8860885201fffff,2024-01-01,pune,20.515227201634634,11.172779671919816,3.041566394645589,0.5,185.47311895366371,0.23848562109978472,0.3314350170098622,25.769605435579084,43.616528760730475,0.3599410915880887,4.059280193211703,135.923666600772,0.3890503080300036,0.3772496954626032,0.11212959214579578,0.30970325097118634,0.09555034730296709,0.8869685803416656,0.0,0.0,0.0,0.0,0.0
8860885201fffff,2024-02-01,pune,21.094336173432918,11.021578413399062,7.509569413737376,1.672695751479285,248.69275523470458,0.12164299234685515,0.2517211449725797,29.0262709291137,56.56415693158728,0.4382210718878606,7.267577230485962,91.32343254518041,0.7996556637535271,0.051020032512344736,0.11953758043631642,0.30022754002900154,0.1193132173120782,0.8709695460567061,0.0,0.0,0.6500164256856348,0.0,0.7288972591982459
8860885203fffff,2024-01-01,pune,20.150588320776972,12.904514347586106,3.528410727019527,1.0062903442932187,200.4959315792357,0.22435974986272877,0.3642705180589158,27.001695900768418,49.979394052185484,0.41419785519537855,0.8249120098001743,164.79798134655158,0.17343896489708183,0.4761449218834218,0.10665144204144418,0.2654763784126556,0.10083918691976884,0.9028082634689577,0.0,0.0,0.11520531055415496,0.0,0.0
8860885203fffff,2024-02-01,pune,24.118878127954847,12.947659987817769,5.039541016657213,4.605197746333915,232.80143999330272,0.13403599736091157,0.276427735944196,31.562158419891798,45.988501231606115,0.6280091479143428,12.250513639366131,380.69382353615384,0.38650672100837397,0.21203032092260873,0.1676656767892033,0.3092000563844114,0.11579119730690687,0.8361964720371181,0.0,0.0,0.0,0.0,0.8530364932662716
8860885205fffff,2024-01-01,pune,21.115512468989962,15.912828788699994,0.30997526153722504,0.5044477964966361,196.11762255582968,0.21530861823624495,0.36022341779883343,28.409856097424296,46.39949413724374,0.5162642334850538,4.877455552782322,75.63924258572474,0.28149352044970144,0.034798269707126246,0.1367586984451497,0.24755037538997895,0.09834997471608918,0.8606185085496639,0.0,0.0,0.0,0.0,0.0
8860885205fffff,2024-02-01,pune,25.153455099854675,15.221368301831074,11.79675387669983,5.632640064006205,254.81426654765673,0.170771518053438,0.25175983089042786,32.94368377271254,53.772642746789764,0.3656398852237418,0.978700302841008,384.7930909474229,0.6628726208612336,0.22775914915161488,0.09920723116263852,0.24435769475173152,0.12463125927883087,0.8651744788299003,0.0,0.0,0.4232910535773941,0.0,0.4195913198867836
8860885207fffff,2024-01-01,pune,23.551482611528414,16.498083587123386,9.509239030635035,1.9088251551937923,161.04431680341236,0.19593899260712014,0.4295483576464507,29.003988506377503,34.116288026605716,0.20075763780694264,1.5948508821955116,32.27154116052533,0.1540698127009208,0.02732293375625315,0.17688962193584679,0.2675309302330679,0.09970074463914332,0.8898135629802839,0.0,0.0,0.0,0.0,0.0
8860885207fffff,2024-02-01,pune,25.022552594694883,18.112081550701426,6.47404918854177,3.864945264209066,218.95328042419084,0.06590571699067421,0.3041835439563566,29.31649716951614,51.292296579710296,0.6858074921453747,8.98078016424356,61.64326371464382,0.447535386851736,0.05235035882735166,0.12943741025083058,0.24578647826875308,0.0862048982352852,0.9022080328400782,0.0,0.0,0.2218385906986742,0.0,0.0
8860885209fffff,2024-01-01,pune,23.219652176281507,17.006522477456425,10.142702131645688,3.1059636757456466,189.28535868289578,0.22023642867875806,0.45534242188647905,30.849727947933616,44.5945393323182,0.8414908023512342,17.41848810126414,328.3580297259706,0.5503848169789427,0.6246133735938011,0.16944345817801695,0.2417886890049299,0.14987414641166016,0.9122149427424839,0.0,0.0,0.0,0.0,0.8055951483707772
8860885209fffff,2024-02-01,pune,24.57525130895323,13.98349326145457,8.370931630112969,3.43166097666555,235.92480608716878,0.1260832200083502,0.22941330155303566,32.48415511030827,50.03800030764289,0.6505499532105692,14.128066951129663,423.75292578681683,0.34539975542726215,0.3344757866320457,0.12019293323866811,0.2893571517723015,0.1252300323896995,0.9358586714769876,0.0,0.0,0.11996528102065436,0.0,0.40132775314666286
886088520bfffff,2024-01-01,pune,18.240100331544173,11.581107966012297,11.910509347874198,2.006044972759332,197.5184712824586,0.17565955913608122,0.31136124674203924,20.84435623607333,50.34800950301892,0.5599005816570448,0.5392212656645201,329.3828340485336,0.6458370698524951,0.5902151570053225,0.10251797877692259,0.2858258252236744,0.11441433834855708,0.9009934615824847,0.0,0.0,0.14514407128487283,0.0,0.0
886088520bfffff,2024-02-01,pune,24.863012387054706,15.0632076534752,3.4478225213465996,0.7522600969478102,249.6154146200992,0.14276136197630337,0.2883623305456636,31.70915347723911,47.78147096022494,0.35986823411294655,2.4497523065072517,213.4534911066301,0.7554215621619524,0.0764273692897644,0.0800231822003741,0.3043528998658781,0.09547466725134464,0.8684313815008738,0.0,0.0,0.0,0.0,0.4327895103905377
886088520dfffff,2024-01-01,pune,23.598721295930112,16.71800606258283,0.017409439949662257,1.0068032991964544,200.65986367613664,0.15946688352927538,0.3545655105433552,27.365310386468707,48.484655435635645,0.33909932598532994,8.728976699561782,628.5609571684065,0.12007412673037911,0.11977552226370769,0.052440118040473216,0.29840225349040905,0.1108391088210614,0.9011123897465964,0.0,0.0,0.0,0.0,0.1400054534123878
886088520dfffff,2024-02-01,pune,22.637542500518943,15.392271013630866,16.84236933375367,0.5966866924752499,268.1227521920015,0.132618419330628,0.345355673546905,28.670853904002325,44.59441445249436,0.6375381551851498,1.1696098652325322,475.1623391291681,0.008626770696957496,0.1493914236524773,0.10773109992265373,0.24685370871846846,0.11480487027873064,0.9033768931762408,0.0,0.0,0.0,0.0,0.0
8860885211fffff,2024-01-01,pune,23.99476291764751,17.661616602210607,15.29107887043507,5.296288846838928,197.39422481244048,0.19932635514482477,0.40934945061077466,26.214304061389324,38.55828487916338,0.31702399739303655,6.0440686204683045,687.5102495438871,0.22116931689968133,0.07886871457385189,0.09582441463898952,0.2770525453285916,0.14130933940804913,0.916011611330896,0.0,0.0,0.0,0.0,0.46565457232691115
8860885211fffff,2024-02-01,pune,23.224246565783844,13.817921167577563,1.0709283274861645,1.317963024649934,246.42465259932413,0.14317042222501533,0.31511023309042957,28.665330599411316,43.63060518261918,0.6836973364750403,2.233111965518595,137.55561825075142,0.17980197321404012,0.24500910410020915,0.10153084542972493,0.27681396993319635,0.046041721374035685,0.897996068837381,0.0,0.0,0.0,0.0,0.0
8860885213fffff,2024-01-01,pune,20.972926854312064,10.68264076160479,6.081776292907829,6.068937249386421,201.61920028341538,0.15561463015234006,0.3258004845778396,26.16705492679062,42.58447987349113,0.3224440700506046,3.0950591818723705,911.8797220533785,0.3371361338108836,0.20494755641117446,0.18724367921431925,0.26671891633045297,0.10494130671786896,0.895104823722525,0.0,0.0,0.0,0.0,1.0731591361302062
8860885213fffff,2024-02-01,pune,22.52273978145232,15.945354542717613,29.34937919734512,6.132033418963198,238.5586587008639,0.0617712378406859,0.2996225320689587,25.187292634393213,52.57201592961108,0.5453806424100183,4.126860201289502,192.63784076567376,0.6218769640932446,0.09517288312676438,0.09613980879119968,0.3228442190909625,0.11169170652934586,0.9205099647344809,0.0,0.0,0.3257767499172404,0.0,0.09912978041195901
8860885215fffff,2024-01-01,pune,21.953095763920963,14.820384044529954,7.11718791534515,0.5,221.07830233819124,0.19892810575730419,0.34147215370923084,29.576152250558167,54.26421820932186,0.12465184956283093,12.56110982690662,82.0609436816115,0.6191284823064026,0.0655346713006607,0.13030706374290701,0.2887670542960329,0.1144592750302561,0.875529016490452,0.0,0.0,0.4632165643517393,0.0,0.5782248102146595
8860885215fffff,2024-02-01,pune,23.47391546469508,15.422303759670015,2.4140897404810775,0.5,253.93936328712667,0.15076414339331123,0.2972153236145301,27.940700104722488,59.37178352079184,0.7171678461056319,22.193632293185477,96.64044064066411,0.5741067416141291,0.48599406352956354,0.10906436607188724,0.2366773659487615,0.10430391668554738,0.8801885327154753,0.0,0.0,0.8780504391415141,0.0,0.5759847828268593
8860885217fffff,2024-01-01,pune,23.083176152210598,13.836367713925029,3.5471603651912176,4.852625811125565,212.39568027121146,0.23928754243347677,0.2804872770988386,26.98576165969496,48.94000385318951,0.7159909684260517,12.236553390415414,72.95683296941696,0.5006631211968884,0.034400487145934334,0.1745596882464495,0.2885142157640319,0.12395327997546575,0.9611054459456762,0.0,0.0,0.03078656358292452,0.0,0.08776992891102196
8860885217fffff,2024-02-01,pune,24.562935251277494,13.069715247227107,7.442092110073157,8.715229303351357,229.63968077331208,0.13803187205161474,0.3133287039537332,31.67746739688075,46.13945667118,0.8229243130684859,1.221639717312962,17.300822494258604,0.42002658087067485,0.33033673033670724,0.1232539431565366,0.2826368577707501,0.13929034146600366,0.9259944485778409,0.0,0.0,0.0,0.0,0.0
8860885219fffff,2024-01-01,pune,23.02350206736176,11.366841105144484,10.694930028515552,5.797080737061165,194.05265515536874,0.17936156133617076,0.3696475897940641,30.746450670060952,47.481560488376516,0.6680655536636293,4.659933183034123,216.9712558845544,0.615228229004151,0.023770765545656644,0.16641486826755642,0.3054736838435117,0.1457071178623865,0.8609181419924714,0.0,0.0,0.0,0.0,0.6776147301032338
8860885219fffff,2024-02-01,pune,25.62009882406789,19.179239813743294,5.804004925867564,4.509531471709478,241.18390363376227,0.11675967560709939,0.1875707253780648,32.66601024734801,60.990912451767656,0.3035504087813924,4.1278984539637325,922.262593801083,0.3398753733939452,0.0488592288460366,0.0882582384475955,0.21754738452265462,0.14921285149679267,0.9181525620817087,0.0,0.0,1.0095552731007722,0.0,1.0651104924816643
886088521bfffff,2024-01-01,pune,21.994299958079502,10.751141744588283,2.1713602922593513,4.182107225997946,196.05261392340975,0.1692656869741128,0.38375064296311934,26.028462717833115,40.69026957549311,0.7264811472159698,52.2284187115713,111.93348889837887,0.21700402131269783,0.014865891568307145,0.11965412098368251,0.3203062434695111,0.10991977638018265,0.829768974462336,0.0,0.0,0.0,0.0,2.499436400293806
886088521bfffff,2024-02-01,pune,25.31789016489366,16.568079685802658,4.658939445264099,1.8299584172502303,219.62447390500472,0.10788108248360531,0.32969200486091166,28.81012633838748,57.871812160373416,0.4768310267666965,1.607131845248335,5.553450841686018,0.3497008689674055,0.1803470362418874,0.09281966764948586,0.22216072590271765,0.08406557790837925,0.9117333321661275,0.0,0.0,0.7562235228769855,0.0,0.0
886088521dfffff,2024-01-01,pune,23.0457876178309,13.790092817539756,5.081592092632143,1.943957215054117,180.0642176781952,0.18471974694156323,0.3511520363112748,26.213995421919943,50.11045493419263,0.5082135012504055,1.2630622021710693,610.4971545575848,0.7310441202023998,0.000393104235339836,0.1220328201274058,0.30361973549037236,0.04174621396240284,0.9157770570622656,0.0,0.0,0.12585000919252504,0.0,0.996656204063285
886088521dfffff,2024-02-01,pune,20.660814879079773,13.681858833397053,8.086614654914525,0.5,250.41814709536942,0.08821028564900811,0.34762457029319244,25.351917061538206,48.45043084832071,0.2638396089770354,9.494589645780641,207.395960677072,0.624496751475438,0.07506475247904383,0.14787802803300598,0.26317012846337373,0.15102341780693343,0.8637608150130365,0.0,0.0,0.0,0.0,0.827775631388977
8860885221fffff,2024-01-01,pune,20.14089266061952,9.440397101373508,12.910366808304005,0.7597569338867397,184.21371332817006,0.2269763668077711,0.28726319645634163,25.534820539173253,44.50258699531287,0.5534114555705167,5.461194553864984,1.2732653593489622,0.28002432310256925,0.25613977964592843,0.12692085533967548,0.2927468250081597,0.13468325085125635,0.8607090634707584,0.0,0.0,0.0,0.0,0.0
8860885221fffff,2024-02-01,pune,24.959730876922634,17.425295179670147,25.055095309039107,2.2149581143067243,238.56608320770835,0.08595999475178928,0.2587489896545724,29.915221239489245,56.75601708460764,0.37953061299446056,3.4897205697443003,478.98242494240264,0.115863840353311,0.25783597161970706,0.11026770599288856,0.22804900343852955,0.06932493732494596,0.9434081313431548,0.0,0.0,0.6655992104062651,0.0,0.0
8860885223fffff,2024-01-01,pune,23.061674809015702,15.238525565080106,11.389532104551668,0.5,203.25210829155682,0.21701382077839745,0.3635801272691721,27.46609015589953,36.62579909535595,0.9527471315398948,4.276006041243105,392.2482287033394,0.34804377796298386,0.35678664556118045,0.09629900092174654,0.28249625091622144,0.09406751007159825,0.9512554708965343,0.0,0.0,0.0,0.0,0.0
8860885223fffff,2024-02-01,pune,20.19926991798875,10.697169720324348,17.25784940657723,2.1992979465733598,252.98540273469274,0.1865793504924106,0.35539313835583186,27.120145028781117,47.83987460270827,0.6498430381488277,1.8740555063963253,121.16153403561513,0.6135855068915929,0.12961743105300058,0.13098558357208426,0.2679404957610272,0.12846451696728223,0.8451224165180652,0.0,0.0,0.0,0.0,0.035864712042591326
8860885225fffff,2024-01-01,pune,18.248394725407433,9.492374960816933,3.7369752536212997,1.314153565394347,181.84325001615795,0.21844670215762008,0.31321858687896437,23.200264249631033,50.25690614730664,0.34047382832785067,17.25096737947708,321.5527193487769,0.5955934328602595,0.45742291640470273,0.10414500503765606,0.24773196213553772,0.1087341017004603,0.892526478857458,0.0,0.0,0.1377447027498082,0.0,0.8335280275953821
8860885225fffff,2024-02-01,pune,23.05331488566576,14.221920469305275,8.055701948090213,10.115851257579026,244.30998977045076,0.08094186326094602,0.13851803725749845,28.11835874457742,50.39397596103488,0.2529178993509238,19.483071165407555,111.20677778915247,0.5805104029971208,0.15018269283127164,0.0846486058611042,0.25819012075505526,0.1104598162366538,0.9166274131247145,0.0,0.0,0.1488774437874818,0.0,0.6079713040152446
8860885227fffff,2024-01-01,pune,22.43334315960269,10.69725446120807,9.44013780359464,3.530498041997193,187.229792486573,0.17105605440237825,0.3628413978459023,24.71557302418688,51.84861810400653,0.6689775738140181,5.251163346201677,309.88275242236847,0.25694362754946926,0.38035388316399155,0.1309840490178712,0.26892588728846706,0.05917487328178953,0.8785640577196273,0.0,0.0,0.26702274390656405,0.0,0.0
8860885227fffff,2024-02-01,pune,24.771871930921854,15.796896041937615,7.053010058538504,5.244372611352897,268.8652127471222,0.15551501058611694,0.2823530471363169,30.7924930671564,57.40366754008213,0.5552173185564829,1.3822601609575491,143.09079955819374,0.643140736983913,0.23633374936645252,0.13753118418095842,0.28240790454106596,0.13189711619739283,0.857692734141263,0.0,0.0,0.7182010532746282,0.0,0.04476185222702387
8860885229fffff,2024-01-01,pune,20.04443723893861,11.134827129847388,6.440589689452901,2.2334166017829853,206.36165301102832,0.16591879799510953,0.3031333889610964,23.173867892147587,44.80973828957211,0.5350667295638717,8.515745924162493,268.17795557789344,0.35222772226867377,0.21732555736113696,0.10590126954472917,0.2859876881096516,0.1298838442832084,0.914273080043389,0.0,0.0,0.0,0.0,0.0
8860885229fffff,2024-02-01,pune,24.602320558757764,16.948734606152918,1.0674633674443244,5.358308593973771,256.69310995588444,0.09115500536410509,0.11765502049775056,29.77009091179879,58.166566540283966,0.5328696823751589,0.03836916573598358,470.49441510899453,0.2678062820001895,0.08988413947072106,0.13614524707826606,0.25287780347721944,0.056058206119307986,0.8614618815463158,0.0,0.0,0.780163324734235,0.0,0.0
886088522bfffff,2024-01-01,pune,21.317100417493183,16.14675458907786,6.356010035254562,2.034676425514485,174.8034846084379,0.20501401030059724,0.39500429352793637,28.765279633935478,53.89210902174516,0.7428631231518755,12.008329737726001,22.36768438271362,0.16747607519866467,0.26048655949223887,0.15173515089928424,0.27127010694398335,0.1209645344619088,0.913426996116044,0.0,0.0,0.43299404408740405,0.0,0.0
886088522bfffff,2024-02-01,pune,23.30764547992915,17.009297554588517,3.3459624253613693,2.345358615769659,245.882696978166,0.14090904186634887,0.31866702375826816,28.42538672397294,48.09542951488788,0.423464090622108,14.684085838988862,357.9145778697342,0.16381908235967158,0.1335624175164139,0.13430747489401987,0.29640126713800075,0.11059498713368515,0.9053833200397028,0.0,0.0,0.0,0.0,0.13213161175896018
886088522dfffff,2024-01-01,pune,20.462365830779095,13.274060622468141,10.989883857330188,0.8561783435290342,185.38637430845924,0.24281722432297553,0.4446917446123169,26.735907097477146,45.833629675931824,0.406292578772769,8.23028296972094,213.73489894777708,0.20529314255380898,0.30467181187706516,0.17474447480473626,0.27351087777163646,0.04066360551483135,0.9112218644518659,0.0,0.0,0.0,0.0,0.0
886088522dfffff,2024-02-01,pune,22.014619896022662,12.21686555750322,2.8568546491365976,1.5715602094926138,254.2519396863677,0.17896335494634485,0.28856169590197017,24.59757602733384,48.38750908480612,0.7000478215168185,7.159352565733945,23.48032590321868,0.2830949956666267,0.17525811561103258,0.14708512641599022,0.27805219270625453,0.16978616779623007,0.8930318487919395,0.0,0.0,0.0,0.0,0.0
8860885231fffff,2024-01-01,pune,21.416074401891436,16.37110077967646,8.764959258734237,0.5,187.82835717970625,0.1877681954496446,0.39370201133092597,25.73247382124201,46.767744552125635,0.6494185700358373,12.163363952865774,239.1489522113588,0.13927911115820762,0.005432537349791658,0.11420924350144838,0.27591518015595323,0.09008729433197818,0.9682996496376202,0.0,0.0,0.0,0.0,0.0
8860885231fffff,2024-02-01,pune,23.06206147856621,16.308749045608764,10.099300645023357,0.5,256.2384724725442,0.08947300900899208,0.32641696849930957,27.94515234668303,47.610397535990444,0.6353931347150829,4.090497079588467,392.5746821391793,0.22852655000085842,0.03972945648827507,0.16343189127709318,0.23801356608403074,0.07205997761697183,0.8998427380611693,0.0,0.0,0.0,0.0,0.0
8860885233fffff,2024-01-01,pune,23.32889726430303,13.430708655239544,7.639066235533187,0.5773274745629399,210.041658012316,0.18187366055149284,0.33124218440654113,29.77897689024921,47.541975959436826,0.37273310072034943,0.5757563582399012,209.29963416057592,0.6012829042754084,0.18476771042766393,0.15478814444136527,0.30674688021180785,0.08630470248110463,0.8986740955021357,0.0,0.0,0.0,0.0,0.0
8860885233fffff,2024-02-01,pune,20.935572920119597,10.495202810950316,10.801945157516696,0.8462180409334268,231.93349071933056,0.09637520891767037,0.39384877996206924,27.584358498362473,48.20200058368124,0.23478418049897626,0.7785776285518716,114.48647393081855,0.6441959772769482,0.12685413634374199,0.079437322775208,0.2694141700335133,0.06600689982094912,0.935262558116106,0.0,0.0,0.0,0.0,0.0
8860885235fffff,2024-01-01,pune,18.822616518560146,12.373981052433233,1.2108586653197824,0.8523018402786298,185.4656551270083,0.19559050840145425,0.41460427670362743,21.42066064551474,41.045339687644876,0.5606971261419583,59.766093204322644,65.45287572717763,0.2752175178423566,0.22172857781467076,0.11869203878738582,0.23257230171480409,0.09981482366421231,0.9141272776441076,0.0,0.0,0.0,0.0,2.306868747483865
8860885235fffff,2024-02-01,pune,24.664755713963743,17.843188852698663,49.30909365174716,0.7503444203166667,252.5464360303828,0.15554890275374433,0.3118318463364212,27.019437252658342,56.294637072937945,0.7187571750833911,10.843886254824685,261.43136802331423,0.2960194671386902,0.019588832167442498,0.1251377352132704,0.2858327214861335,0.12668128900310946,0.8571096763777231,0.0,0.0,0.6281261588993806,0.0,0.2602737827085796
8860885237fffff,2024-01-01,pune,21.264074397132063,9.265213761991507,13.717966800173215,6.210421423879184,214.1736450855489,0.1809388202359419,0.31047743263319666,26.892921595654613,51.051675242154516,0.4652390049635846,1.5293877825328852,55.7860701113089,0.2553665404495976,0.044353447620159206,0.1529665032900603,0.2716051473199768,0.11461346817786602,0.9160403969150508,0.0,0.0,0.20229544719912793,0.0,0.0
8860885237fffff,2024-02-01,pune,24.592395186557113,15.613682873828822,2.2555124503295283,1.112348699235738,234.49119888683177,0.1577326425502944,0.3049310057799763,26.69719200588088,59.78554516074945,0.37321502633383147,11.610557124969382,328.7746242225126,0.4917452092582434,0.14785213664142047,0.07929815709561262,0.25068454319040795,0.12513128370681847,0.9172426833204825,0.0,0.0,0.9116559505497644,0.0,0.42110438962276475
8860885239fffff,2024-01-01,pune,19.844444516473278,12.273777432106161,15.576693080595485,0.5285852959407258,229.1422596777598,0.20491483746429656,0.31784242052964107,23.567538821830766,45.868814192619055,0.09862583014399602,41.26302917934099,477.14638879192364,0.2422374228970895,0.024096362724872155,0.16784167107942874,0.2906535352843052,0.024519556189376554,0.8833480562787316,0.0,0.0,0.0,0.0,2.2251645381426033
8860885239fffff,2024-02-01,pune,25.75587946941402,16.868204010694022,16.03872885109551,2.2719457796192,214.91516636217023,0.11065800019726273,0.3229741399816786,31.65992106047137,57.37721378701971,0.7716471220676441,5.088973860768398,204.1833696916256,0.8089193997994175,0.005928433077244641,0.12788535517160926,0.3089843845966925,0.11407777960542446,0.9012093817630704,0.0,0.0,0.7160524928125678,0.0,0.8119744023370238
886088523bfffff,2024-01-01,pune,21.125232398986306,9.331168423383279,32.08508276189326,4.893203771920108,205.2400645689115,0.1995683915513182,0.3413270102704083,23.645485583134924,56.5925368708437,0.5683827215197064,9.89557709368557,78.73462996586477,0.21463612187105002,0.8243012006241437,0.12167749371038124,0.32147077226048637,0.08766904833313126,0.9412271627116405,0.0,0.0,0.6523214300174646,0.0,0.0
886088523bfffff,2024-02-01,pune,24.41664225755138,17.718163879152314,1.5644356313652885,0.5,255.69580136573273,0.09089632271667873,0.388440174397115,30.4729067885511,53.226126012238424,0.42151995294638633,12.282511282455111,310.46769868097357,0.044473703534510904,0.11328542894091416,0.10887622609329313,0.2715219990574283,0.09924813419607108,0.8782928681067618,0.0,0.0,0.37890324044023055,0.0,0.0
886088523dfffff,2024-01-01,pune,24.613303061837616,19.509439546951562,2.089626733153396,0.5,209.02963670792948,0.19528141805397678,0.2824803456883451,30.07158845864589,43.4500826956069,0.522846135769885,2.838965039551383,206.51040899468535,0.36441968761433297,0.08768481821177664,0.1424577855710487,0.3121376105729684,0.1415365635429922,0.9009572496022942,0.0,0.0,0.0,0.0,0.0
886088523dfffff,2024-02-01,pune,24.308390556879715,15.903306762620536,9.347451754111958,2.7341758914620766,249.9050640777779,0.098451666557761,0.27476466566366115,31.02317766931415,60.00166913640439,0.2312749662224754,15.918566982877634,165.3222520803916,0.3001208809887641,0.10420721491970178,0.11656778798656156,0.21783499928687483,0.06690379769642628,0.9072742310537147,0.0,0.0,0.9292094306892295,0.0,0.0
8860885245fffff,2024-01-01,pune,21.012568046538775,14.18222955522749,7.367208459788887,1.9011621089490003,205.30620133632115,0.22409805338596706,0.30871525916937453,25.289199230790544,43.336851482301796,0.5642321979126054,27.332852772975876,148.17524174463844,0.3581088882686282,0.45663840602337086,0.13143099471445324,0.2759907382104144,0.07158833847359318,0.9229145932501145,0.0,0.0,0.0,0.0,0.39927592942763696
8860885245fffff,2024-02-01,pune,24.134617416254347,14.97950063329872,14.031625290360871,1.2007970851157506,224.3854214384641,0.07733885555440759,0.2234084418904134,29.909016988446595,62.421595877106114,0.4669838309236759,18.231983499508644,298.48851780420296,0.5434395095211553,0.1307475954709695,0.15041777793040387,0.25857475914018474,0.13602968955448466,0.8903771718304229,0.0,0.0,1.1257546582751243,0.0,1.208531485303427
8860885247fffff,2024-01-01,pune,17.643763582608642,8.191568822518489,5.78337905895843,1.352728087933825,206.9784963209788,0.20213878791204648,0.3337591686297197,22.906238954730735,47.51980967366955,0.6287246007805413,0.09032589004758679,13.23896011483901,0.6644175522218564,0.14751468076643773,0.07153151519925419,0.2166876657159642,0.10878737149489567,0.9043236233617401,0.0,0.0,0.0,0.0,0.0
8860885247fffff,2024-02-01,pune,21.155562291556077,11.947366011913752,6.730281695942147,8.986904421922501,242.01522027402208,0.1508210684723011,0.3905541024986951,25.94199038513576,46.54476072127876,0.5454654558488301,10.315895141422558,120.24336242207994,0.7191832939173298,0.009800386155838321,0.11310922826438641,0.25025177939007826,0.14401548768619626,0.8618992462055584,0.0,0.0,0.0,0.0,0.8397910251106181
8860885253fffff,2024-01-01,pune,20.206746042171737,11.618172777613749,33.425975723329614,3.065360704266273,162.63115481893936,0.22235731512743195,0.38508909396010504,26.29113214656996,46.13518023398039,0.5630199662383641,3.471057738288974,54.34357196565194,0.5107726325407173,0.20314278270244004,0.1595967140595452,0.3050490185069673,0.08803862494854632,0.9140058166342006,0.0,0.0,0.0,0.0,0.0
8860885253fffff,2024-02-01,pune,25.231109337818417,19.437106568000978,11.056876591542803,3.262380250515699,267.79154339533756,0.13430525293142306,0.36587378608228527,32.60396903368161,44.151481180931185,0.3994073940352171,0.016666049680921568,274.2441497630908,0.36575175457310866,0.1251377018443664,0.13161539347297452,0.24176815406281293,0.12300872754285912,0.9406355700731652,0.0,0.0,0.0,0.0,0.0
8860885261fffff,2024-01-01,pune,20.985359586405615,15.648894999042863,13.10046048347991,5.04907202732642,236.13542197442382,0.21611114383679475,0.3331127210877245,28.538896675579657,37.95504373546281,0.6642473342466508,1.2476652756373714,183.2956614366468,0.6153328728188532,0.13163075870913368,0.1702141026213067,0.26741020291920076,0.08887395165158286,0.9183338359448664,0.0,0.0,0.0,0.0,0.0
8860885261fffff,2024-02-01,pune,22.565396341341817,15.495471398525817,5.287226309254091,3.8133910248507608,243.72500335164824,0.1442977691767852,0.2826177528001053,24.61320904229175,50.77047568407916,0.4816958372655595,6.139970292182746,82.36866310275632,0.3775829481874221,0.2552830248126427,0.14529597042477307,0.23381172941036604,0.1471580612297246,0.9246400878297987,0.0,0.0,0.17945656112485442,0.0,0.0
8860885263fffff,2024-01-01,pune,23.270382912779315,12.105261828992147,12.394912878894255,4.085332736386217,213.0064218575492,0.25434472941759617,0.2895453801002991,26.41443197421988,52.379138111048185,0.20024608877133,9.159414178917721,199.73485657793861,0.5641956259325454,0.0808469249739346,0.24825268230340936,0.2540965997236751,0.12382879845617187,0.8761733250914745,0.0,0.0,0.31011131091526406,0.0,0.6839700785321127
8860885263fffff,2024-02-01,pune,24.184628967876137,14.400829718213382,14.499440401156043,1.6771471069343271,248.75015614864634,0.11732658400467484,0.21912441645722727,26.527397033064496,53.37555304059789,0.5921236523137282,6.175232559983751,358.4259567046006,0.4015252225108382,0.10554215864377844,0.1365019172273744,0.24009869169145942,0.09045651879284228,0.8912849871338446,0.0,0.0,0.39103962820867993,0.0,0.03259697480713438
8860885265fffff,2024-01-01,pune,21.489208827206408,14.752122740051867,3.213447782219987,6.3985414963578,207.1552312508358,0.17378800838497546,0.2971381885022171,28.718440649647924,43.64099983513138,0.14706448275788633,2.861608589886192,62.112011602228186,0.5411584686875013,0.5157764872326919,0.14675975260474547,0.2597090578175901,0.13166200967774902,0.8917373577066744,0.0,0.0,0.0,0.0,0.0
8860885265fffff,2024-02-01,pune,24.80720628927932,13.179363286628906,14.503097141055639,2.5689998746425946,236.1147027547419,0.147178200608759,0.24061510096252092,28.73429585514452,52.41148604177603,0.3535232395148523,10.146344602605689,258.0639958701449,0.7394719993729388,0.1920285371691866,0.12772203316931272,0.22095908396023736,0.14277935896312152,0.9263634865583691,0.0,0.0,0.3127385935101882,0.0,0.7676960347618933
8860885267fffff,2024-01-01,pune,22.312001139801968,11.063526277058662,5.167950869394886,6.1471118144307395,218.3937557081549,0.19824395136449513,0.3248542370836078,28.819946635133732,45.66734327545729,0.6899363317450834,4.489867015220945,173.7825359921485,0.23115371682616676,0.30477040335634603,0.12142124016393811,0.24545507147036372,0.16041664905131664,0.9074500962793399,0.0,0.0,0.0,0.0,0.0
8860885267fffff,2024-02-01,pune,26.574487619916276,19.09558551337345,1.7078044784925637,0.5,263.34374962352183,0.1032585055007488,0.37837683850435744,32.091338968095656,55.93889924619701,0.4582118348329743,23.078175680439188,4.687353484550641,0.6262277282134945,0.36602232511414257,0.10811462463657388,0.25648951446576385,0.16887992300299626,0.8979538250995179,0.0,0.0,0.5992333122930271,0.0,0.8394944708333597
8860885269fffff,2024-01-01,pune,21.967468437936066,13.050376737041809,0.2004145304080249,1.7256128742738654,211.59299346389773,0.21716434442846577,0.4845695616536985,25.729081797136047,46.075673838802516,0.35934688475297305,1.2763675950371693,287.15042364287734,0.08869148894705856,0.2249064436213353,0.13003305661066825,0.26947321935387636,0.05460733778321391,0.91917953652294,0.0,0.0,0.0,0.0,0.0
8860885269fffff,2024-02-01,pune,24.452577715083223,15.372528746113016,0.16290778346277635,2.89600288092547,247.36917433334446,0.11576320335246489,0.2255517689184845,30.191510520679586,54.74314675292361,0.8520077708048953,1.223355780507676,102.76258775629451,0.08236973857904682,0.07452322320958778,0.1246458117934256,0.24964841406332156,0.10878566397112216,0.9162704892925304,0.0,0.0,0.5021148987584617,0.0,0.0
886088526bfffff,2024-01-01,pune,20.39588275225303,13.64940051768563,12.810255285072856,5.474915574273067,219.8247073219943,0.2333791675971838,0.32637187772320014,26.273316376088758,43.50146920458308,0.5324699548404327,6.08321745543106,607.0921493420645,0.4657369323988796,0.07130840766860046,0.15953595681857446,0.253958895108153,0.11220499682957678,0.9145769482037518,0.0,0.0,0.0,0.0,0.8424169751742916
886088526bfffff,2024-02-01,pune,24.22859084069396,14.165644853791287,6.787254385354511,0.5,256.0120868869124,0.13884619140904939,0.27451466122839746,26.82678133698315,55.99356101661337,0.3455607403186857,4.035749646577878,535.3893829876854,0.34278339304771227,0.3849790851679374,0.11626051308107965,0.2837776702806876,0.10810267475850052,0.8853410259941424,0.0,0.0,0.6036729136768337,0.0,0.07164191576417367
886088526dfffff,2024-01-01,pune,23.619599199779984,14.322749022992262,7.041206850633378,0.5,192.7468339249605,0.14640383360529743,0.36911453879351286,31.45685941511138,45.96828299051359,0.5508564970151432,4.239352451273494,206.59066154300692,0.5690454095065735,0.2164508168759728,0.10642787408944973,0.22452583975390847,0.0843949712894133,0.9061689957422043,0.0,0.0,0.0,0.0,0.0
886088526dfffff,2024-02-01,pune,22.144836392173026,10.758080924384293,2.5866483734157066,2.885528886443769,244.3692624136812,0.16755302933786373,0.24065695639090068,25.195312945484073,51.39441346676094,0.30238191964183936,11.26170200194863,1918.7288710197254,0.34194364075423034,0.2453264615793264,0.19216653012265955,0.27896227683411173,0.07726451973777142,0.8793494026900633,0.0,0.0,0.2301324726861559,0.0,3.8962400626574722
8860885281fffff,2024-01-01,pune,21.104335603983667,13.337604932182936,1.5198907818165062,5.793315231184323,208.8425241591674,0.1817424683421073,0.3058090372942116,26.13995712246286,47.14092778736986,0.20262726040327234,0.5133544697658311,37.89954942818421,0.4588510160051034,0.3117846939406067,0.08974656731719355,0.3155794758902726,0.1315769599853573,0.8808705492345801,0.0,0.0,0.0,0.0,0.0
8860885281fffff,2024-02-01,pune,23.627060217030873,14.16938498317945,9.374618716439567,2.0626417941134565,246.35087349125348,0.09902836745865834,0.284786170077478,27.68950956563004,57.690184291428935,0.5838221305343061,18.93346241630365,571.8085109301653,0.6863368038472704,0.12201788474215143,0.11622766924920261,0.28317775681052204,0.13340128596260875,0.8903700946839231,0.0,0.0,0.7414717991007183,0.0,2.198649441689786
8860885283fffff,2024-01-01,pune,23.39616411187911,14.895212050156703,3.9446275865080187,5.6755757805649765,206.5901379148577,0.242024876733065,0.3946703191970942,27.29612595766277,39.1190762702088,0.37992790338504634,1.7987902908938063,7.998792403632156,0.3493967185205471,0.19389333758095095,0.18067729969581073,0.29071743125775273,0.09224540903272883,0.9261368707246875,0.0,0.0,0.0,0.0,0.0
8860885283fffff,2024-02-01,pune,23.72066371109546,17.15263923608552,17.470744770018754,9.297891303955215,270.72035487399404,0.1496298838962012,0.32310339026714974,31.168713597989388,46.529405493803985,0.17431919265620577,1.5731447584404663,959.597605214307,0.10183611255218629,0.0839988268957302,0.13183264375795783,0.26295926438639877,0.06236042876458005,0.8878034291111581,0.0,0.0,0.0,0.0,0.39565162409692867
8860885285fffff,2024-01-01,pune,23.037636684417176,17.54469819743445,6.178767823690948,8.415987836502918,215.83499924885444,0.18720030364058254,0.3945280814780928,29.2333673391298,37.42658558300094,0.31390622369580656,26.869632452274004,78.26881049744324,0.1595723750879713,0.2009177836477835,0.11109309719051408,0.274011544311777,0.06760115849350379,0.8718657959059081,0.0,0.0,0.0,0.0,0.08652615387698229
8860885285fffff,2024-02-01,pune,24.212516528275394,14.854074833841103,19.157197240746147,8.259967624202446,256.19288671097456,0.17255494771575267,0.2143797195475053,26.390377842135344,54.875951027293596,0.7391650984366352,4.802585597323702,294.5051203362018,0.5561178509736003,0.16522691213939444,0.09752314165783307,0.30965779176974295,0.09599396601580742,0.9019904047767269,0.0,0.0,0.5129011948439622,0.0,0.15596508402705753
8860885287fffff,2024-01-01,pune,20.901630082754053,9.492781980814879,38.187386220877684,0.6108128069092453,221.90480134583936,0.1847944863704736,0.33630725663786376,24.728283440763363,42.36452328180721,0.3385208547436059,5.9931854708856545,476.34183197993616,0.40177478230775626,0.22794445489263354,0.11853590614006235,0.2554527350287869,0.08994658162288366,0.8368404978859753,0.0,0.0,0.0,0.0,0.39036694008907624
8860885287fffff,2024-02-01,pune,22.930274489526813,15.390105144501812,7.786208241740431,2.7416116476238677,257.90365526814145,0.10749307912466026,0.29149425361655845,27.23054354170399,46.13713850204636,0.11299364655990693,0.31966050192693707,156.67009735475312,0.3840451775799206,0.18940101221036013,0.09913625389849573,0.3042071409777436,0.16180417480526865,0.9200465816945838,0.0,0.0,0.0,0.0,0.0
8860885289fffff,2024-01-01,pune,20.566106135515845,12.123198670198722,26.66681463025775,2.4400868635013704,206.72185088406707,0.18874531265858274,0.41531824068128864,24.888262339749843,47.52456812153189,0.5161752440931318,18.839311347358525,261.87125525566216,0.23524299418092384,0.12342914122610292,0.15320186632211336,0.300214230113147,0.08691217444451962,0.8703115492982548,0.0,0.0,0.0,0.0,0.4465599235582349
8860885289fffff,2024-02-01,pune,22.40389559366662,11.541418305825617,2.97163856302151,1.275107769018543,239.24381538415778,0.08765096688887136,0.29152872750041,27.026485210566616,52.98776608210759,0.8438171072662622,4.568816276618109,83.45043669134431,0.14172643752125746,0.03177621083709333,0.09728239411307713,0.3137030844327121,0.10159876640795876,0.912299835395056,0.0,0.0,0.3595437673095119,0.0,0.0
886088528bfffff,2024-01-01,pune,23.15299067569495,17.021837167087988,21.940335567051715,12.617498621948426,197.0893632139635,0.15692473661735146,0.3887477260628475,26.37094375835663,47.31554031071783,0.4437522724757797,0.7225068828270607,759.6175509549622,0.5363948044586345,0.04776200431420447,0.14786379144546807,0.2907299949536334,0.11342981637170352,0.9255735718465559,0.0,0.0,0.0,0.0,1.0509947905654748
886088528bfffff,2024-02-01,pune,23.680299734362556,13.223980867687663,1.0768196463333783,0.5,247.5169387118729,0.11656523971739828,0.21163891381600397,31.38654247426328,52.79929376887726,0.8711948483883709,0.4614532575251208,501.37600261098436,0.6046374887182443,0.5689023426207233,0.15446991372337246,0.28523618368949966,0.1169556536244779,0.8804344518525189,0.0,0.0,0.34423614122544594,0.0,0.35210241511928614
886088528dfffff,2024-01-01,pune,22.987951628347073,11.80240872779735,10.185656218268297,1.0565516469328573,204.46890528961964,0.1859353464108029,0.3717944683215243,30.83873291395159,46.82028251121982,0.6522072996398339,2.0361091930582536,50.32569663398911,0.1122812778212699,0.004929038619569958,0.196416915373195,0.2782995976881218,0.08636351427246249,0.9199488525010951,0.0,0.0,0.0,0.0,0.0
886088528dfffff,2024-02-01,pune,21.599315442924564,15.527510872176693,2.3615142614468416,5.885576216880802,216.77350294071172,0.13910823914801435,0.20833041857297296,24.813415520268162,55.41620180577687,0.20794321117957015,6.772133551196389,98.87796191804496,0.5631360252802514,0.1995457552112195,0.10719976799834835,0.3034647935562851,0.10709395216362473,0.9330788339263386,0.0,0.0,0.5567800901941835,0.0,0.0
8860885295fffff,2024-01-01,pune,21.654649814954407,16.188333234784203,0.15453202205832572,5.945392966838756,204.5951596429368,0.22232248655866957,0.28625730369077784,23.717118806119473,49.84369813311802,0.32296553875696304,2.3836580558084166,118.51246474459934,0.4550773853423023,0.2322483015043491,0.1236959073064102,0.2462100068318539,0.08046833472489595,0.9344824142079248,0.0,0.0,0.1041841565468814,0.0,0.0
8860885295fffff,2024-02-01,pune,23.474935943404354,13.52511342512728,35.40805082430273,5.281169161217857,241.0024823106318,0.0864689373375679,0.3065479275953584,30.176254873772677,58.884917804644424,0.6940543436365589,3.6946863805405865,71.87068001183913,0.7637321609741238,0.08237740515236855,0.11153883885379105,0.30877179682794054,0.11883981630839843,0.9446094649422933,0.0,0.0,0.8385074515896617,0.0,0.07064806710650488
8860885297fffff,2024-01-01,pune,19.691642830673047,12.46984264572466,27.129481647488703,2.296900809053539,179.28662261677488,0.2678015853494546,0.3224658651428726,27.297261765668317,50.477516729471816,0.5320406009862153,5.823479587141306,154.57689255315827,0.8799686582676811,0.06663775847584248,0.1139392674557137,0.21537735612681247,0.07686940078169519,0.8795253184969414,0.0,0.0,0.15566258280387052,0.0,0.5873349553981753
8860885297fffff,2024-02-01,pune,24.460847877269696,13.373675358907104,0.8431488836258036,2.1144914364824423,247.47725479050143,0.13299269873289649,0.2825875015979521,26.909378813356234,60.67889348534456,0.5722792156349342,5.723023385751373,224.40160802575667,0.20197355348866464,0.019990514349567837,0.15458729229352902,0.24726229052458698,0.06379512070248614,0.881240970222522,0.0,0.0,0.9842132502472377,0.0,0.0
88608852a1fffff,2024-01-01,pune,21.44878049266626,11.987944142537634,0.3840789702596206,0.5,213.7791100797798,0.2219585987660299,0.4237268302718043,28.086254095310817,45.64751070417857,0.3074853336546182,13.612587367144984,191.9104284221827,0.7603053000438594,0.19580723604739084,0.08872620227905373,0.22529155170287482,0.10728911291189132,0.9392054965777382,0.0,0.0,0.0,0.0,0.6427547106037639
88608852a1fffff,2024-02-01,pune,23.02918791339906,13.198662248226874,0.718665517868084,2.655947072015181,243.66723241179986,0.22651435788446855,0.29593903201728766,25.522540614619338,48.154472458848296,0.2311797328733543,11.4604978714684,95.69383562059096,0.4822719320311729,0.46202025779809974,0.11812432305646561,0.2926675783574146,0.06368802766600024,0.9017407427910701,0.0,0.0,0.0,0.0,0.0
88608852a3fffff,2024-01-01,pune,22.893727560833124,14.270567062967286,0.06601795040587197,3.4317340044540146,207.5953144676799,0.25540699520411086,0.3346167460300936,26.05591246941396,50.08904083919491,0.4550879915652625,6.908669955077423,212.16163117651027,0.4660889393010361,0.2615758114902284,0.16904282768150827,0.23357382575009283,0.1170118300616733,0.8990103239562297,0.0,0.0,0.12411076721297065,0.0,0.0
88608852a3fffff,2024-02-01,pune,22.933561219950093,16.94363677231186,3.0645508518904583,5.2710031592774165,249.0878771864591,0.09002217018849891,0.23646358612250332,25.387736863349684,48.644235406773994,0.792245108794165,14.339214805757518,98.95503570220794,0.6517679700204754,0.286966860649115,0.11657987415417505,0.2588564218295106,0.05468283321462863,0.880164453127077,0.0,0.0,0.006764399756342399,0.0,0.30980286626432035
88608852a5fffff,2024-01-01,pune,21.648781417360574,13.422455405608769,1.4126249931085564,3.1031163965198827,196.15453604804597,0.18260887275060453,0.3539935449434146,24.585085419687164,36.20106045631377,0.5766077082996666,10.59260337931419,36.5377561300175,0.35957357300870424,0.05754991316680925,0.12197125435006625,0.19756176784876747,0.08912797696288255,0.8942022677012369,0.0,0.0,0.0,0.0,0.0
88608852a5fffff,2024-02-01,pune,24.980729475116085,17.73991941258483,8.444300912307487,3.924919667774912,260.8651699410129,0.12488835354769207,0.14782198066488642,29.574604795595363,57.98732990432954,0.5653064845074195,7.651547970500603,790.0413378372253,0.7780625765868621,0.44884217521756886,0.1302627199961188,0.29315920228072767,0.11926791557527643,0.8701533210654329,0.0,0.0,0.7656058156936195,0.0,1.9977501418770536
88608852a7fffff,2024-01-01,pune,21.491297326344483,10.556546494407643,11.972919988925142,5.000069848851247,210.8189876895492,0.21068334849728354,0.39277257314795666,24.38597024524406,43.237545630891475,0.15200718798192706,0.9252031905967668,149.43387194195128,0.582166803760191,0.32605644457281063,0.1405128981977741,0.29646824340287375,0.10294177109440572,0.928033428036022,0.0,0.0,0.0,0.0,0.0
88608852a7fffff,2024-02-01,pune,20.992516491540073,15.54037679146838,2.9935995641582283,0.6503359172732421,263.37640808538623,0.14698524047156286,0.30568620659231655,26.354366376712978,57.152873376396656,0.6122406814245499,13.942787174587542,237.63425444682434,0.5515603575075914,0.04766537484945467,0.16271376269087803,0.2715177784880822,0.09519426781847097,0.9507000121574606,0.0,0.0,0.6978316779750762,0.0,0.5642245426155222
88608852a9fffff,2024-01-01,pune,21.037891940849487,13.843347329123862,2.6481150588877562,15.0,211.98616814521122,0.21872763321588282,0.3486375969928312,23.418706726227946,41.68837943505343,0.3072988865835087,1.7116923383445777,82.38250010017842,0.3310156055119728,0.20027363740792742,0.09554225751943235,0.31029413833062847,0.07140048010499522,0.8870689293055383,0.0,0.0,0.0,0.0,0.0
88608852a9fffff,2024-02-01,pune,22.479466600842763,13.805860529201853,12.121055739002685,0.5,240.2069460190934,0.15301465381313603,0.29486919969658726,25.87537286805975,49.92464498848139,0.22129148834466386,1.717188907474263,3.2579743231573612,0.8023349408671202,0.07726545225126732,0.15782070540183157,0.31907423180512695,0.08898860507071903,0.9012856166288435,0.0,0.0,0.11075861925360912,0.0,0.05123130068677314
88608852abfffff,2024-01-01,pune,22.935294911068826,12.906191250930023,36.058065671599735,3.6556623027482873,205.76928721575973,0.2216055264330563,0.39615100142361,27.571603663506043,43.757757482871845,0.3911696211243014,0.7373491867008738,102.64626168097107,0.6929657552268976,0.21319074114252926,0.1218686117304699,0.2956988984507506,0.15638641533922165,0.9220591941337453,0.0,0.0,0.0,0.0,0.0
88608852abfffff,2024-02-01,pune,21.823770516668432,11.154629031585875,1.0613794744546954,7.155017755605282,276.87722701358365,0.11145603030815225,0.19768588067884169,24.53536598014857,53.179971299314175,0.6089496273088392,2.45299005576311,907.0615873546753,0.33101703740085925,0.15970609574072073,0.14691562769448233,0.2921606418918537,0.07984269793275899,0.898366243051437,0.0,0.0,0.37515457796905705,0.0,0.9166246350901065
88608852adfffff,2024-01-01,pune,20.561608164047918,12.087164265063352,3.13407163078131,2.8904173705232727,206.59373408958882,0.15815724522749922,0.3968921955339221,27.279727332328243,51.12017190158412,0.1981351947365193,11.947108221484253,134.8055308630054,0.48698671830473944,0.037056078046960025,0.08777824603249737,0.25457428626894485,0.161440401631997,0.9648012392764458,0.0,0.0,0.20785871128065164,0.0,0.04969202304520591
88608852adfffff,2024-02-01,pune,22.76160726405823,14.419132428735418,3.525091640819613,0.5,247.04676773066296,0.16205644024200405,0.3276299977743141,30.63559406480926,58.66058423138379,0.5081518552927522,0.47935837925463476,395.548514935143,0.21760808386177866,0.2476718729160469,0.11311709384765915,0.30053538767021454,0.067029768710268,0.9215451544620318,0.0,0.0,0.8202871920792919,0.0,0.0
88608852b1fffff,2024-01-01,pune,20.409715481456207,9.168958113749952,0.9882686673316953,5.010345001814318,223.47984660273778,0.2233139962645651,0.39957980110970526,27.516517062398744,43.89010160400579,0.7219638506358307,4.897311829415343,188.43131794845044,0.6195634662464572,0.24610869205880856,0.161515203740116,0.23548819101472898,0.10384124984129978,0.9086553244812757,0.0,0.0,0.0,0.0,0.0
88608852b1fffff,2024-02-01,pune,24.16742833868647,13.484380717748918,16.29599773309165,1.1831096880201049,268.77323845561386,0.11642537946129856,0.32840258467607597,27.47037974677523,53.92247437192453,0.4339903837822911,0.485698207461102,67.87257702570788,0.4781920603250318,0.27811578612568283,0.1635950299773574,0.24457358331805232,0.06298941770846628,0.9163853425809874,0.0,0.0,0.4354603024915731,0.0,0.0
88608852b3fffff,2024-01-01,pune,21.18402673691195,11.690578837368598,6.654456945683279,0.5,205.29733192013032,0.1960967284920788,0.3173366631308275,25.752666346004375,35.320972171651135,0.5897408528993552,8.309147342242245,67.63454432765714,0.2664423758393319,0.1292639123302628,0.11434718927116252,0.26592446940642506,0.09062872767604586,0.9073265799897139,0.0,0.0,0.0,0.0,0.0
88608852b3fffff,2024-02-01,pune,24.945423457019636,17.922490680266844,0.24190485344233778,5.335903818562377,251.92711111439368,0.14027847858308262,0.1979731665886308,31.183770938528934,50.480767735505,0.6878350482796818,0.48178998619755503,1447.0065821167993,0.21219207563552528,0.20475605786080558,0.11009626145973063,0.26621808331610847,0.06575558162626689,0.8447796177440503,0.0,0.0,0.15592662787181755,0.0,1.7436076294416496
88608852b5fffff,2024-01-01,pune,18.126810376500554,6.627550399750879,6.1754662654172705,1.5760999092529908,195.85212641300436,0.19993904685065012,0.3194400991601394,22.81588958876171,50.20527801953713,0.38598648452857104,0.5084093845052876,168.0372956100399,0.3240353400883394,0.08892090003238425,0.12997896627826977,0.27520376813937336,0.03692099533717111,0.8858032277457341,0.0,0.0,0.13355149228949958,0.0,0.0
88608852b5fffff,2024-02-01,pune,25.151895231113283,19.29291800838184,0.04840017349329626,5.250822945033602,235.3378294353057,0.1506118423983936,0.30310434629538485,31.15518588427736,49.337215482805256,0.15228241251050612,19.136604488772168,1253.015174943254,0.3824200230685934,0.09330337899125968,0.15123481214037182,0.32099209794018724,0.08611471806975284,0.886872670332413,0.0,0.0,0.063047891510543,0.0,3.0951224547546774
88608852b7fffff,2024-01-01,pune,23.651049096424682,15.67492403811404,8.395169655107015,1.777775538415597,193.0569213275858,0.21053699659382566,0.31317121173723095,31.401326541120262,41.08516740971541,0.8338152088045683,0.05096493887838247,543.3779559362017,0.5537963452947885,0.3335847329783669,0.1443095880069233,0.2841372018240778,0.11984367945482739,0.8641716107041242,0.0,0.0,0.0,0.0,0.5452412309708676
88608852b7fffff,2024-02-01,pune,20.49462756179622,8.702946529966203,7.4749755946910055,2.7927349648807853,259.7598486558297,0.05,0.29650809797758004,28.169563408201075,56.303705271497805,0.24415077035705368,1.9285519074224546,101.14812749572276,0.4698840020058491,0.1860330993442517,0.1463756920249675,0.2600647317183261,0.1244412165889998,0.8631024620533169,0.0,0.0,0.6288626734061068,0.0,0.0
88608852b9fffff,2024-01-01,pune,22.17006240223784,11.16914542141595,0.5059133514779663,2.8045504547859568,222.1448757525419,0.20920421805516284,0.3819466776029988,28.312208517437405,33.95817388937722,0.023412875543048946,8.46500255359599,353.5263368202209,0.2892294217484772,0.19026442812801067,0.1275879511166493,0.28667275459304825,0.05566059035284129,0.8878747725828993,0.0,0.0,0.0,0.0,0.0
88608852b9fffff,2024-02-01,pune,26.290297634028967,14.495427181824315,5.738965826205575,2.0090470264641227,264.6157261952023,0.1539138610541741,0.31019659535473,33.55428703327427,53.980608687918966,0.38918087551742975,3.347427865698844,230.30159008600182,0.4126050927588949,0.2565640188373778,0.08933129783770248,0.24224171623257834,0.15016071230715383,0.8750092602526496,0.0,0.0,0.44018194227326457,0.0,0.0
88608852bbfffff,2024-01-01,pune,20.90633676029319,11.075879378548988,12.387086218235597,2.304478130547823,194.57946425133522,0.23543344553277318,0.2665831720905324,27.900908541086956,34.907112383783904,0.4945347735291891,4.263178681575299,108.01823549116568,0.3389989730593492,0.21326216108218427,0.09373335234304836,0.290715295610102,0.124226368782248,0.8807221635756184,0.0,0.0,0.0,0.0,0.0
88608852bbfffff,2024-02-01,pune,22.624368617571232,16.952747934449594,20.555938565429326,0.5,265.6169849065001,0.06606861445762288,0.2647999439759021,28.235521540953364,57.68558987761786,0.8106786281971795,8.562493921187484,131.3332874016957,0.2534573048755813,0.1042596018432339,0.12473205385036058,0.28828531938760027,0.0494813138531888,0.8889040184294369,0.0,0.0,0.7410986431316003,0.0,0.0
88608852bdfffff,2024-01-01,pune,21.768534184352262,12.28890974435096,3.785714280224629,7.9781618760121535,212.6334844163785,0.20923750128423865,0.4104188987283609,23.77444556681708,45.858795240554436,0.22746688846853189,1.8699930489659045,39.56695831932827,0.7169812114627201,0.16759195675379984,0.15671334773498577,0.28594802584767,0.12846471347808258,0.8668934214855275,0.0,0.0,0.0,0.0,0.0656070243757648
88608852bdfffff,2024-02-01,pune,23.905098500333118,13.063375015649012,1.1014543710288875,0.7065204543051318,258.1630376349827,0.1474579457557792,0.23967546257712266,27.63701530761175,49.16690305968161,0.3812428740054554,7.496262319779055,587.0566520176192,0.7114443117893289,0.23829248173940215,0.15808879335295006,0.23463631838486998,0.09625121372698912,0.8481648600524976,0.0,0.0,0.04921520252846434,0.0,1.471590743667127
88608852c1fffff,2024-01-01,pune,24.232910639879456,15.566165186200369,0.022674354510130498,0.5006426333479952,228.37964045306268,0.15903935914909229,0.30023121855351975,30.326051798579822,48.29356373961971,0.33137100696350436,3.9096950288471533,246.76567101710432,0.17167881286718087,0.02405981483919357,0.10797724949000968,0.2578445468776389,0.07752046966780829,0.836957732349516,0.0,0.0,0.0,0.0,0.0
88608852c1fffff,2024-02-01,pune,24.113151447570402,14.470490191352706,3.4276572931156783,5.152540869655306,250.2290091417235,0.09221065431394515,0.3127687862999337,26.914964622205083,51.46264260329241,0.6380387583278686,7.030404764759307,193.461652219686,0.3946262424715211,0.3312465940726998,0.14126421947626924,0.25912593834798114,0.1390634140077443,0.84846763875843,0.0,0.0,0.23567400869301774,0.0,0.0
88608852c3fffff,2024-01-01,pune,19.848532132194116,14.542302952721421,5.063298893421716,0.5,192.71092780847073,0.20886785749189313,0.39618855841304157,26.314883899730624,53.00990463353508,0.6426242500342094,2.1711950358554146,29.244931436649516,0.67291512456329,0.47594464694260474,0.12175057041731653,0.29277568299563217,0.15136963779516802,0.9335267482905895,0.0,0.0,0.3613418492743717,0.0,0.0
88608852c3fffff,2024-02-01,pune,23.487110955295876,12.823239006090429,1.5665828804876494,0.7061814820527369,251.4476566103689,0.11963564547466746,0.2500413413578914,28.520040424041987,51.13263535269192,0.3922682239806098,3.936685306790798,488.5377595388545,0.6000772619482528,0.16824079081716928,0.11017271763183394,0.27059247411554654,0.10017318631066494,0.8365398861793725,0.0,0.0,0.20887098648439537,0.0,0.8498143684023539
88608852c5fffff,2024-01-01,pune,20.978943205603006,12.95779963470692,12.123797109854548,10.464233800069083,213.57320365441996,0.19146794800272066,0.3803743013982011,27.25658753705108,46.87959710752739,0.9133623881401189,0.4672975773803085,576.5767735430873,0.2843451351777913,0.18023651020529435,0.1504177713382459,0.24661115107206374,0.1069005043337146,0.8480968438176,0.0,0.0,0.0,0.0,0.09409450631792948
88608852c5fffff,2024-02-01,pune,22.184270713517016,14.360836117930086,6.663076647196173,0.5,274.39349559406696,0.11922659012089451,0.21218281860190064,25.291032071485628,48.40023529531237,0.1008874356632673,0.45522770695085507,18.453199283405812,0.28906024765316846,0.00991814559493748,0.130604255370069,0.33901226926360417,0.13409606927025244,0.9116420983284915,0.0,0.0,0.0,0.0,0.0
88608852c7fffff,2024-01-01,pune,18.967214311702385,13.8686923001309,0.777483210499532,6.526753128865419,208.90027944362748,0.17976031568823223,0.41262340871747727,23.045005437349584,41.047685090558346,0.7462097159765814,23.728256879662876,392.9435841838583,0.2569523297778854,0.013825577955689413,0.14324400287624814,0.24427928703108345,0.12189429947778928,0.9321247282172316,0.0,0.0,0.0,0.0,0.9579852611351646
88608852c7fffff,2024-02-01,pune,24.503480843670282,18.257537257744907,5.352584636360258,3.6680029443401665,257.97605212360503,0.19962702123390053,0.35010204702301023,28.145559928346394,60.7119651313257,0.5283744214725132,0.05498298540313942,360.8042729201658,0.32946450509050523,0.5122938795241274,0.13392065815352291,0.29745476729693765,0.1074317844806754,0.891534877130345,0.0,0.0,0.9868993126294889,0.0,0.0
88608852c9fffff,2024-01-01,pune,23.88072039966533,16.983932067463257,28.021407364911394,0.5438176561324651,190.10353474657427,0.24247341087059138,0.30211476423515377,31.755456734672123,48.052819621593066,0.7123391785151512,6.140372845225572,322.361512458924,0.2496342775444105,0.10649665462117631,0.1524400831525088,0.31868081902751166,0.043211182652379505,0.9208740134434994,0.0,0.0,0.0,0.0,0.0
88608852c9fffff,2024-02-01,pune,22.676079902403046,16.07826458329282,15.108244062360917,0.5076390117908951,256.9119103321808,0.07565736585743532,0.2923644820503666,27.404348624898248,55.14335681114143,0.7037343764292991,1.519923928592355,468.8144916227885,0.19706691835153747,0.006670738105914524,0.19206528678767623,0.26562128339964364,0.0757114650026617,0.8793311123189322,0.0,0.0,0.5346197575426482,0.0,0.0
88608852cbfffff,2024-01-01,pune,19.865986794471628,10.884370495363465,1.140473855787461,0.5,200.78590623639158,0.2301263160144924,0.28359828011441196,23.576719085895164,42.54439708788805,0.039450025437531566,31.539459278205722,9.60562709478156,0.20191699952420725,0.19020927810992644,0.1592694564941288,0.2846796528089141,0.09523164200377957,0.935258650219679,0.0,0.0,0.0,0.0,0.31477167224135894
88608852cbfffff,2024-02-01,pune,21.126805763741313,15.037731645306312,0.11783496118142923,0.5,259.7931573035934,0.13873670487554518,0.35587438592921194,27.166723357645758,53.84621852527469,0.6024475002746406,5.131287722704058,19.162295992439546,0.49534257290725064,0.041183239171140834,0.17184217671031488,0.27593331369208335,0.10326790669241402,0.8843444967827204,0.0,0.0,0.4292668411431517,0.0,0.0
88608852cdfffff,2024-01-01,pune,24.497581322677142,17.44865827295957,0.74224340641847,0.9885386948115158,203.51585349269854,0.2035294812751877,0.4007074103088666,28.63314789168288,43.636195307152576,0.9091311011413428,7.121516807858603,730.3097105752005,0.2383444289673788,0.25645536425814935,0.12071586858991265,0.2881729436708511,0.12352186522518276,0.868935542423059,0.0,0.0,0.0,0.0,0.7144927698778891
88608852cdfffff,2024-02-01,pune,23.085368963276846,14.645686560927029,13.696797417306675,3.5605609216504215,255.42702118320577,0.1321127726993333,0.3062841635770878,28.69236484014505,45.80733687351022,0.872657263769091,2.4224246692039895,35.436528718814465,0.21608529748677363,0.09095419954771157,0.14999265381061933,0.2644363589126443,0.08739503605105195,0.903384681439883,0.0,0.0,0.0,0.0,0.0
88608852d1fffff,2024-01-01,pune,19.868037153703714,14.461481205963763,8.295100842511559,12.609230406176131,226.36577258789026,0.2684447562534411,0.28816431595195113,24.986080130419207,41.212961863232756,0.7503251623200792,20.599340872096324,571.3555083208562,0.12103116484136633,0.05250725426096572,0.13931443418780018,0.23474708294637625,0.1190611748499735,0.9700927267489932,0.0,0.0,0.0,0.0,0.6402909567417413
88608852d1fffff,2024-02-01,pune,21.853546827039622,12.018476477747399,0.8686077582184888,2.018006584258274,260.6645502348451,0.1314883170810015,0.3353551724060518,24.53753318336681,50.54168259171665,0.6754173465976832,18.951645668991556,527.221211248324,0.46542590095338704,0.01838891653278803,0.06536218585066213,0.20630800523855922,0.11955942125784931,0.9424051174847515,0.0,0.0,0.16087410172551353,0.0,1.1612612907481419
88608852d5fffff,2024-01-01,pune,20.206206182096135,11.320411257904142,3.700373622997109,1.6151159513956213,193.35404569642887,0.14033509262244687,0.3706976732151829,27.788231409984718,54.58385616414283,0.8635851673775115,6.554897613649625,97.75039279990793,0.7048493492016691,0.0271445267575507,0.09390518043070048,0.21957037196868973,0.11423385664967468,0.9590845794417308,0.0,0.0,0.4891773975946332,0.0,0.0
88608852d5fffff,2024-02-01,pune,23.83030875681386,14.04729514767082,11.446165695773951,4.969141352588549,237.26136036646744,0.09219426010587786,0.32792764962158044,27.823490956897277,59.14634356244858,0.8153459817356499,3.2723906616456344,24.36102341394662,0.7047242977574556,0.21585814233099423,0.10675769804964019,0.2513091634660897,0.0857656287728778,0.8663011659622933,0.0,0.0,0.8597403195935639,0.0,0.0
88608852ddfffff,2024-01-01,pune,23.060972328413616,14.609934982377707,10.181417873633535,5.88202169358034,208.95119782707152,0.21145318362919144,0.40259767504774785,27.0380956976963,47.27214408034953,0.03107587272207986,17.95723460067092,31.65350199721397,0.7407972422354409,0.23390595916546916,0.10269928868504255,0.26860359974065084,0.09309276480462052,0.8910523407709017,0.0,0.0,0.0,0.0,0.7243829510135004
88608852ddfffff,2024-02-01,pune,23.508151820944615,16.208386014304732,22.989413558271497,10.394140461648036,238.03047129429748,0.08881247121887215,0.31349077811005693,30.281409700639955,55.9029988520282,0.5984017044514269,16.049317273384577,37.48967066825384,0.5972679030585389,0.088826213621433,0.10921983130532399,0.3000330828955024,0.09196246246416674,0.9199544305700641,0.0,0.0,0.5963175004117606,0.0,0.36685382158625773
88608852e1fffff,2024-01-01,pune,21.44556469334391,12.97634120819871,0.8306042626561372,7.504298854829077,192.68863605330677,0.19490060462587278,0.28847421867302847,25.450852890517535,49.64753068743379,0.2646022179598805,16.89251727794327,66.7623304373355,0.47456126878865085,0.06831783656208229,0.11824495067369971,0.2639073154078991,0.16549712169462855,0.8914746323543871,0.0,0.0,0.088251535691686,0.0,0.5239529283237326
88608852e1fffff,2024-02-01,pune,22.816111417956073,12.167459650201772,0.25855310583225444,0.6779429469035367,231.47861509690767,0.07650792325531858,0.29755778739408406,30.3381137374098,56.45215103259109,0.7375552846459136,1.3831135472458123,356.0510859316427,0.589652874538755,0.04947440176516,0.13746399905455392,0.25778377781307527,0.10300003154180516,0.9332885942045018,0.0,0.0,0.6409193631428305,0.0,0.13032024790584476
88608852e3fffff,2024-01-01,pune,22.181821661990263,12.463266037701484,3.705919586804303,1.9967787477257257,201.84113608928496,0.14648970809721068,0.3591408415541246,29.795830394590176,39.9146505779315,0.7756122945532113,0.15498324819940013,166.33018616317005,0.2245305784157624,0.10908636566247971,0.08684443302756381,0.3089003747848771,0.08468240352558301,0.9112237751680631,0.0,0.0,0.0,0.0,0.0
88608852e3fffff,2024-02-01,pune,22.3434971034894,13.781777958591835,2.1981512096179663,0.5,222.49525431182383,0.13044482161832444,0.3329704678673965,29.069038860733304,56.10372742998403,0.46532573189717175,6.914554965596362,387.25238950835177,0.17163131619847327,0.11938662025151203,0.07831299836841718,0.2967426311827339,0.12880794674541948,0.901318428453325,0.0,0.0,0.6126205741262489,0.0,0.0
88608852e5fffff,2024-01-01,pune,24.558177260106355,19.54819796510474,14.345932353848092,4.6888392918022195,195.23374565639668,0.17424480664932152,0.3775077881024264,27.19820705112727,40.423789537581335,0.4645307040848079,4.698472964704329,655.4614584483002,0.41277059090101703,0.21533502751135883,0.11144688359162941,0.2885616798583869,0.0865088314175167,0.9071731589190064,0.0,0.0,0.0,0.0,0.5374931807167297
88608852e5fffff,2024-02-01,pune,22.92217498047739,17.677052710411267,3.381032009789115,4.382245883884989,262.39470726630674,0.14514585336358737,0.3105917046952439,26.79034915592321,51.1873710447904,0.4890306556167404,5.093880047069397,136.26284226146896,0.5540631622914547,0.2534754057932512,0.11100073808388283,0.26166809841897587,0.07599065200801115,0.8980459241682327,0.0,0.0,0.213316591749887,0.0,0.0
88608852e7fffff,2024-01-01,pune,20.87218990486105,13.516707905485736,17.75715580695898,1.2805087046184607,232.49004583003187,0.202167531239189,0.36497798945888676,28.392552434871043,49.78833934882671,0.16754534307350094,16.32846285029383,642.8246617235749,0.1917475663162253,0.205267992848466,0.1538716177917104,0.2996268399541403,0.0540548701405559,0.8788030302863489,0.0,0.0,0.09968794404820977,0.0,0.8491163841677591
88608852e7fffff,2024-02-01,pune,24.588009277266234,17.588939283687875,42.389152488990334,1.5689917202423582,234.77942421223537,0.14682445294454832,0.3332557149643041,31.0988496016532,60.16159723945187,0.8047369282384483,5.079332589949676,80.11020514826008,0.29904749431762323,0.022323666563660888,0.11518021779070474,0.2733241816929276,0.08332407193147855,0.8726537152751076,0.0,0.0,0.9421987104397948,0.0,0.0
88608852e9fffff,2024-01-01,pune,22.321762108777904,13.976626695312305,5.040883954537851,3.526498466406764,209.19034957489106,0.19451605749536302,0.43795609829492843,27.913729191494514,55.94060733963443,0.7352084784928172,3.3658907789661585,869.9430269439501,0.44782975895711047,0.09805675546983735,0.11505235211815268,0.263864164766094,0.11295402202781965,0.9490807090665849,0.0,0.0,0.599372042779264,0.0,1.0160700702767735
88608852e9fffff,2024-02-01,pune,22.82095531758303,16.36729152534042,1.4616168264905214,4.905665444180999,262.58905995056386,0.11610787243635907,0.2724939695931833,25.35107356443057,56.494821388140885,0.5481479769607631,17.458791642173267,171.40044753177602,0.7855563358990111,0.21415350937383384,0.14275473334316524,0.27720380987546905,0.04307983967009054,0.8499674541613158,0.0,0.0,0.6443850278679837,0.0,1.2123158180350004
88608852ebfffff,2024-01-01,pune,21.447780690998673,9.96829102399426,3.594565965683106,3.806456884418636,199.7760637663588,0.21237822354155378,0.2680953354938288,26.394427562389996,46.872130873161275,0.20725384943258096,8.858112487397763,266.7471487014786,0.5522817993637623,0.011154864925878978,0.06218068437773591,0.23914568786949453,0.08937565048016204,0.9269273979066215,0.0,0.0,0.0,0.0,0.1353353357533951
88608852ebfffff,2024-02-01,pune,21.948694055728012,15.968818639053831,12.408223639310751,3.259309483243979,215.58893875467362,0.15187894321665604,0.25928599299664595,29.065855031989905,53.466497453274734,0.5618884499606627,1.752379676036972,272.1068438209938,0.48927368669570076,0.10229634588437464,0.17972508095058634,0.1906355139636788,0.09236128238916021,0.9193455474913395,0.0,0.0,0.398426087470687,0.0,0.0
88608852edfffff,2024-01-01,pune,17.73780180099353,12.58624949737596,5.663881570270491,1.5033476584909753,194.5023729972079,0.14328254851509753,0.4388131429689276,23.514010753350828,40.103930977201685,0.7259461737398303,32.06339919739348,88.90919977884981,0.21685700737506836,0.33746759555462613,0.13170421179386652,0.3115339497503423,0.0611239728164771,0.9554562113000725,0.0,0.0,0.0,0.0,0.25226084448541686
88608852edfffff,2024-02-01,pune,23.54074895032988,13.215011886897733,22.917343150594252,2.30977222438571,257.0495751111098,0.1458733845740263,0.33202061723726134,28.014382868314193,48.237166868102726,0.6806316424944246,5.2863725263881,581.5596686070251,0.55284914152206,0.15738336841336267,0.14017673668689104,0.22541953401194914,0.08210269130588094,0.8637266149412802,0.0,0.0,0.0,0.0,0.8507650872247108
8860885303fffff,2024-01-01,pune,23.282541675223392,12.188425161953425,1.5993623333801912,2.0136912369457454,197.94178783258823,0.18455501126623655,0.40691301667259405,26.00811207457862,40.06673632447239,0.8146962009477313,5.844878360776556,346.61152645310403,0.3431714361119131,0.5392647180038425,0.08419475017612804,0.2583206139611962,0.07491730519692238,0.8889662147897853,0.0,0.0,0.0,0.0,0.0
8860885303fffff,2024-02-01,pune,23.70894215624416,17.784356074049498,0.6958274983746925,2.7019830042556148,248.57428597363736,0.1351302799415477,0.25279956304360185,28.520522937320827,47.375523687724595,0.16355559272174047,2.121958190679457,878.2823978528993,0.4038988929746203,0.12033359576388442,0.09463719638817797,0.29966719425151217,0.06067524590226871,0.8618586694532957,0.0,0.0,0.0,0.0,1.0116403848262792
8860885305fffff,2024-01-01,pune,21.743382158297628,15.706780895788448,5.598632907901351,2.031152494223026,192.03448930533372,0.22975621888189127,0.3866677635137236,26.66108415970617,34.02942828236717,0.05244801931153519,11.047037483149042,44.19826736476769,0.4385804372232706,0.11187716741211841,0.09774515554601497,0.2721458397710526,0.09823430854180598,0.9158270621303614,0.0,0.0,0.0,0.0,0.0
8860885305fffff,2024-02-01,pune,20.895380370919828,10.967315713600762,39.15774526553159,1.9114385927488518,238.7225901932687,0.11696294971697425,0.2738399011653733,24.43503420146132,48.33370535965256,0.4859802133221064,2.1022946396872904,317.1184996096459,0.6519500240671279,0.031162101228579785,0.1071386903062581,0.305722269583527,0.09644263816579404,0.8580562013250314,0.0,0.0,0.0,0.0,0.544554146380262
8860885307fffff,2024-01-01,pune,20.079342861898066,12.268294154213098,1.9620590583776576,4.074351154318488,199.00271696530618,0.1531583642780384,0.4361881945751397,27.993913761598364,49.46242915466022,0.5140612188503009,3.371061557591789,69.11160244103084,0.5333177217429633,0.07847436514271061,0.16041055370839405,0.2299807057826794,0.06931098161385343,0.8540255315750225,0.0,0.0,0.07321768269375215,0.0,0.0
8860885307fffff,2024-02-01,pune,22.09807892991608,14.81815064967596,2.2962429872828656,1.5422297365353228,262.5431896794818,0.06748927201616414,0.31396995660807736,26.765943811614186,47.277055729529735,0.41168642381592296,8.327156459309728,177.37258723077267,0.6980637628268752,0.09605606979111767,0.13302320908571486,0.2909902631534055,0.09442483842583511,0.9184646808592211,0.0,0.0,0.0,0.0,0.46527827187531057
8860885311fffff,2024-01-01,pune,22.038448177421202,15.979875780761521,11.231996695935935,8.045989291252107,202.8721741074662,0.19046645866397421,0.4035944616452777,27.37225218451439,41.1254824625155,0.8777401165836187,5.4644396498342,135.79147642129325,0.29793250084550227,0.0320450297935119,0.15289393136315335,0.26276745650186,0.10416951350286105,0.9533018612519291,0.0,0.0,0.0,0.0,0.0
8860885311fffff,2024-02-01,pune,22.259658836299586,15.102614388444703,13.827368165377806,4.055602820897713,278.2635370704523,0.1115050520121562,0.27654093129407387,25.442350434760655,55.0096586521501,0.6666298111128545,4.309162226732553,247.37013572778898,0.44940918834334376,0.14528445680361454,0.1084712221658425,0.28719581998182275,0.11653681720660827,0.8982135174797204,0.0,0.0,0.5237608605996998,0.0,0.0
8860885313fffff,2024-01-01,pune,21.237892998016164,15.24036493649036,4.895036801092605,7.799104593348112,166.86879505706182,0.19499493873347334,0.3080582475679561,27.762903494045492,41.47813786214272,0.34977534905888796,3.644544300968649,104.14653131986861,0.5512834766125332,0.03756301721066491,0.13965637261078495,0.26715757765390363,0.14606030289948405,0.8428555595032134,0.0,0.0,0.0,0.0,0.12616021678583664
8860885313fffff,2024-02-01,pune,20.46639765978757,13.778582628376768,13.557804808731797,1.773228837207695,241.22856049510253,0.053185611601993046,0.2672606431310452,24.842205194198026,47.173147054648155,0.6997068085321118,13.370907907235365,309.81993083468757,0.045745009133457276,0.08040168456460058,0.12713662947149756,0.23955754620007053,0.08768008062894074,0.8461075723151483,0.0,0.0,0.0,0.0,0.0
8860885315fffff,2024-01-01,pune,25.620754673824727,14.232568089020956,8.070252579464665,0.5,222.0484412219205,0.27382415513280306,0.35227980938282194,29.361681067503746,43.8865625272177,0.36418300992710195,2.630968238666866,67.55210276329433,0.2148734431405791,0.2090388170122765,0.10020698742274274,0.28473754844933225,0.08428039498717274,0.8568985311460933,0.0,0.0,0.0,0.0,0.0
8860885315fffff,2024-02-01,pune,22.849717758488573,12.501225306982175,7.161958829259147,1.7152417800958366,244.4956792735027,0.10780971651159912,0.3848246590419105,25.57382119856091,41.77628723281103,0.7228973492205981,3.2455557096007657,212.17289398116137,0.5708803925605486,0.06163100693225771,0.14701878381851777,0.3255464051351691,0.04117800586892508,0.9020306546377439,0.0,0.0,0.0,0.0,0.0
8860885317fffff,2024-01-01,pune,19.98302475105115,12.948198581805462,0.4349687056810684,3.419343182197805,215.6817307048613,0.2805094296485536,0.332586232556873,27.07777630934107,46.169732350280206,0.4441638683469359,5.269070152359992,70.1442780341544,0.43313949208378366,0.0004939105238576427,0.10284247843702157,0.24962801743688723,0.10437459693957508,0.8950546903832797,0.0,0.0,0.0,0.0,0.0
8860885317fffff,2024-02-01,pune,23.65301937897174,16.50660861120236,4.260167461729615,1.5169345490147286,244.66776795538735,0.13064824746869222,0.20063806281671753,29.172799749041573,47.53834176617159,0.41270843039265426,1.1768258460990721,476.9279071638828,0.8177599786837443,0.5638241436093339,0.1351353715297426,0.27387543033205364,0.08578105287600975,0.9181119254006597,0.0,0.0,0.0,0.0,0.5313688187549143
8860885319fffff,2024-01-01,pune,22.361036146293106,15.619036599519553,12.25583601403439,5.857168794032496,211.26332369638027,0.20524363532197024,0.29986395618899797,26.578053691577402,43.317671466708745,0.54930677949126,27.05783310450736,108.86985155564854,0.3219875093822658,0.21272455835807694,0.11517705447245603,0.21620422724117624,0.05081495407962496,0.8496528712859751,0.0,0.0,0.0,0.0,0.4495278528545056
8860885319fffff,2024-02-01,pune,22.132545061195597,16.314647012765317,9.76411007480239,10.834161845354332,262.81811762736874,0.140975091071725,0.2771888989805104,25.993199342039812,48.376938755372976,0.43231373576682813,36.25463913298218,420.4686096753054,0.6589393228627513,0.022814809283800294,0.1715061892146052,0.2392556508619701,0.10436147915113363,0.8580010164010582,0.0,0.0,0.0,0.0,3.018142253980228
886088531bfffff,2024-01-01,pune,21.559655266577376,10.429733797422248,6.4674790739740455,1.2750218305561933,227.35655297114525,0.21252376145738422,0.35080930278785744,25.11992715024315,50.71533437825859,0.9161266852657572,2.676706678521883,324.3841959591827,0.352189580429428,0.42724050745033554,0.08107140375494759,0.31181374549875635,0.04873833822327843,0.8559817007272907,0.0,0.0,0.17497801211772882,0.0,0.0
886088531bfffff,2024-02-01,pune,23.175308189859827,16.663899255456947,14.727553068780935,0.5021457984869988,239.9933362807567,0.1190147624951563,0.25970015617894887,29.84518228344809,50.681750009263055,0.4967358020791115,7.377850823450048,76.31772471574746,0.9485703687262973,0.15158026245856615,0.10742484313284364,0.20950622668678381,0.11496086761622643,0.8736907748512828,0.0,0.0,0.17225030663122212,0.0,0.7262321544256678
886088531dfffff,2024-01-01,pune,20.062102121672414,8.342698343235185,16.76449206298589,9.955911291510292,204.97784464671835,0.13107560830271647,0.34847906735231354,23.805291922305333,45.09957014949308,0.603084349237399,4.366001467475982,143.46728739634256,0.6057433955697766,0.03201638164669972,0.10105022109934629,0.3136314567754672,0.12819860326544327,0.9514439271642201,0.0,0.0,0.0,0.0,0.0
886088531dfffff,2024-02-01,pune,23.92046767911881,13.573591656973498,11.016076251218161,2.6116908730544806,238.18879681457116,0.16657858374608037,0.22694462924964914,26.350874899168126,54.39099859419031,0.6907625235341803,1.7791467531368388,74.40438030716976,0.7973249924093984,0.23359027322279494,0.128914168888055,0.25837908775810536,0.09677149977960774,0.934134466473618,0.0,0.0,0.4735136031745635,0.0,0.0
8860885321fffff,2024-01-01,pune,21.5234857181749,11.269630328817705,5.903989209773597,2.097171374017622,211.24919093509794,0.17129408155532272,0.3334589759026682,23.750661834638677,49.379260149291696,0.5585121945154877,8.9941620983432,233.00901317927492,0.15936106692320806,0.3622563508699176,0.0705825580604537,0.284050203333954,0.12466324765976226,0.9010166652672637,0.0,0.0,0.06646273808600328,0.0,0.0
8860885321fffff,2024-02-01,pune,26.640770241444926,19.61785302568338,10.060073736284831,3.0267639896304237,259.0642328307769,0.09853728540560885,0.33383564170243285,28.728268517271847,46.538625662405444,0.48504853995146474,31.897363980622632,175.4229073963186,0.7540669942710585,0.21811778469182658,0.11545108432451165,0.2810606955961158,0.11053864545674988,0.9137629641311666,0.0,0.0,0.0,0.0,2.023676145846177
8860885323fffff,2024-01-01,pune,20.436963473635878,14.679033438914391,6.598855769066676,0.5,201.71607932356596,0.2125859668026825,0.3486008264979116,25.353103078019032,40.90795911313211,0.23651128910183988,1.2250756347308303,76.00928789952005,0.4293132111689698,0.21937985118188724,0.09647986921729429,0.3095720342157204,0.08617837161354192,0.9050362674769944,0.0,0.0,0.0,0.0,0.0
8860885323fffff,2024-02-01,pune,21.797607374551276,15.868451064289257,10.338354023786394,6.348432512898719,234.8174051930019,0.10405591058945565,0.2716294743082422,24.10355491548041,54.17081516103339,0.6758239118186167,0.1540920823208763,389.1989494470132,0.3776046306011282,0.27491031674089356,0.17691688601063077,0.27177393604597555,0.10723683590634665,0.89990021008886,0.0,0.0,0.45563041594720083,0.0,0.0
8860885325fffff,2024-01-01,pune,22.67768190354992,12.03427935921749,2.0163788324012484,1.222606912680503,202.79602528329707,0.1514085701882324,0.36809696249310275,29.393845866709174,47.667129209062345,0.6483683622699091,1.9497043820312447,241.957528727803,0.782865015475697,0.0598146350941779,0.11892240390100813,0.22396574033336372,0.12780403700879736,0.9130066634557968,0.0,0.0,0.0,0.0,0.3998247297108999
8860885325fffff,2024-02-01,pune,25.04051551059776,19.163476981435988,2.7010304685027053,1.2430641793433688,231.74182372842887,0.11994480938940034,0.2919508728596657,27.372051724495066,60.43886552330616,0.8500272471283336,2.4735757445931608,398.68106194910126,0.34368811020949264,0.01852392902900007,0.08099185876687301,0.3132964224628592,0.1347074341484195,0.8645238216056503,0.0,0.0,0.964718300407502,0.0,0.12061965820059878
8860885327fffff,2024-01-01,pune,21.471861371552674,15.401983557267656,6.84011804404316,0.9206593582913798,174.55381468574862,0.1653093076668643,0.3301675082524822,23.860918829958816,42.47417975010089,0.06937967218034391,3.489662048587934,133.5415264275383,0.2154233516385896,0.09174563077639819,0.060730092560425955,0.3030254963037816,0.10158370583732759,0.8939824352868755,0.0,0.0,0.0,0.0,0.0
8860885327fffff,2024-02-01,pune,23.886886050246858,14.432600984487179,17.970059573205134,0.6310080004770154,239.13092228805013,0.1267958785627574,0.3100964193161087,30.267595673461344,48.65126321965746,0.6295735842628197,14.023869242722315,1159.0364120317834,0.1307977170342695,0.5573829198220788,0.1455310119824166,0.2672260659165415,0.06106484108980218,0.9397609006961218,0.0,0.0,0.007335195169021682,0.0,1.172933130619523
8860885329fffff,2024-01-01,pune,21.926291200479618,13.295745732150806,22.07477705476901,4.239763450180185,202.6951707195068,0.2461343847436461,0.34441596440906047,25.24546594042327,44.24200437647256,0.2476953152754234,6.678037527740699,413.17652988026083,0.35554243808628344,0.2966270003264625,0.1765676982827875,0.311214029909945,0.11572879259043442,0.9437660723256244,0.0,0.0,0.0,0.0,0.04903604548441583
8860885329fffff,2024-02-01,pune,26.920957986015118,18.85848608751678,7.664944832805366,3.5765684722761577,229.26530560439903,0.09883914632783933,0.2364012237835497,30.368866839577475,62.57034746256626,0.4393643210249555,7.808703188495241,267.7606006651311,0.427255933279153,0.21104879459867484,0.10637223507553978,0.251320334954835,0.05262582596812509,0.8793698719353017,0.0,0.0,1.1378361869124543,0.0,0.0
886088532bfffff,2024-01-01,pune,23.23657715144213,14.516106509532431,41.033449336649284,2.9415374726331907,212.62273360856628,0.21871243431490062,0.33265849281988213,29.495348673794087,46.196606908025935,0.7007416046006568,10.587222042379194,166.22703725487125,0.2828739918309548,0.06629275185808678,0.1399217366521358,0.2518196247234542,0.11043568783648786,0.8749381168475637,0.0,0.0,0.0,0.0,0.0
886088532bfffff,2024-02-01,pune,23.659935337914035,13.70564153464847,20.871816286738593,0.5,262.97440261641276,0.09206108698551238,0.33831615293399636,30.32862914362914,49.47847270841284,0.8522791170075987,11.625139277525133,212.45580041231605,0.29302444011293766,0.2862136197769321,0.1267984283326927,0.2894127866669684,0.06471747298111902,0.9122728406195066,0.0,0.0,0.07452073202601418,0.0,0.0
886088532dfffff,2024-01-01,pune,20.51006411091288,15.166152776748852,15.142900646871798,1.6471327190258351,193.6772986750201,0.20628880090703533,0.3474385356839358,23.411679087783746,46.34119952646439,0.8133459621103756,27.64336110109253,113.27441640261318,0.4505469160639041,0.01706791766004694,0.11821515344224717,0.3105348695890184,0.13090577238394524,0.922338186314608,0.0,0.0,0.0,0.0,1.1703559468403866
886088532dfffff,2024-02-01,pune,24.570781223940674,16.21302740040926,9.071576043773595,9.231003683683436,267.4004991990862,0.12002152708548765,0.2462950195632142,30.42808997673354,42.660203755726705,0.4645257162422448,4.857965817601961,200.76541432965368,0.48800259178037614,0.031671165606120606,0.12622341156361155,0.29296182682262467,0.05867701285485263,0.9539403494726689,0.0,0.0,0.0,0.0,0.0
8860885331fffff,2024-01-01,pune,21.78605293087949,14.94487199334888,5.980954776201805,2.7258140108930853,183.41780942346165,0.20622854829260057,0.3671048215049183,25.760435421693582,38.11990588428467,0.1752202366530398,15.251143080184944,85.64373726868433,0.12345218684116933,0.3294691643332464,0.1697257984557027,0.2229728424092931,0.10836094286128312,0.9049256405101291,0.0,0.0,0.0,0.0,0.0
8860885331fffff,2024-02-01,pune,22.412339653404054,15.489632141847018,2.2097057280017665,12.241278086270256,272.4142318227558,0.12287015074009575,0.22045258957387284,27.311334082365004,53.99007510438647,0.41013957742852514,3.643047352492758,48.97078098920801,0.33568196433912384,0.16504406820735187,0.15665207976575712,0.30045502382612793,0.0811318743668141,0.8971758315612405,0.0,0.0,0.44095079983731195,0.0,0.0
8860885333fffff,2024-01-01,pune,21.560681410023154,10.581184003187445,19.443190670883162,6.132102983515128,202.8847422337718,0.21931398636373445,0.40081796839158607,26.53848253228211,44.402136024088804,0.8287986337723892,11.155349082896558,100.68743423981473,0.09528364930064706,0.034869507277441,0.10982329523937265,0.2731895530815433,0.1193113621346843,0.9333739165818001,0.0,0.0,0.0,0.0,0.0
8860885333fffff,2024-02-01,pune,22.75835672600321,11.517816737009388,5.021772481726501,3.6576124729396993,239.0027001174748,0.18592213280049594,0.34593112248242824,27.065137488002982,57.488582823985446,0.5641613957037245,16.42871435055608,144.70682532621225,0.4308060008138324,0.01772524278644108,0.10707308458096247,0.27349868428435836,0.11259685327780962,0.930707068731891,0.0,0.0,0.7250978297429348,0.0,0.2804522491613147
8860885335fffff,2024-01-01,pune,18.55339257068535,9.722154434469878,11.121039687497415,3.287073573697656,180.64005110369726,0.224727457719855,0.3726330797100218,23.687821865810662,49.92001730251274,0.07313877704230588,2.8368508037436455,81.52435438129953,0.2106491167398733,0.14183263500388263,0.09588047058679226,0.28931779742979274,0.07249666331109686,0.9161538585814365,0.0,0.0,0.1103827609366585,0.0,0.0
8860885335fffff,2024-02-01,pune,23.618102869078204,17.596570706213896,4.687408329506667,0.5,243.62627169044413,0.12222723969694672,0.2782966371071046,27.36095826960082,45.82909237262853,0.4174388025506536,4.3651871101204565,20.556858622069136,0.6672933016740358,0.016130569879256207,0.10946461208365996,0.30136976381677577,0.14697388111593868,0.9164523529490645,0.0,0.0,0.0,0.0,0.008145385171379842
8860885337fffff,2024-01-01,pune,22.308614954816388,13.036452181799131,11.77039199636515,2.318736510471657,204.55075087340822,0.2006762777082071,0.39341347621618644,28.24221084088569,39.167723711972904,0.1800446261830893,0.16818324857516917,279.1258275133127,0.6703229001416574,0.31122684473604356,0.12307058158352205,0.2700294860751747,0.11756606367937766,0.885317102703134,0.0,0.0,0.0,0.0,0.07456772645298514
8860885337fffff,2024-02-01,pune,24.947330955224064,19.193578332257122,8.351982296406891,1.6770162958964172,250.87598110617932,0.11791286386076819,0.28711761321629753,28.23604195904069,52.2876288593713,0.5093521694039458,12.173820556125648,278.8378166010952,0.22303658779193392,0.5479289373646563,0.10979895471437924,0.3644061370655684,0.09307733632940243,0.8565871050320383,0.0,0.0,0.3026789757149709,0.0,0.0
8860885339fffff,2024-01-01,pune,24.640014905793116,16.972103897269893,28.8893303571352,0.7991277221844788,176.94800117970433,0.211159204663118,0.31585896484145737,28.002177899830148,44.45674696920885,0.6671775058378553,0.8305889037540833,77.6270426358089,0.3857643656202073,0.08144623577655867,0.07513939041880177,0.26311539887462054,0.04313198538510187,0.862683432582041,0.0,0.0,0.0,0.0,0.0
8860885339fffff,2024-02-01,pune,21.47019822495815,11.014455580865864,3.8394439160559797,6.310431594112956,271.7135629507978,0.0826040398076372,0.17882104833319784,28.99910625182398,52.34523822686413,0.32506879421177826,6.949503235750106,332.8545076530395,0.060639246335530805,0.27029135943154936,0.08439099557136795,0.28991401796854605,0.13348587939918571,0.8863620572620924,0.0,0.0,0.3073579794445114,0.0,0.0
886088533bfffff,2024-01-01,pune,20.21941890984829,9.051779639323605,6.649315947916355,3.0786733224431804,210.2274002192359,0.21359987616791873,0.2259632404694616,28.20090137362885,45.53082570195148,0.07867087427018343,3.4787355265847397,30.31649244942241,0.396598026323292,0.06494635826934388,0.10454202596636336,0.2545943448815995,0.12651605766717838,0.8559481755802948,0.0,0.0,0.0,0.0,0.0
886088533bfffff,2024-02-01,pune,23.34173508191552,15.814445652756135,42.62171715379342,0.5,252.87257338406945,0.13177514606616703,0.20776104205356571,26.675955150520064,57.66524195986467,0.6391589782259556,11.99139365695342,587.083239725037,0.67414533484873,0.06979007620712682,0.11566650461540348,0.2406543254839342,0.10807722954955742,0.8904891097531806,0.0,0.0,0.7394459955293265,0.0,1.6230495021388909
886088533dfffff,2024-01-01,pune,19.553010465877854,14.440751021277922,18.633332864860503,3.211798862852194,208.85079277154736,0.20040912049866977,0.41582287583504596,27.16897008762107,45.98907099529557,0.4797738744708029,4.726469063481426,127.62612951254302,0.22443816801256947,0.016376542736037735,0.13799058524874747,0.24722196150899373,0.029935296618859047,0.8651043507479207,0.0,0.0,0.0,0.0,0.0
886088533dfffff,2024-02-01,pune,23.16942708511777,12.820332864721909,12.913162204836802,3.136976890083258,261.09046367893654,0.10489623548195484,0.2864703935532413,25.278005207539277,53.7798195290567,0.5627325457705323,30.401969366560095,8.386366714515018,0.35014768194732965,0.28810511286847734,0.14716936953729748,0.2757383972388892,0.02448179718751743,0.929800642095098,0.0,0.0,0.42387394820815494,0.0,0.2349298440247945
886088534bfffff,2024-01-01,pune,20.765716646938316,12.193287958533348,4.6608353922007675,3.2772801446106135,190.3224529439533,0.1683607846284218,0.2995299794837083,23.419550521939755,44.35257567941799,0.2493032145068713,7.874087133821497,176.20673692169805,0.26926511482671267,0.09508311014772995,0.13701913950886413,0.26027893132314034,0.11335695948830478,0.8380546943800333,0.0,0.0,0.0,0.0,0.0
886088534bfffff,2024-02-01,pune,24.21801008022696,12.813694630714842,3.227808399176716,0.5,247.66715465723925,0.1380161260299133,0.22140166763813413,29.332201238588645,50.2760979026385,0.09236734441898317,50.384785371610946,1141.2236097328755,0.2872503092718902,0.232572114149827,0.12406038968847892,0.27202027635542214,0.11630853660013052,0.8716328203305431,0.0,0.0,0.1393034474241941,0.0,4.513978337612045
8860885351fffff,2024-01-01,pune,22.009442310784372,11.559758712216459,27.978695924795293,1.7268939215154404,215.63191237087761,0.17818735773452826,0.3396081238809923,25.094130692740496,29.2162298818314,0.3236136708431984,6.117892044463622,15.641801953000176,0.7873168199702331,0.0027401175549700654,0.15670506161084452,0.2630437055928478,0.0937954140654354,0.9254877816804007,0.0,0.0,0.0,0.0,0.19548337080066017
8860885351fffff,2024-02-01,pune,23.35970844417416,12.631407922905204,2.273918152384002,8.883186228494889,243.48948329080426,0.05,0.3112478555897361,29.68696536163376,49.54603166852013,0.25468044736028894,24.280150118835984,302.0367482866416,0.6778603258876982,0.058806485519835895,0.09881940813485823,0.21086762771115594,0.07343486199358767,0.8788147699247602,0.0,0.0,0.08000783664220754,0.0,1.5994491509089328
8860885353fffff,2024-01-01,pune,24.434116899239786,13.343019390092191,18.965340006377374,1.8316259576380718,199.21113755255547,0.18653876503495706,0.31968463750438697,27.021119422441128,40.71148124849905,0.8031861760517265,4.864619867154578,150.88487166185357,0.22985043311177691,0.07169249047086985,0.15282884219341616,0.22655485915405435,0.10568471808738866,0.899264332840356,0.0,0.0,0.0,0.0,0.0
8860885353fffff,2024-02-01,pune,22.82707978339794,11.975016691774227,2.692788293546951,5.20910350885402,271.1442750430288,0.1035019644993183,0.3053019968426347,26.140416310272393,54.49302518112729,0.3469360664135085,17.030444362075,601.2538068076639,0.4588229388551165,0.007505266944213381,0.15662273893213782,0.23673538038320072,0.13985279260106329,0.8547031758396588,0.0,0.0,0.48180015103242335,0.0,1.846337733445794
8860885355fffff,2024-01-01,pune,20.301172974417852,11.14201957664578,3.6829345129665896,1.5091563975589564,197.61217346293478,0.22858159733097316,0.36755675283270267,24.982754532905545,42.98967918192345,0.3043562720777216,1.8022134006616073,72.05934579026074,0.286890425605719,0.16445652785845222,0.13508357573460802,0.2389099522553832,0.05317696402044875,0.8701328537518961,0.0,0.0,0.0,0.0,0.0
8860885355fffff,2024-02-01,pune,22.763020908203636,14.73457463765803,28.128256875748995,0.5,246.89539804387707,0.14430859412193708,0.27274004994298945,29.678995570774614,55.75915311577193,0.4985893729050345,0.8290504997896374,1.5126153266285993,0.12817570401447909,0.18313742248680323,0.13503283895679993,0.2078214843658393,0.10971487844932537,0.9089224335768271,0.0,0.0,0.5846344223688479,0.0,0.0
8860885357fffff,2024-01-01,pune,23.853916070024145,15.077790201148964,8.066053925807516,4.248299500739477,217.1881756095706,0.2295252560197335,0.2640269269003685,26.829416105591548,42.17083748753164,0.7946600412592879,10.962681047411541,294.7049361416125,0.5423871950738365,0.3563758378650749,0.18020154476795502,0.282688402289826,0.1156602469860955,0.9159872279661164,0.0,0.0,0.0,0.0,0.4886810424111959
8860885357fffff,2024-02-01,pune,22.39258937717863,15.478199522728406,4.628646922841859,4.991583260082285,254.14487703736066,0.1343819860787708,0.2373174158500013,24.744869184336476,55.17567709649406,0.43723378527456186,3.2603142810000896,318.7821074948072,0.7969529570836554,0.017728623057196205,0.11431205180945331,0.26159189942261774,0.07761571286940981,0.9340610091070494,0.0,0.0,0.5372447947941613,0.0,0.5449331404707761
8860885359fffff,2024-01-01,pune,21.342420929173596,10.776942615655464,12.338217535323437,1.4273954223830436,177.3753636241681,0.1912240591471457,0.35326482341192417,23.51940105794271,46.138688738719395,0.8040940809048694,3.0633437502874648,112.02797708121743,0.11030172622217088,0.17508519555692437,0.13345199030701854,0.24921966138958856,0.17688807769336654,0.9009741665069607,0.0,0.0,0.0,0.0,0.0
8860885359fffff,2024-02-01,pune,22.723123301451604,14.931988096138769,6.616597873352374,0.5,277.0843123222559,0.12711326881892163,0.30711777020847586,25.94279240974687,52.102792822623584,0.4392364449482588,1.0794930107389433,265.1040372006883,0.17728561611031632,0.10312697455316773,0.15574420635256186,0.26086104363114154,0.127556005570133,0.9461333377283674,0.0,0.0,0.2876666861701558,0.0,0.0
886088535bfffff,2024-01-01,pune,20.59693648295613,13.360136232952105,17.07869344401339,2.2019854937128787,175.90883124838467,0.2553380384823465,0.282728142040549,27.72349010404519,41.37945480654461,0.14264768856868454,5.511295172593841,598.5604212042559,0.6455471394417072,0.02064454593316275,0.11044958930115595,0.33047116750119876,0.06297315675796507,0.8756957008128928,0.0,0.0,0.0,0.0,1.2826286004628098
886088535bfffff,2024-02-01,pune,23.810898595087732,15.30211465498389,2.3726096255168683,9.454791586111323,250.63646870536996,0.09331181770548178,0.24640276040680384,28.234538081618062,52.64535470575326,0.3312831634091601,21.34834943207501,9.704591581229097,0.25184755032161754,0.12740574905670415,0.1581620874101911,0.26211870505060364,0.1446714535424029,0.8589218745730952,0.0,0.0,0.3317332882724291,0.0,0.2354708480797107
886088535dfffff,2024-01-01,pune,20.892390081239576,15.433848722140816,3.5089927929003055,4.160443952091967,192.13666501921446,0.188956111744882,0.31629494881844694,26.188817244450192,48.843650170411614,0.5453847325649209,2.180862778599459,130.09320739298772,0.5841879552874057,0.48438403713213624,0.11242976762732722,0.2853625144589737,0.08328537988159826,0.8892306188305066,0.0,0.0,0.022960766135507252,0.0,0.0
886088535dfffff,2024-02-01,pune,25.271566241822004,14.609373916323621,5.528422411535383,1.0022725328466269,241.66661538666028,0.15815061123150215,0.36667437439335104,32.335968792773386,53.461135522633604,0.5171564636896246,5.767228942701987,393.83347493448036,0.2179213197304422,0.037561820664280154,0.12311310439188815,0.2726896080316619,0.06464160476841967,0.9156035567156683,0.0,0.0,0.397990594172301,0.0,0.0
8860885363fffff,2024-01-01,pune,23.66575173358182,13.669091867110037,23.787843615678742,0.5,216.8024398877851,0.26771577991598483,0.31915850843904975,30.06878518254642,38.48328263513262,0.5259041793126453,11.124039507469156,642.6130988797958,0.36270546203156245,0.1311860395666922,0.09624779883328427,0.23799881497043984,0.0590190442577145,0.9346408453607475,0.0,0.0,0.0,0.0,0.5382917154625257
8860885363fffff,2024-02-01,pune,25.990781325211607,19.94031914736709,1.9758766506415382,4.121339351475975,280.7681319737208,0.13437087788202465,0.24877333149490222,29.24810056109225,48.876543215194125,0.6961547347822028,5.651226701285408,110.0252204483011,0.8044738496230838,0.20809411223611213,0.13857862399375112,0.24398721401117415,0.14791715984381376,0.8858091962158893,0.0,0.0,0.02563232261861694,0.0,0.5149466867159063
8860885367fffff,2024-01-01,pune,22.7031392279882,16.109494661400163,8.399174703991513,2.399876726961951,197.52680034721047,0.2049440171974713,0.38834807309566,29.469137331383735,51.22948244905325,0.3958690859776178,8.704645553048262,431.3629793220781,0.5223591714797625,0.16949296249174528,0.17112396708481203,0.2639925425825213,0.10534502827464888,0.8945594298960452,0.0,0.0,0.216736858733838,0.0,0.7519804503585487
8860885367fffff,2024-02-01,pune,21.108165939101006,12.366297057469366,0.359258895704465,0.5,259.42388022926013,0.16991702924358398,0.3067563595293541,28.727387874667965,46.39609939453451,0.9305338430125616,9.048534890562301,291.87886161020924,0.44250895220084857,0.2531663263941457,0.15740385486935787,0.2222104223343036,0.050377762921981366,0.9281746926771814,0.0,0.0,0.0,0.0,0.0
8860885501fffff,2024-01-01,pune,22.257742386971028,16.308163354774532,3.0303263866132553,1.6092183981372914,165.20006618149904,0.23507454190379287,0.33349828983224916,26.71540324368072,50.140106846333325,0.21166217419844277,0.7243747399991907,24.899278129320113,0.696598430826803,0.026482162375178298,0.12185747280448263,0.26227317664540367,0.04652788384791779,0.9787158521733477,0.0,0.0,0.12825832251954733,0.0,0.0
8860885501fffff,2024-02-01,pune,23.46922206899797,17.166241479781217,13.641612568957466,1.5528050739207528,245.0013171658341,0.1329861808961985,0.29456361454040675,27.752075408303906,54.76370358857536,0.41543395130489885,43.134382488305924,389.19305768101714,0.5882715815997464,0.047494196688178746,0.1461538537821919,0.2269702411584609,0.11798357030712286,0.8646123502964946,0.0,0.0,0.5037845145669336,0.0,3.149316205620365
8860885505fffff,2024-01-01,pune,22.658549209887347,11.120211112548727,4.760304361536588,1.5741732957719425,224.0916133462382,0.19789082358916105,0.3621223520247254,27.81527508728707,41.931249367398095,0.5774235589939809,3.431695614585629,173.57428218024702,0.46305994858506244,0.11446655184646436,0.10371640785411293,0.31335448349011547,0.11530368090759643,0.8964946568201347,0.0,0.0,0.0,0.0,0.0
8860885505fffff,2024-02-01,pune,23.458470836922476,16.594173048583343,9.332368504479186,7.011019057620777,243.01979356772955,0.08479886148952741,0.2875594336750924,30.507944355424193,56.01169499687955,0.22903242668135895,6.732208501607199,89.12239295557639,0.381277460721459,0.32778900697910884,0.11598201690346453,0.19945273994649973,0.0814425104811879,0.8687030974456473,0.0,0.0,0.6051457463946626,0.0,0.0
8860885509fffff,2024-01-01,pune,22.1309559507953,15.587793267566397,29.684574787415553,0.9609579315414217,216.21485571450523,0.2089603916633006,0.32086855856436697,24.181093899514803,37.601876607358776,0.7318225182157911,9.752296424260752,14.996676935014623,0.3315765876486363,0.008935299015073372,0.14275257952358392,0.26101979619756455,0.10823034488021158,0.8785895025467637,0.0,0.0,0.0,0.0,0.0
8860885509fffff,2024-02-01,pune,24.008067706115817,16.03927198145609,2.8441235676875327,6.1229105645074355,251.59386308006833,0.1355483293786248,0.265188642202136,29.01357732685981,54.961736508930606,0.7871243349149722,26.576423030749904,555.9748240376089,0.7024340337280697,0.16578105577446545,0.16736307384992022,0.2492727708928691,0.057490644169333804,0.9198913668606359,0.0,0.0,0.5198686483326669,0.0,2.311408643151902
886088550bfffff,2024-01-01,pune,22.603869287567452,13.339394501175066,25.30308458713176,1.2646248537533948,205.93812579243684,0.2817354636875238,0.46660336144151515,24.8630939041245,51.24798506238157,0.7130641424645767,22.89975642153086,124.96026837143648,0.4036779203603609,0.1332967838760807,0.09670982197705548,0.312248696944963,0.16203116865831155,0.921414675165653,0.0,0.0,0.21823963164277912,0.0,0.7601974483378812
886088550bfffff,2024-02-01,pune,23.80974069325939,16.30922643496164,16.143184437260736,0.8626752069864124,260.08912132327526,0.09848490385611933,0.21571545899902167,27.06833164558345,50.000863566558806,0.528973618193336,0.5430590599090409,56.0003171262432,0.5229948709342394,0.11230273037055055,0.14329718195553956,0.2895546005341659,0.1326631151601853,0.9239438084198724,0.0,0.0,0.11694905366740259,0.0,0.0
886088550dfffff,2024-01-01,pune,22.347507276011488,16.86615140348317,0.9722002244615757,0.9315355996848776,219.24729778391912,0.18918522791173045,0.36000474182487163,26.345401163931008,43.31313774699884,0.4331295764956774,14.987483599323888,657.0941456242701,0.24723855123546198,0.38878644806020507,0.16314709202494132,0.2938728028695318,0.14610549047633917,0.8999977833688829,0.0,0.0,0.0,0.0,1.0231266442114424
886088550dfffff,2024-02-01,pune,22.536287677211774,11.353341675885652,8.080335141501973,4.85278300116153,234.37827610357095,0.1551840024992735,0.2750379491964788,30.0968372243145,49.796920335151256,0.602911376805558,5.1642231393883105,28.339656447902765,0.46869285468350386,0.01981789166023303,0.11365693426087417,0.24310478236116403,0.10148346202893044,0.8518824493895122,0.0,0.0,0.10038488742327226,0.0,0.0
8860885521fffff,2024-01-01,pune,22.190874834477682,16.603339817173197,0.6659662599427683,0.5,201.53047144758867,0.1790205297972795,0.3062446927253743,26.59645996581211,47.9762832614926,0.4632160121322439,1.4689544934726357,591.6345680430117,0.3642470553690783,0.3885281711637183,0.12810202138780094,0.357372319492951,0.09707236675754015,0.8879631087410413,0.0,0.0,0.0,0.0,0.21352371694049913
8860885521fffff,2024-02-01,pune,27.505088105754382,21.286439587891863,32.958919032268355,4.274356444694969,227.65533580737588,0.15610755983460073,0.278515661994618,32.931169176593805,58.58975232894922,0.4780829978427275,2.3398391051475507,228.09335757085262,0.4305716590153898,0.10769542488875414,0.10682806234625197,0.21195884534050058,0.11154400327905697,0.9098154223354472,0.0,0.0,0.8145342607404251,0.0,0.0
8860885523fffff,2024-01-01,pune,22.215016454500145,12.736784176519745,4.571619571678781,1.134048697503776,187.62033818569864,0.17958771030537363,0.3838985411531083,28.935474964397514,49.31437878506928,0.5942828310524441,0.029861840110823615,720.3768688120279,0.6407978578412757,0.30176439397313876,0.12776220080443948,0.28068543871710555,0.09429737184683729,0.8705516878986519,0.0,0.0,0.06119310645513859,0.0,1.028013575895451
8860885523fffff,2024-02-01,pune,21.820638240708977,16.710266609839373,20.063675730053948,1.7045874331464228,271.0839688510266,0.1187472579292409,0.31197628125333465,27.714137932985714,56.97327738898578,0.6088710545297245,0.18401903359287253,43.51808327708862,0.6623622213222998,0.3030854765995914,0.11267664633008348,0.33548161411714766,0.09031327896916251,0.8875320302763312,0.0,0.0,0.6832449825906743,0.0,0.0
8860885525fffff,2024-01-01,pune,21.64697185732232,16.46308567187731,45.57606038452395,0.7886733637616563,199.56196097505435,0.19897182447041276,0.3615889910070064,24.242776599220562,51.43729438361898,0.20971992033099193,6.808898266464041,117.78647495546298,0.20881320334978815,0.23483128859600366,0.17542862868041406,0.28626526323328705,0.12812600820107925,0.9112816073485391,0.0,0.0,0.23361523909441206,0.0,0.0
8860885525fffff,2024-02-01,pune,25.749441724179267,18.16077943296041,6.322074463651626,0.7420308984352324,228.03487367711705,0.11527963717598563,0.1998087243831319,28.98437527245803,46.65920703096149,0.8745614574327384,1.9832315131089335,175.80336503300214,0.2210190207438741,0.048024612214222016,0.17243518974873903,0.28456850539890377,0.10419695019568163,0.882956977761343,0.0,0.0,0.0,0.0,0.0
8860885527fffff,2024-01-01,pune,22.06941327833558,14.41934394144327,1.2626477578891884,7.59630683620477,233.95702860113238,0.2107901277186748,0.3122370557128412,26.127618960709384,46.42201374837145,0.3489293568830036,6.575047974017065,26.100899987891896,0.5876352033128451,0.3295137311486923,0.19736941201625474,0.258912175435726,0.06512753099448906,0.8654607502051423,0.0,0.0,0.0,0.0,0.0
8860885527fffff,2024-02-01,pune,22.32421041555494,13.668028678967845,14.940653248519286,0.8525066165156491,262.39584192844,0.14461271994957137,0.23514248736867582,24.393319139880944,45.754802233821835,0.5962015406224279,27.332405704781728,604.964714158516,0.13363744411234724,0.2665885813531472,0.09925071571419164,0.2838160148647524,0.08501234531161109,0.8666505157911015,0.0,0.0,0.0,0.0,1.2937468412485642
8860885529fffff,2024-01-01,pune,20.820938865809527,12.543838216305359,3.510916818067109,1.3693121725154729,216.13863748242622,0.16188362138654389,0.338548542006546,27.149063212747734,42.3936815440732,0.153428529458668,1.8748943234854634,587.7668245647283,0.19648709891386656,0.0490167639368501,0.22017812869581727,0.22609251571057415,0.024998324447666878,0.8139592520472176,0.0,0.0,0.0,0.0,0.051375697449266296
8860885529fffff,2024-02-01,pune,23.73438439828895,18.400733084703795,2.3049614110753476,1.6687036577843521,239.89239729932865,0.14006761500793258,0.371499078157477,28.281652740480922,56.75055371035942,0.7267818972122535,8.35893803938071,14.983004165032243,0.12419856456578587,0.11211928153846852,0.09813220618676845,0.24473849234049294,0.12552739655986442,0.8770007608482149,0.0,0.0,0.6651554779093501,0.0,0.0
886088552bfffff,2024-01-01,pune,21.5478265916508,11.272989378413843,6.1478498363890814,1.3692874465423226,194.7615733929445,0.18198783049334777,0.3756779266563006,26.43730128601179,49.01513830741665,0.8866964169809036,1.2564273535847346,192.53627441718956,0.6173818618298774,0.010992500701535282,0.1698702519767891,0.2673841179203589,0.07638224970646508,0.9222765337262644,0.0,0.0,0.03688894600518486,0.0,0.0
886088552bfffff,2024-02-01,pune,23.8803769418215,16.54151257990592,15.630866024944643,0.5,275.1696521766557,0.15400038962435636,0.24195183883945454,27.99544797893322,48.23496422040857,0.9791018944789033,0.4099320699562295,330.41486361610276,0.2929966142961255,0.24733185116643092,0.1486659877096634,0.2552354233046393,0.0688410642011403,0.9695859705768357,0.0,0.0,0.0,0.0,0.0
886088552dfffff,2024-01-01,pune,20.545893275845813,11.02590085666054,0.03083728510999198,5.41254087817059,211.25397776811695,0.2301896732737587,0.39312741627369757,24.326678458677204,40.80598397929941,0.48698522581737425,3.7343468738712757,511.12359264649416,0.1848238695773941,0.02910125207005223,0.0545970865150083,0.262306280329828,0.037061425959773325,0.9064354953384334,0.0,0.0,0.0,0.0,0.0
886088552dfffff,2024-02-01,pune,23.677192580340076,18.418991202858212,1.0854304691385717,4.74300466001393,219.87960243715432,0.12709274317906225,0.25067595797507275,27.698486303196994,57.54181784108231,0.30093729176347167,10.052770153022392,293.2971472660293,0.5776267497556152,0.13794977265435113,0.14377830614521114,0.2849582436205337,0.12676724154150626,0.8917725130382765,0.0,0.0,0.7294215509427797,0.0,0.7493373496456347
8860885535fffff,2024-01-01,pune,20.02998333673143,13.476797837963431,29.76231262136671,0.5,197.26899415360631,0.22780512788140744,0.3490692252162994,27.84065735957477,46.71847704788163,0.17895764129947317,1.1781287998994798,134.36995202558288,0.263063768257917,0.16054047039583852,0.12354364138339913,0.28115988133791,0.11627809076565927,0.871699898200794,0.0,0.0,0.0,0.0,0.0
8860885535fffff,2024-02-01,pune,24.010828922678446,14.18415697169312,30.353349752047354,0.7824059304223281,250.60193652592682,0.09853138139499844,0.36501018060178814,29.54734637782473,51.011819382506026,0.5028643721986742,8.672974979791647,24.99682453510662,0.46764869027164724,0.3583352403388147,0.15139005808375824,0.21923339035993109,0.07802368982534653,0.8870825799066069,0.0,0.0,0.19905837440948915,0.0,0.0
8860885541fffff,2024-01-01,pune,22.05310188791857,14.527332702121889,5.825756375554857,1.888662081058585,185.33244017403283,0.21801512441451087,0.37765054943486925,25.222264631613854,38.125702222632476,0.6496256107160393,20.080900590653936,569.0954391855876,0.8945170360022033,0.12328379975213984,0.16186241600774146,0.264289038153977,0.15826124351350074,0.8689869976624526,0.0,0.0,0.0,0.0,2.9689019719968037
8860885541fffff,2024-02-01,pune,24.553402687733474,13.854052555650515,6.34907626304754,0.5,262.16836407989626,0.1674446586503573,0.36286444684432506,30.625949958186766,55.745199861042344,0.31272974006138576,0.3404919413204601,698.4920291776868,0.7903974404900034,0.10802631667600356,0.11073387006095371,0.25639371691424584,0.13397595116028418,0.8876808716744947,0.0,0.0,0.5835011460674361,0.0,1.4950306358394359
8860885543fffff,2024-01-01,pune,22.889276859969797,16.744645603263226,5.154147922003797,0.5,195.6131071095475,0.1844753416728199,0.3920072468162836,27.973653500596434,41.85880384711168,0.4529715377356218,6.467996108949971,495.754674882209,0.5231192488968218,0.43016924930079065,0.13406683729000923,0.2339182644236381,0.09458132781743751,0.8921537933795166,0.0,0.0,0.0,0.0,0.3786106311042592
8860885543fffff,2024-02-01,pune,20.327314454912226,10.012891952718473,7.616332836837431,6.252160102076608,224.2906618155254,0.1357547108747325,0.3004750168110859,23.965919509774025,57.26374549340936,0.7197623498706324,5.266955950896718,336.7140580719606,0.30481005256452526,0.10427347620926855,0.10359543915219994,0.3284195141694254,0.08041245205310779,0.8560864822034203,0.0,0.0,0.7068366553178499,0.0,0.0
8860885545fffff,2024-01-01,pune,21.713253424319216,10.262053618663261,5.456820661862652,1.1072728679243569,203.80048064782574,0.22509210057082074,0.4020837440714446,27.904452966854834,46.39203150134092,0.10392525643089179,2.642661235868267,61.297213196463325,0.30138501091407105,0.2066180205028302,0.10668260117262834,0.22588144929543577,0.11711637456778423,0.9211388099231941,0.0,0.0,0.0,0.0,0.0
8860885545fffff,2024-02-01,pune,23.9009856049712,14.807930623517077,7.357486848491578,3.2932532374661836,245.61674727957097,0.16499035699713344,0.23599700518695504,31.691965492332656,55.842942994974905,0.09756951334974623,2.049085960658301,199.7215589315846,0.2923327903709461,0.018051257347815104,0.1736850925677319,0.38899180950422085,0.06921180082207723,0.8830579648019212,0.0,0.0,0.5914397940358298,0.0,0.0
8860885547fffff,2024-01-01,pune,19.868258810523272,13.026080985178599,3.854307047992593,5.096579000626213,187.54368137449055,0.1686789750363767,0.4459489858440754,27.08607927127417,35.60882274629982,0.8354379099642477,4.398649736759306,862.58956026326,0.7801657988692683,0.2282320174879665,0.1571052801665429,0.2425512124853815,0.055450551061085124,0.9099741665596277,0.0,0.0,0.0,0.0,1.7186420346972766
8860885547fffff,2024-02-01,pune,24.233659683630844,14.76538348165029,27.990781784844756,1.7550892804862617,224.50310955970076,0.1703234314224646,0.19676148240044106,31.973704259971104,45.05845406726817,0.466178611151337,12.919393236783375,220.74476312267308,0.4641256244390589,0.2413898688864243,0.12697319913801836,0.24510005755805267,0.10326980520343865,0.8921670887466483,0.0,0.0,0.0,0.0,0.21576087210255884
8860885549fffff,2024-01-01,pune,20.542272032390944,13.889594189571,8.979464847140305,4.158749535245592,192.3329253984083,0.14750958180001855,0.400318144776479,23.479034560841857,39.8351798848454,0.29931953660914645,6.019575104770893,731.417202765769,0.2600244488997233,0.3757971690291391,0.09785791670383168,0.32248423271572546,0.06692218417914861,0.8928286283624124,0.0,0.0,0.0,0.0,0.33863907442775676
8860885549fffff,2024-02-01,pune,25.052831596117592,15.341146292523954,3.9766832669000083,7.3264688730285865,245.11161503280533,0.1486665808819189,0.12745587376895542,27.27615614679422,53.71024413505352,0.3970047738737765,4.688724447631534,651.6885201775909,0.20962176423846504,0.019636186473742188,0.09579062394331637,0.25255883027820214,0.03670336505100538,0.9196024768635572,0.0,0.0,0.4182230698494289,0.0,0.0
886088554bfffff,2024-01-01,pune,20.533804099732244,13.605112817903343,1.1369379272962084,1.3979508679536403,206.77298218356486,0.20512999874397583,0.3986592674223412,28.46657319239121,43.2382255062138,0.44815004896981003,2.3077241566301434,656.376972841237,0.4412674307899034,0.0022901878041708306,0.16367131978321384,0.2810857612290534,0.09380258267323406,0.877814683788977,0.0,0.0,0.0,0.0,0.8511088765929808
886088554bfffff,2024-02-01,pune,27.334416989403476,18.406892789116082,21.51196669231731,13.985773090051996,247.89019029730562,0.11614937970498668,0.302767855970655,34.79667662616907,54.69254623973619,0.04652906468530907,16.97293802687429,355.74138902356543,0.26138467399781395,0.3105214080480915,0.1841962382631724,0.2709065223071645,0.12640659236307958,0.8817218409226991,0.0,0.0,0.49800515063546685,0.0,0.5462502898365392
886088554dfffff,2024-01-01,pune,23.34692895795449,16.788282809349166,0.6104714809690515,0.7311488472429821,198.17096423739414,0.22891342316432933,0.35991799565486043,31.094193078687162,50.650984992492326,0.7333679970318537,4.486081798542548,177.35386569036012,0.34138655806809,0.22848434172133764,0.12231951852980509,0.2773043345263054,0.09043028559972871,0.942155728870388,0.0,0.0,0.16975158750837246,0.0,0.0
886088554dfffff,2024-02-01,pune,24.393801959175516,14.45786505734366,32.04018018878869,5.034184400876983,274.3160651696147,0.12936773247982536,0.30672539636959084,28.75924315180275,52.663014762433775,0.8670069552133278,2.2444182031861226,374.66792063157794,0.0726203578245476,0.29984602733167925,0.223449293526987,0.2837642929439427,0.04067582287340392,0.8938493626722632,0.0,0.0,0.3331676291560071,0.0,0.0
8860885555fffff,2024-01-01,pune,23.017871677984242,15.366531728329226,1.550763806434181,0.9702579554310118,187.35806071540938,0.16718997773378272,0.35707480567472866,28.048856950065282,47.168871471621834,0.7518965753524914,15.57006202052589,5.554176487363817,0.3608936508141062,0.1670970694849979,0.06845420627021198,0.26301352785002047,0.09678572297615745,0.8625727727954429,0.0,0.0,0.0,0.0,0.0
8860885555fffff,2024-02-01,pune,23.600797538529992,18.135841918675208,8.7047047466147,0.5,250.3991584832815,0.19237512703999937,0.38351850833027523,28.552019044054365,49.048489068334845,0.621650272647449,2.58025202660433,54.849342543176185,0.6783627314283047,0.08025469221533828,0.15440134482799878,0.261996040592251,0.1064734402377917,0.8577116533860774,0.0,0.0,0.03959767796164416,0.0,0.03074758341586106
8860885561fffff,2024-01-01,pune,22.977986710248118,11.740436694251244,6.333604610387446,3.12510014607407,188.2201129551357,0.17416329791401514,0.32116937858377204,29.195240488397417,41.76950556477898,0.8009662308764967,0.6686562521842129,331.5978356888297,0.19980616781604751,0.0653407111070812,0.14444520800974725,0.2676888585363661,0.06830059904652269,0.9030962264127813,0.0,0.0,0.0,0.0,0.0
8860885561fffff,2024-02-01,pune,25.351202161449013,14.312554973147032,4.846082142982797,0.5363078051600615,261.2817305857035,0.08782922001540368,0.2953771165672098,30.825257278562404,52.12433988983453,0.2984358961107947,2.9566558320904197,15.553293776126814,0.3629535673235491,0.4398247754534056,0.08049469095523408,0.221562039654642,0.15386019821119457,0.8919081590968793,0.0,0.0,0.2894167280857043,0.0,0.0
8860885563fffff,2024-01-01,pune,20.480781039484448,9.364041607742738,10.269960905928635,3.6289649819243426,195.04614403825087,0.22396566641198842,0.33303641039662635,25.012530999379287,47.77058043957415,0.4777724432536001,11.117326333030274,920.9007203245105,0.44480626488759484,0.21540173867670773,0.13882090769346553,0.2624981334864768,0.10340353087216878,0.907164925128388,0.0,0.0,0.0,0.0,1.6960121536014487
8860885563fffff,2024-02-01,pune,24.345920204967545,15.554599205329765,0.47454697580562355,5.890430836867219,256.19812965031775,0.11025905589421112,0.25434347173534005,28.329899457387278,54.697245291197035,0.6265794386642706,5.8775149076839615,61.30286559109539,0.23790084611282458,0.30279719320127885,0.14566947112585943,0.32606019238075434,0.11294126959409301,0.9383100298180502,0.0,0.0,0.4983868052216472,0.0,0.0
8860885565fffff,2024-01-01,pune,22.30463619297069,13.841924731373146,0.9767292809853246,1.8427607173389826,196.99716495641238,0.24653554895133423,0.32196794950543806,24.91453372883931,40.0814039370692,0.46442743223178545,0.5865383323549216,221.84460796685013,0.5091841405959666,0.0038807246152370097,0.11993871759038818,0.305327381453935,0.11246248680113086,0.8671798242294428,0.0,0.0,0.0,0.0,0.0
8860885565fffff,2024-02-01,pune,19.868366523733137,13.439272525562604,0.9775754926340696,0.8937810989265494,253.17202428535535,0.16941540021464688,0.2731060670119387,23.71989445073671,53.850404357673995,0.3853754919785908,3.003036429106595,320.81419236991775,0.26348429137492807,0.051589532481417295,0.1661029803913499,0.2452500821595262,0.15159276586362966,0.9222400334604188,0.0,0.0,0.42960681233637826,0.0,0.0
8860885567fffff,2024-01-01,pune,20.98927959186904,15.216723130428859,44.99176506257519,0.5,205.94188076176664,0.2012026348273921,0.32525494332380633,24.79328394335533,48.716957648236495,0.6894775581018444,6.026961905509482,191.52189311674636,0.1356212326832845,0.11714433669025846,0.1472048715699014,0.2561842999361088,0.08150056137291094,0.9433952720350499,0.0,0.0,0.012670863476256119,0.0,0.0
8860885567fffff,2024-02-01,pune,23.743051532803914,17.401718155275308,26.608729122534676,1.4640899069881537,233.50404382002506,0.11488242892936343,0.3044380487233572,31.21134017945871,48.723433431707946,0.7955364267134388,7.297600147542107,5.5677007046115765,0.4568244140696217,0.07340624745990025,0.12422637070421588,0.2746229025807552,0.07852132551795593,0.946423033070617,0.0,0.0,0.013196823338919039,0.0,0.0
8860885569fffff,2024-01-01,pune,19.312080598045306,11.932123394751905,17.19692000738583,9.946411222674772,194.13933726398335,0.18413454862936435,0.3077099187825645,27.198578321634194,46.01743614085515,0.3540576057250402,13.4345770335439,255.88685344715762,0.6869041074689722,0.019437036600619365,0.1321068723962636,0.28728490500357173,0.07201792614210858,0.9307759020118129,0.0,0.0,0.0,0.0,0.8778537909934512
8860885569fffff,2024-02-01,pune,23.861708020406617,17.499295779935263,7.169559881578645,2.6061347255593397,264.4342796343093,0.13964221037495536,0.3186342880019369,27.65864572695748,48.70450776869149,0.09415008540317069,2.5447851935501618,149.21956686060244,0.9037846973416215,0.15102734853483052,0.15162341554013298,0.2605041090689729,0.11007882720084072,0.9018495368111441,0.0,0.0,0.011659690547988096,0.0,0.5533152161966399
886088556bfffff,2024-01-01,pune,20.927748395565505,12.976567478354266,0.25099058303905597,3.9912120636494546,187.9562105985258,0.24974991859307005,0.2786964237864513,26.972350225331642,43.495910565154944,0.46789847518403854,2.8695291007460892,147.33572642916317,0.6419745293470662,0.05388722341786376,0.0733974248404134,0.2753715185836298,0.08023732402872197,0.879785614760529,0.0,0.0,0.0,0.0,0.0
886088556bfffff,2024-02-01,pune,22.380485791209736,15.289081992847,8.561774854282625,0.5,273.9778526404028,0.15518211032463441,0.31405274344859746,27.03058023135721,43.45482357195365,0.5932595995285165,6.0579596009921435,313.7646384396423,0.15299527353237422,0.1569415838650704,0.14611631623140608,0.2899221324938195,0.06961926658230619,0.9271149557952153,0.0,0.0,0.0,0.0,0.0
886088556dfffff,2024-01-01,pune,21.99702247409875,14.51095604021027,16.201735368926375,0.5971918830258398,200.17145115304822,0.1770603564489376,0.3679239950390662,27.40802151303437,45.96146395041181,0.47745772574271733,11.831018207203762,26.312144619106807,0.6013624211849298,0.13571891935233973,0.13761369556581732,0.22094601475610678,0.11507016458809372,0.8947239749511114,0.0,0.0,0.0,0.0,0.10650178267503797
886088556dfffff,2024-02-01,pune,23.779293409544337,17.462786069891962,1.605949575658559,2.3979104985490727,280.9185640064807,0.0896097716646683,0.20861173191844928,31.332077161732,43.54864806595755,0.9411518540850535,1.1380431499495618,9.808910600760607,0.4145760087050272,0.11112194182591756,0.1491643485276804,0.33066685009690916,0.07329259904745478,0.9351253212448026,0.0,0.0,0.0,0.0,0.0
8860885705fffff,2024-01-01,pune,18.456077867484183,10.018220993939764,11.68494138694969,3.147415124270979,206.95970161451135,0.19282235492694355,0.3783391116117948,21.483326287671154,37.992778338520154,0.7815983773597535,0.010456457981802622,48.94857397237972,0.5102850406865057,0.1358330521220384,0.14624497755463858,0.27870235992144615,0.13539589671595545,0.8998018987154806,0.0,0.0,0.0,0.0,0.0
8860885705fffff,2024-02-01,pune,25.663228919697744,17.354675495659656,0.9727495544613074,8.917115218521541,242.0317944593269,0.06700741278284082,0.20182198913113994,28.70535963041861,59.76861686550037,0.738765688081902,13.907483546254534,595.8335301638303,0.5935854463550789,0.08868759389504992,0.11572430912294676,0.2728048310883438,0.11007749148682812,0.9009049420064872,0.0,0.0,0.9102810429600389,0.0,1.5986599514593411
886088570dfffff,2024-01-01,pune,24.01306878599823,13.27671719394272,24.000822163869564,7.9188271136696535,186.69592524822377,0.19367775396038386,0.20805943178992062,31.226704167493587,49.93082575761234,0.5711439717352624,4.155216719622112,1012.9418482422668,0.6453900782444844,0.11630398346033415,0.1375172344251827,0.2799836616314923,0.11157348100414799,0.8668276656488819,0.0,0.0,0.11126061820054674,0.0,2.2231470929816757
886088570dfffff,2024-02-01,pune,23.136856712834252,12.85116435952061,17.23836371163501,3.3552381090686683,268.68555768248893,0.11869269848228439,0.28715840317654684,29.95493783638634,49.406164048909226,0.5499030732514469,1.4676265027424449,12.19273658684429,0.3229319828686439,0.008395641654222573,0.14269384774262409,0.26888082823248954,0.10312181192059626,0.8848021106731532,0.0,0.0,0.0686478592239029,0.0,0.0
8860885721fffff,2024-01-01,pune,21.007573052328922,14.605520515431163,7.73338306535956,2.6601322229123925,200.6014188980711,0.19110768406097775,0.3679466761731884,25.54389914411704,53.93722568511711,0.4592949590976878,6.479203828517733,28.4753862349256,0.3459877788165123,0.581490289557454,0.1377606556719496,0.2837033960216358,0.18841857609593482,0.8723359221077219,0.0,0.0,0.4366583966982541,0.0,0.0
8860885721fffff,2024-02-01,pune,25.482758821457423,19.567437564822846,13.308930414790117,1.2717327577252062,269.0486023950613,0.13590737287145507,0.09809970859634953,31.59588509256654,45.429683595213945,0.47381037943030935,6.175115038706421,116.91685633576692,0.5553783120008366,0.4699878316128426,0.128766328258979,0.2989790255833363,0.16698005553756842,0.9777416406147209,0.0,0.0,0.0,0.0,0.0
8860885723fffff,2024-01-01,pune,19.657016380251633,9.135304406415287,30.982879603624216,2.470619645339579,180.13528796747414,0.15169008954635285,0.36962935153819815,26.65027804844683,36.91116099600277,0.6987608522401486,1.0356703906377007,398.2172999547098,0.7463663336616668,0.04419416360901779,0.11221535155098998,0.2609159152193945,0.10096991504609744,0.9167870947958359,0.0,0.0,0.0,0.0,0.5856479446840541
8860885723fffff,2024-02-01,pune,25.964926972663847,18.866193418802133,16.134902576527217,0.8073965286893874,241.8601954370575,0.12274183639535807,0.35732828098045566,31.47919436654925,47.93767255544462,0.4029339165158677,21.167179985237595,266.79868996746495,0.39372823895487263,0.2014254653997391,0.13979500442605036,0.30994381352346184,0.13938714592204735,0.9207774319184971,0.0,0.0,0.0,0.0,0.9017082393883075
8860885725fffff,2024-01-01,pune,20.242640866201533,12.483011827873508,17.463864783350417,1.3338206763287823,223.59771362122476,0.18052191154459354,0.3025420041167867,26.86845255051454,49.40251461365309,0.9515150662793977,4.905913178935945,239.34538632707896,0.28591343092479543,0.048444334004131194,0.10563047381586596,0.2833148060734092,0.09231076583021264,0.8730636982059468,0.0,0.0,0.06835145393571286,0.0,0.0
8860885725fffff,2024-02-01,pune,21.53972655624425,14.45786845145781,7.262949275668008,5.848236540738778,243.42919699353484,0.14448502190359128,0.2877935124138325,27.421126725030497,55.276526319646074,0.3459332644284462,0.26184032059026263,563.0066976532624,0.29278159285541333,0.10143659391780574,0.13453050326693852,0.2898419279477065,0.08958229238425083,0.950087014261476,0.0,0.0,0.5454357177600874,0.0,0.0
8860885727fffff,2024-01-01,pune,24.541537006619254,14.518897362663566,9.559555691246484,0.7637734785573088,206.01330133742655,0.19259116844344573,0.38637775973856087,31.880245786448274,50.84169318158604,0.5078961227530115,0.09814310337377237,91.42133538032951,0.42525457498777663,0.013829500056840912,0.1258745281444121,0.2893208187500077,0.13755906954582714,0.9012137626743206,0.0,0.0,0.1852408103007321,0.0,0.0
8860885727fffff,2024-02-01,pune,23.204263041137224,16.794566801603736,0.1297906592884201,3.1374001241292118,233.24434702958433,0.1356808150598556,0.17335555497954866,29.788117296663117,45.910662946955625,0.4299652748228853,3.1177464782313877,225.23794802274116,0.5134979725121643,0.16239763971093724,0.15572520025154932,0.3020691447686652,0.10767750304782894,0.8885034774729912,0.0,0.0,0.0,0.0,0.0
8860885729fffff,2024-01-01,pune,21.171486168104785,9.810410348727945,0.07659973181457276,10.375378724536855,187.17493832400703,0.18556271280156153,0.3969706294257745,27.26795569997862,42.71600478374208,0.49327172011001114,9.64768002957429,145.9974995968167,0.3674785696772312,0.030309409658805977,0.17186258857572714,0.2529398026296763,0.06956172932082914,0.9390573174315435,0.0,0.0,0.0,0.0,0.0
8860885729fffff,2024-02-01,pune,23.39607169128783,12.551868474670522,4.157002186514316,0.9321328974870907,236.28429307414098,0.11365736226670409,0.3312070902077838,27.302022134525465,44.305420989006656,0.18217443363812286,15.005725145685595,87.33100554786824,0.692123433458701,0.26687549964355317,0.1606097343456749,0.2534873099208432,0.06534079862640853,0.967539854182359,0.0,0.0,0.0,0.0,0.22486178335391632
886088572bfffff,2024-01-01,pune,24.25269091938382,18.37829798276752,3.5021271814038064,6.60754642682611,173.06960137224783,0.21263651236451692,0.31105771972199886,26.838810984964383,34.19918264431587,0.4187246592214412,1.8482372740555408,1.2903143858120985,0.2425654826529776,0.06012440221505792,0.15977000096653102,0.21964457601438303,0.1042674529097848,0.9013034937867049,0.0,0.0,0.0,0.0,0.0
886088572bfffff,2024-02-01,pune,22.16543585433287,16.01037715657994,6.6713274431317595,3.0861404077332937,259.08818135996154,0.07683681234134723,0.38089372047602704,25.072309338770076,53.64591114733341,0.37576968274791595,29.19124020503652,156.70778164410137,0.4958034827968628,0.35617476513013885,0.14747448812805675,0.3193831680829143,0.06700598981364236,0.9089563033107176,0.0,0.0,0.4129979770810986,0.0,1.1013700839595908
886088572dfffff,2024-01-01,pune,20.08140054945133,13.135292253277413,4.559562855846637,4.4040318324383625,217.63449118340603,0.20618011112917875,0.3040654765394063,27.795419475770238,41.32277315185389,0.6880347154845526,0.003664988932413219,518.7317652232512,0.2548975959082553,0.13321000989821982,0.11258271369243168,0.29017266625046256,0.08325868891925026,0.8555787470705626,0.0,0.0,0.0,0.0,0.0
886088572dfffff,2024-02-01,pune,21.263098891563956,10.287055131585019,7.192752488618151,2.9745574031839332,247.59505002784178,0.1255225342246154,0.27603250958388675,26.95999309929622,50.805869682737445,0.766143287119148,4.499188665701213,265.2578453300587,0.3753909485315402,0.09586014916507664,0.10914729772993349,0.29390755872307234,0.10341451024343547,0.8648073503739353,0.0,0.0,0.18233124381853422,0.0,0.0
8860885735fffff,2024-01-01,pune,20.180151399512113,12.268167212282448,14.24532649895632,1.2544863258188288,183.8166552383726,0.221421857099379,0.36055095414836885,23.674534411493582,47.39263950007312,0.6377579705260826,9.280939799065292,256.6270694586384,0.5651421091125219,0.0013640843241882613,0.1428851030520915,0.21273654053394525,0.13045959548163805,0.9313724313350175,0.0,0.0,0.0,0.0,0.4100721415852677
8860885735fffff,2024-02-01,pune,24.0956930373008,18.387960481431033,16.833676630915306,1.2078017191804364,240.48972464876806,0.09950733217356138,0.30916969085048723,31.464827633466737,59.14254733108378,0.3695820725918827,5.051260572345338,161.91181962289994,0.6021091210232303,0.004323135973713493,0.09868318557692618,0.249371497469848,0.07807808455389087,0.925112614152317,0.0,0.0,0.8594319915995743,0.0,0.0
8860885741fffff,2024-01-01,pune,23.3390251772317,15.597042579291532,5.328016400818067,2.4672223594671197,206.01781434139855,0.2477934146630916,0.26397436573441635,30.410339687347694,53.397202073642234,0.37949521985723034,8.485141570272162,97.10571275718063,0.37521751746739135,0.3936636388600798,0.15354527043954283,0.2613243440185494,0.11724114160093714,0.8544291163261739,0.0,0.0,0.39279795173771387,0.0,0.0
8860885741fffff,2024-02-01,pune,22.838288792241407,15.76516684832694,35.818713886091295,3.229536219961174,271.14996310566085,0.14022664444663777,0.3734578557973457,25.629444950640824,49.351134561062466,0.4008715868028904,18.290414002899453,30.63374859935288,0.6143328762980701,0.04508916998096249,0.18822501313885295,0.2596852821303767,0.1821978694345986,0.8771734659179675,0.0,0.0,0.06417839201613115,0.0,1.1184203522061373
8860885743fffff,2024-01-01,pune,23.432051022890946,11.473180708977958,2.1642637745174147,2.836646440561147,223.1795463581119,0.14679327376080176,0.3167112322633784,27.883920015405025,40.09188923453845,0.6258128023117475,5.118553720912854,995.1678989595019,0.37780069033587443,0.017118992068836884,0.16222817047258253,0.2537836910229146,0.09564924990053573,0.928126517522543,0.0,0.0,0.0,0.0,1.4116875130017836
8860885743fffff,2024-02-01,pune,20.860131418056632,14.876296756538201,7.696690882833631,3.5797693636599393,231.56805804861173,0.1746723742512199,0.282711464585764,23.712740080432155,49.79828027049389,0.8300562254697277,8.776715394293658,6.017795969938611,0.16431540939699885,0.23160934104559147,0.10661064711580502,0.2827358463186476,0.083614821421784,0.9573702471579157,0.0,0.0,0.10049534068490416,0.0,0.0
8860885747fffff,2024-01-01,pune,22.286934879396323,16.844747872940417,14.18677491475006,2.5497488562288373,203.89129926608726,0.21956200070283968,0.41809655647531246,29.309653489195306,52.41323174788196,0.9270846727356375,33.22794285894857,867.9284311804648,0.4288479032130463,0.07871713987964418,0.13209804999209318,0.2193677692296246,0.10934803330365064,0.9186505190473357,0.0,0.0,0.31288037887836373,0.0,2.9437220822553005
8860885747fffff,2024-02-01,pune,23.252607548082004,15.494916078710805,5.814945131834499,7.944164112548188,249.06987847070621,0.14144450261472302,0.24062951369411453,27.68086170502182,61.809050537873105,0.2699457706077186,13.342500928579291,54.601869835731826,0.14854177429450632,0.1181292935622586,0.11817237118733002,0.2807322011391154,0.08545368046655766,0.903385789919419,0.0,0.0,1.0760040352164615,0.0,0.0
886088574dfffff,2024-01-01,pune,21.15103948582691,14.029597865444366,0.377596211627566,7.931621607227133,216.461047467771,0.16335724725613104,0.3321822017643797,27.41006301118517,41.225125114287934,0.5402816748288539,28.96995186331403,358.2702203059267,0.5055027416988441,0.055166406966356864,0.08962333015941804,0.29264325868235175,0.12012635508760613,0.927331858821391,0.0,0.0,0.0,0.0,1.7666479658917384
886088574dfffff,2024-02-01,pune,23.97852714107317,17.954702339866643,6.588015790855399,0.5926167042648548,259.50976515585,0.10767548195600246,0.291645916233752,26.025400338834633,56.52273901261415,0.8001516354368184,2.482996511704986,149.54182685710055,0.7384220340471306,0.004435951411407291,0.10656520628709729,0.2636781432887198,0.09571935081457586,0.9275386184992014,0.0,0.0,0.6466524832266386,0.0,0.05527503039243145
8860885761fffff,2024-01-01,pune,22.248137739487156,13.703833894431458,11.761916453343082,0.8516996163890368,201.58673808984418,0.20506064114338116,0.31504279134267116,27.327359511948703,52.00605625284478,0.48496693535860025,11.046521468082522,195.60940785193006,0.04657755643280618,0.05933321592335124,0.1580270856064344,0.3078967227218994,0.10199051836712053,0.88042358758652,0.0,0.0,0.27980979083391894,0.0,0.0
8860885761fffff,2024-02-01,pune,23.49837035632875,18.496464552987227,3.803954830529456,1.4249806333831225,237.33188326112065,0.06895871222044081,0.18277240639954256,30.15436016323674,58.76684632758792,0.8297901393663586,12.801295762587376,30.948848849859644,0.31604691425411985,0.08237961163662919,0.10769638492935689,0.2643809105356406,0.11124282581129345,0.8724324695415602,0.0,0.0,0.8289177458604943,0.0,0.0
8860885763fffff,2024-01-01,pune,23.213041599500123,14.06370947549572,19.566295978365325,4.596474511703921,215.20586796275634,0.20681391546780184,0.31652060916950475,30.968366403642726,43.780391929660176,0.17434051912375162,3.064319220188074,107.25588316834902,0.3691037361135704,0.0014917553091701875,0.14168797474657205,0.29260979370033974,0.09178684533770864,0.8967010079779922,0.0,0.0,0.0,0.0,0.0
8860885763fffff,2024-02-01,pune,21.692930953424327,16.06053136058602,5.0643841329714725,5.052598639078499,262.0275907261447,0.10574849066383513,0.28323216036585575,28.566453490688865,54.903389340022315,0.58234493623553,6.425137591983327,90.9188900668485,0.6445599678640772,0.07193407506243539,0.12052019474166839,0.2429119826717125,0.08604351268429168,0.885373561071602,0.0,0.0,0.5151297207448232,0.0,0.0067698775296798535
8860885765fffff,2024-01-01,pune,19.942308050964073,7.972222653271599,0.19888911822999125,3.298239312597701,187.39637147335335,0.1625594955027483,0.31332540815845966,26.422247413020543,51.43487839128305,0.06123958895511554,1.8479628593037978,128.84090462435,0.6318125197512653,0.1487341431849495,0.12100751072387218,0.30843060659373267,0.13306084453628544,0.8915248699442857,0.0,0.0,0.23341901341719384,0.0,0.0
8860885765fffff,2024-02-01,pune,24.867747461854616,19.213359168590866,16.057450475268183,0.5,246.34091866415793,0.12828748926736167,0.3230103344771683,29.327234144411616,45.80112695277619,0.3638019522215565,2.772002050383256,37.78619678997817,0.22780468158923994,0.47608234248166864,0.08792801395173352,0.25300909642935365,0.12113796606347325,0.8991845361016804,0.0,0.0,0.0,0.0,0.0
8860885767fffff,2024-01-01,pune,22.287856833634997,16.32052194390478,1.2056028074689265,0.5319770922733679,213.72635418097207,0.14007886139348252,0.25498163778285504,26.147724843781788,51.70407119585219,0.43982337129520366,3.7480078471098897,718.6644874037996,0.22229482257544733,0.08609242281712351,0.16885730784829464,0.3129457686939236,0.14471189188218322,0.9044720057508899,0.0,0.0,0.25528271703624833,0.0,0.6630983998771723
8860885767fffff,2024-02-01,pune,21.249479390293512,11.119320831333601,11.922999894226539,3.37394915902682,278.86306694212306,0.16601103925819347,0.3116745123080082,26.50973508507563,50.864026705972144,0.3005236049142388,0.6856428158114312,0.4712011871512884,0.14003929241989221,0.12099735049520995,0.13621773982192292,0.3001388740109158,0.09085689776233656,0.8774826247329199,0.0,0.0,0.1870547278708104,0.0,0.0
8860885769fffff,2024-01-01,pune,23.54106614171495,12.607119227662343,25.868564771290767,8.748619872585516,174.7312348255094,0.20579734693942095,0.2761701417763023,26.736200623743954,47.89206528570205,0.5068477103392944,4.449239736338,106.31750940445517,0.3213947508628742,0.14314378708580489,0.12725246203082785,0.24627487825363398,0.0659844637884979,0.9288633448442054,0.0,0.0,0.0,0.0,0.0
8860885769fffff,2024-02-01,pune,21.63385616334434,16.357547617588015,2.373943812000542,6.790247509650896,223.22556864157556,0.16496867456931769,0.240675905705023,29.10390606306505,55.81884398311638,0.3075388483496894,2.9537026410821023,178.96200100546395,0.2131448383345126,0.12271024649428271,0.10011313858628923,0.23828288053023666,0.10823548393395017,0.9042926645665696,0.0,0.0,0.589482484464981,0.0,0.0
886088576bfffff,2024-01-01,pune,22.02641981612668,10.042795897187316,8.1199698847106,4.785085287227729,211.01673068340895,0.18856763545738536,0.3088874711145727,27.895259675731477,50.76979993908156,0.7856156691845338,6.02806851997061,701.4829805176768,0.5562514542427972,0.028113337047754556,0.13705804143812886,0.2641760268693272,0.08742186932854765,0.910627496094052,0.0,0.0,0.17940167745746521,0.0,1.207969056146634
886088576bfffff,2024-02-01,pune,23.806492483904147,17.684051524525888,0.4100685113277511,0.993486060315762,256.74346004985773,0.10791722571363675,0.278529976585836,31.21556636549819,57.16146461108472,0.26413431176519575,10.308446213832116,807.6160130008215,0.6759739248383412,0.033393817629992655,0.2029190688913287,0.2594232630988844,0.09829390295448334,0.906122232704141,0.0,0.0,0.6985294537170471,0.0,2.1794435371999294
886088576dfffff,2024-01-01,pune,23.600463467823186,14.810823306809512,3.0781913256803826,4.326852333238625,174.46080657162366,0.21199471893712998,0.26652711921053396,26.537036564634562,45.07948218879598,0.30985202161064457,29.208824860859842,23.97168153083247,0.17624693327760182,0.036884099403941016,0.14682423855312393,0.265238659756144,0.112458169567631,0.8913165195943221,0.0,0.0,0.0,0.0,0.4222611448544416
886088576dfffff,2024-02-01,pune,23.444907475315084,16.329218919033174,17.993311074692656,7.226228088867882,215.2293022068917,0.16104147617624479,0.2727558859133934,29.208671413427236,55.65353063568363,0.28783812549229376,12.811041077341429,118.7066269203699,0.3875447736831678,0.10005690834652742,0.10458675571996652,0.2822580140238259,0.0938749320226434,0.8892037439925591,0.0,0.0,0.5760558178855067,0.0,0.0
8860885a5bfffff,2024-01-01,pune,21.796508429261852,11.151308274691354,7.8867178620166465,1.1048694127728629,227.87824510760794,0.2080902173162503,0.2802967114933044,29.761476674992352,50.41009600915802,0.5498066891148332,6.321143172073,5.639029435743078,0.6613207157776322,0.07169805690573416,0.08019009605317137,0.22760955230908472,0.12021721280299255,0.8912514362621219,0.0,0.0,0.1501867059538809,0.0,0.0
8860885a5bfffff,2024-02-01,pune,23.753435875409632,14.331670802837568,17.563572287921318,0.5,224.06561118701526,0.15024844750529098,0.2783895911535677,27.429086023323936,49.237050837703684,0.4324564005625524,3.596841364391625,313.30939445993494,0.3548126300066359,0.28197374906978495,0.1195303585367688,0.2949384966236449,0.0990304040218466,0.9227203723495876,0.0,0.0,0.05491256962809654,0.0,0.0
8860885a8dfffff,2024-01-01,pune,22.79779455487781,11.695965414299717,8.165831956830043,4.487801904182594,176.25101083889493,0.1999751938060472,0.41896524012600783,27.838530571594333,43.22606268546604,0.5924117325252429,7.415555944923924,111.36009228499347,0.27647625216693095,0.1998494975558451,0.1392790648558975,0.30666571320579483,0.09181731079534347,0.9183472545042405,0.0,0.0,0.0,0.0,0.0
8860885a8dfffff,2024-02-01,pune,23.213535044536897,11.635853909568004,0.19084677979679243,10.584644250611486,249.84949159152802,0.1012154451921641,0.2775916707423366,25.32718635121191,53.43449696392507,0.5019634153314203,15.82974258968223,247.7012173383848,0.46099015831747325,0.0741055332478954,0.08882353443135033,0.2789491301795021,0.08909658757353683,0.8642879810707169,0.0,0.0,0.3958270238890077,0.0,0.6441621995071325
8860885ac1fffff,2024-01-01,pune,23.401976937561912,17.477531331496923,4.965913324921601,1.0767902652419106,193.64174606774748,0.21450256217601202,0.27843969637960436,31.15458088487188,43.81658414865048,0.23455675589704333,17.341395812726425,942.748351180661,0.09067137141209093,0.16251719308078347,0.11260012108845023,0.30266315446372405,0.10597827196770451,0.890529793714184,0.0,0.0,0.0,0.0,1.4664068761073514
8860885ac1fffff,2024-02-01,pune,25.152157427933947,17.319055948354464,18.27731619361248,1.079820292507474,219.79495013078693,0.15273664897765785,0.21819424630920575,29.378946548141354,44.25147098927926,0.23141132297606778,0.4029303169178716,26.37736814460129,0.7271522155839688,0.07212426453122237,0.1519313062404305,0.22016806519913132,0.08378770198247154,0.912036872936004,0.0,0.0,0.0,0.0,0.0
8860885ac3fffff,2024-01-01,pune,23.803797523011866,15.011153102130402,17.771618829865435,6.7073879675937516,207.4258043619567,0.2640152829175413,0.38483707692960445,29.439630527269035,35.32010606745848,0.4311587923116452,22.306156847864752,317.1655793755259,0.27320091315056133,0.26465617726812346,0.15642864391533898,0.2527905324686993,0.06711245469350777,0.8943938780550362,0.0,0.0,0.0,0.0,0.5176170656674339
8860885ac3fffff,2024-02-01,pune,21.47174045618769,11.738889439357093,13.707338937242543,0.6673638374177686,234.05031689194578,0.10796586899555027,0.3729255261461819,26.19203321639325,49.999761687309785,0.7481220100853827,17.547918062458066,140.2979013993294,0.5299555646447619,0.08012323291122508,0.06862168061769869,0.27692356248269456,0.09418966239618427,0.8815160282311203,0.0,0.0,0.1168595595913516,0.0,0.5716474916676019
8860885ac5fffff,2024-01-01,pune,21.021578840643357,13.034546457073557,4.344627235359882,0.703431939013977,180.2793761066921,0.23360493946091826,0.3198734468879801,25.49401155698734,40.05000455279088,0.24606581288759002,0.8928071435466413,395.20838826642336,0.35049292577488006,0.06670060090341084,0.1452410900190283,0.31156356347224684,0.1482028269709867,0.9277320210387037,0.0,0.0,0.0,0.0,0.0
8860885ac5fffff,2024-02-01,pune,26.788845727288464,16.02135750788423,15.255006629646854,1.8661098653493151,255.2501908816189,0.11431849791943288,0.2283689334283088,30.865606605201954,45.73363300991868,0.7205280033138238,21.665614022918753,418.56414907970225,0.41723328086205946,0.01111980945301849,0.13352233715520498,0.26427609783578915,0.14761997563196602,0.9017579158604445,0.0,0.0,0.0,0.0,1.4860853814658488
8860885ac7fffff,2024-01-01,pune,21.599252874057022,12.385449249477213,18.70457604677426,6.923092842310938,212.54464428351767,0.16243459302082908,0.35816157521056546,24.132725269686336,48.927375259018746,0.5432185209379413,2.1911755889841746,263.6826288177606,0.22847739166411266,0.001790865966033663,0.13751962947253812,0.28317406040462495,0.06381745942430375,0.8796510454629723,0.0,0.0,0.02976087554302036,0.0,0.0
8860885ac7fffff,2024-02-01,pune,23.416085198337107,14.985958051135915,4.0886833217953535,6.918505068422525,231.63431897813064,0.11983605756179581,0.31610526255896143,29.488772528294803,45.79332234957803,0.9263888937204453,0.016106375422934846,157.86780780042943,0.15986669891463776,0.0036101147895062557,0.12286470763924821,0.2651105621345443,0.11537247376763089,0.8879519273425792,0.0,0.0,0.0,0.0,0.0
8860885ac9fffff,2024-01-01,pune,21.020436125184286,15.900120486278047,20.250144427803672,2.303519210866906,194.78774429373712,0.16199326437865938,0.3099310349172618,25.047486109465943,47.23616294711436,0.5557795520902428,3.5534271858509423,446.89852098694337,0.45925747045787574,0.0608983541395051,0.12455423569483844,0.20044229896785876,0.08704361771286845,0.8720777746730659,0.0,0.0,0.0,0.0,0.19205082769949575
8860885ac9fffff,2024-02-01,pune,24.188221268898882,12.373427308668541,14.015782758655881,0.5,252.87960566606867,0.11588491059381133,0.3044194253247737,32.00418315620553,52.620441354151424,0.5911262550469861,0.7146633631355161,601.1228003418062,0.8363667893645306,0.050396993302428736,0.12672271614443553,0.25675524938384964,0.15099788107869117,0.9157204195520728,0.0,0.0,0.3297098384389478,0.0,1.4366721694851659
8860885acbfffff,2024-01-01,pune,21.334152823747903,10.392922441921902,2.219110699764788,1.2289440099644953,178.7669688515023,0.1927723703874365,0.37814305990981634,26.652254933330195,40.359502718336834,0.6283496686760668,19.10237963771138,88.19774439524302,0.2653010793253943,0.06223351808263368,0.10600532918392122,0.2797119842554829,0.13769408378535372,0.9071163265051158,0.0,0.0,0.0,0.0,0.08561387284130977
8860885acbfffff,2024-02-01,pune,24.849041455798346,13.170573307351424,2.7481495705316177,1.9838535940147561,250.1462229711452,0.12316457949828694,0.22232540280307736,30.08657075772321,56.302383597876705,0.4808351314083284,3.8378042513275106,138.28807597151405,0.21517756019380502,0.4049538985763321,0.10388797922689604,0.27813313061389344,0.11021799237905115,0.8970427410748262,0.0,0.0,0.6287553277421724,0.0,0.0
8860885acdfffff,2024-01-01,pune,22.509315141110697,14.627962401950803,8.592065026883137,1.0499497013078765,177.71146228022462,0.17508025018038403,0.39755891570896484,27.288167733617293,44.172260866320464,0.32743102755458753,1.5399243050707165,61.493675932432744,0.4243441426807397,0.08760484592195211,0.12001309953261201,0.23501077330593706,0.09898586955568438,0.9384375241995914,0.0,0.0,0.0,0.0,0.0
8860885acdfffff,2024-02-01,pune,22.99056900518211,13.614901133946914,9.7852566121453,1.306791903835523,245.04876299194007,0.14146736070295712,0.3078389370984197,27.38417118712108,53.487297514533495,0.7670384548135348,4.958950837026351,226.7526434142494,0.46692910154163586,0.1848184093763722,0.1502227048124855,0.2635102990943858,0.06917098520369498,0.9574283954354895,0.0,0.0,0.400115457940108,0.0,0.0
8860885ad1fffff,2024-01-01,pune,22.75779919209039,13.125623058671255,23.512938923594447,0.5,184.19842462902156,0.16753414423353735,0.25323374073886573,27.642376144712177,42.61792816421984,0.3322419457483786,0.512361835313576,189.59442343015016,0.005366730322315328,0.14728828011372364,0.14824985552312508,0.29090585873696084,0.07343146374483178,0.8315801744186453,0.0,0.0,0.0,0.0,0.0
8860885ad1fffff,2024-02-01,pune,25.05806816240303,18.645906830962453,17.513079477325796,2.1253003712184535,263.28755431005237,0.12824816757801835,0.4115702173786757,28.59643716166654,54.50330913198757,0.3234701127572438,1.6904274855537351,281.04321552111975,0.8523070787321719,0.1394089825468025,0.14212864547403936,0.23222915455451046,0.08779493968592174,0.9099205176813266,0.0,0.0,0.4826354083269197,0.0,0.5057666949043471
8860885ad3fffff,2024-01-01,pune,21.68680810829116,13.314689396806475,12.630699860246043,0.5,210.83847897437343,0.1799958393084315,0.38199591488971385,26.152903757553453,40.96161373995974,0.4300293930445388,3.152525539356797,626.3560652343234,0.4401344362827705,0.10765548655484336,0.14313130833696763,0.28071306708666655,0.11166020892236378,0.8676930439358312,0.0,0.0,0.0,0.0,0.8050872972968861
8860885ad3fffff,2024-02-01,pune,22.395192864407733,14.771538631922393,1.6266922086079736,2.345451691909288,255.49563747789577,0.12797261269806112,0.22622724315635126,24.486000799348535,52.072763466023815,0.15646831617107848,0.9143760087611331,189.426136683781,0.5836973570970153,0.5490240169998999,0.09215142045979764,0.2895110037533055,0.0868606017023734,0.9225080558309163,0.0,0.0,0.285227716994813,0.0,0.0
8860885ad9fffff,2024-01-01,pune,18.85715469729853,7.152725630001255,8.51264984385991,7.460309491806185,188.77041916064934,0.23742353973735109,0.2973451133464757,23.826328851590322,40.133812650765144,0.6701434272508925,5.882583265281926,228.26963420554924,0.3254562565061334,0.02684894086133905,0.09655855532780758,0.27683873509616747,0.13404087430108663,0.8824271593447766,0.0,0.0,0.0,0.0,0.0
8860885ad9fffff,2024-02-01,pune,23.172493876866028,15.466976472700697,15.61320101256963,0.5,285.3247660523926,0.13315718064849266,0.17137796601561228,28.97496556678024,50.84829847069811,0.6294333591822924,26.791430122990782,215.63194887546524,0.6696271918564528,0.3319336850405687,0.1058158539408959,0.2414452038250201,0.15046094475102678,0.9291829961638012,0.0,0.0,0.18577728854611333,0.0,1.477132134561725
8860885adbfffff,2024-01-01,pune,22.469930207001987,15.413453341290126,17.319422937134572,1.0533939815228268,194.46313523052706,0.2632730568510435,0.2987944529574468,28.329862697852626,36.28629394163825,0.7725815955950088,8.505454089427099,4.670859979714418,0.7465722293417693,0.5504287386054141,0.1156747212868265,0.27028749750491293,0.08615221455480095,0.8869319905641421,0.0,0.0,0.0,0.0,0.0
8860885adbfffff,2024-02-01,pune,26.720844508225827,17.136939661073747,4.028065259341502,1.8544286817866844,249.7251921975387,0.11740548565387278,0.3320266961060853,31.372813231537474,48.7569633507498,0.38819578765598484,6.415311732112413,824.5667254269839,0.40557921277965175,0.05626465474333907,0.12613619167018678,0.29834446350224053,0.05143017378201561,0.9637882611899135,0.0,0.0,0.015920106427689776,0.0,0.8683227512667846
8860885addfffff,2024-01-01,pune,21.289493807868528,11.18752756804861,15.260704525580461,3.0175193136690277,221.3336431118019,0.18149650638536327,0.3869580227013689,24.039683876004776,42.70096037650944,0.7145358459032175,2.3351045003245265,184.3637516874039,0.44900574165815077,0.16668949963691343,0.16301198818228535,0.2755483769281598,0.10586095021445327,0.89195995386584,0.0,0.0,0.0,0.0,0.0
8860885addfffff,2024-02-01,pune,23.621299577916076,12.95718836840577,20.87959124060964,12.314083633528934,250.53858798794153,0.12525573177089375,0.33773731441535865,25.655467193132043,50.36488320112588,0.603140558347379,6.01030419193208,417.1786493476069,0.49913277048688104,0.189411350317688,0.09932499578125435,0.27947874422376934,0.12463011879465914,0.9140361999907685,0.0,0.0,0.1465145445222921,0.0,0.3589635904825272
886088c997fffff,2024-01-01,pune,22.03377278849264,13.884589301723826,21.917920569297955,1.1049355189677983,161.5005651557975,0.1963194029109348,0.37797080875133765,26.6950879192356,49.03948936367304,0.40420384004152377,0.7780446332727811,427.2857062647485,0.19876497349050384,0.07840916550339058,0.12598570752767377,0.2599055505310773,0.07370938909959036,0.9082629953057932,0.0,0.0,0.0388667264947219,0.0,0.0
886088c997fffff,2024-02-01,pune,22.749481042499077,14.993021647655127,0.0035025032263143593,1.1762576007041983,243.16636194807438,0.1353932250417272,0.2712676849950283,27.53271366712992,51.43966046243088,0.4862471941804588,15.536953507947908,726.2206484037177,0.6131315404025294,0.013114275453071143,0.14102370966409766,0.21706824558478288,0.13829526471350143,0.8876337538009791,0.0,0.0,0.23380741082041828,0.0,2.193321445757834
886088c9b3fffff,2024-01-01,pune,21.314643142198936,14.182287627707645,20.20340554163409,0.944330160838451,199.19304971896173,0.269781626760699,0.3927877153272653,28.242670197389426,42.87156369459518,0.23300221539534974,29.376504126579203,130.43806411213643,0.8896876846281906,0.09635000925838427,0.16792008765469035,0.2618188007024632,0.04460801178420349,0.9375918590188127,0.0,0.0,0.0,0.0,1.9202347774971849
886088c9b3fffff,2024-02-01,pune,21.90043817202287,15.824364724263875,7.515396460901957,0.5,220.49326066403535,0.11358266588959745,0.18777923982174932,26.23099636020865,52.63483099577678,0.48223149840606105,1.4999680720200457,87.67312359425017,0.33279483079914524,0.032826237269464986,0.08438577138884437,0.2735025173779008,0.02268496331692965,0.863786455134534,0.0,0.0,0.33087855786361725,0.0,0.0
886088c9b7fffff,2024-01-01,pune,19.809996689518076,14.100098264751644,15.258770116980589,1.0028429047386327,208.6328732874154,0.26139490674955657,0.35084218760482877,22.992066490500676,49.32700680007028,0.5068588224448046,1.8710377168473684,41.08738472525321,0.6169497551091235,0.09767280497955202,0.11846240202512244,0.2564749906153976,0.08351128907805316,0.8400970133389104,0.0,0.0,0.06221874745516694,0.0,0.0
886088c9b7fffff,2024-02-01,pune,18.93135838032772,8.277793788606727,0.000981355842479537,5.338884262264708,254.40787972648937,0.07671881648409629,0.32746173711829324,21.392682575202926,55.469666439355244,0.8905978891414614,9.053531927024508,82.32386272150569,0.2261102828283602,0.06465042208749534,0.14360452140604488,0.2651941236226594,0.0892840204085373,0.9085287786370331,0.0,0.0,0.5611224607286772,0.0,0.0
886088cd21fffff,2024-01-01,pune,20.887714974820337,11.67104903181649,7.2883089759389765,4.702153242174037,197.6734644341375,0.2043374057266059,0.3559903765079579,28.505263117227774,42.09186552390056,0.5121050525536053,3.425436505482297,20.45636582860574,0.7628127112770681,0.3081599728653853,0.11860135580500059,0.27802398040432874,0.11225539640481424,0.8509305259507389,0.0,0.0,0.0,0.0,0.02302520904461361
886088cd21fffff,2024-02-01,pune,22.470559655023248,12.67495364313638,20.956537227111525,2.6680415084182116,253.08219413526075,0.11943137520933012,0.2557494548187439,30.345190894116445,53.32691325213792,0.5533569142581067,2.7598742703105983,55.6414103545916,0.44534440667880465,0.25997011104549567,0.12951230884931053,0.23419829965060932,0.1439773943082162,0.9242257791910954,0.0,0.0,0.3870891291576951,0.0,0.0
886088cd23fffff,2024-01-01,pune,20.48680626145765,14.368355285026533,4.0609413703953114,3.7781358452089835,214.13906767308507,0.2201191142095682,0.3697891829493751,27.19432238431564,41.846432626401864,0.18748050395220933,5.456853434314332,173.26454389140864,0.39159342957888166,0.3424208781186855,0.11784836994802017,0.21461651186048214,0.0804687885958376,0.9386845286241874,0.0,0.0,0.0,0.0,0.0
886088cd23fffff,2024-02-01,pune,21.023508594746062,9.273516738259723,1.6862409629777777,4.501833110925346,243.37355681676567,0.09665771737592022,0.24982278129182747,24.02332605587313,48.854977885131035,0.8282477492750563,22.267531267193565,199.62914222768285,0.5038294688336672,0.05813895939571855,0.12781085529021063,0.2608910214329629,0.14210363248695387,0.927526449528359,0.0,0.0,0.0238807974034418,0.0,1.049370371452622
886088cd25fffff,2024-01-01,pune,26.699063237828366,18.457954889291553,19.23893541219391,0.8855778022797854,195.37515751766648,0.2481569159826294,0.3349594328201302,34.06445727862976,55.06606458014451,0.8092662853613232,0.6754360702251709,73.18975569358777,0.09052704777125019,0.35555309295939075,0.10498311379404798,0.2915435325925547,0.11901532661150671,0.8443707895226825,0.0,0.0,0.5283421215810303,0.0,0.0
886088cd25fffff,2024-02-01,pune,23.58652834444033,16.17441562101376,9.159840870773195,7.5848246340174805,258.8221468295412,0.13856474095071467,0.25319132060241817,25.70500812645113,49.59054267912029,0.8471865902296422,7.448947556050555,304.7779889644351,0.05898421788304375,0.014445044506543409,0.14442404531099923,0.2458088395546819,0.12319629468470679,0.8709382730454955,0.0,0.0,0.08362299844084493,0.0,0.0
886088cd27fffff,2024-01-01,pune,20.18523065386964,11.419520858516334,19.160381593818173,0.5,200.28860139513267,0.18924780645269007,0.26297914130698347,23.85880288127296,42.43398931450926,0.4656893997270913,4.448667737392102,162.4390458478175,0.20774444283891008,0.11576800800239082,0.11990153242921227,0.26056810167151506,0.023388077026130383,0.9748772899628938,0.0,0.0,0.0,0.0,0.0
886088cd27fffff,2024-02-01,pune,26.917665806703543,18.981706598503624,17.18828905032079,3.755820622402191,223.66904827401856,0.10292575894270178,0.2825697452656172,32.61603288505557,55.00030419879836,0.6391126018762974,1.0459809222777883,619.1539826978554,0.5549957471357323,0.1367727801840649,0.1243203433538688,0.30048514127990594,0.11532249972206278,0.91189059143534,0.0,0.0,0.5230010966233628,0.0,0.7490332985021609
886088cd2bfffff,2024-01-01,pune,20.04111669818193,9.869517010493702,1.4004397581492674,2.1055904080817602,200.80365131782398,0.20337922293214375,0.3704606123877718,27.791901603264744,52.430947398149065,0.4832206434699061,4.9456185986434935,852.9180158182827,0.726752736605416,0.004991789824669677,0.16726792015878705,0.24267815179953423,0.11648861080207987,0.9457981361923243,0.0,0.0,0.3143192350449643,0.0,1.890113511310202
886088cd2bfffff,2024-02-01,pune,22.046111944613692,10.589337933674779,55.811240684585385,1.783916102043602,252.69822468870424,0.15541070303854057,0.23326991624898386,29.93579591467924,53.7891284144642,0.3377736079673872,1.4292245191257,194.02387130673583,0.3817297677285802,0.39873775260036026,0.11737860544770418,0.24441766712545018,0.12257709931996617,0.8686737570548935,0.0,0.0,0.42463001117907656,0.0,0.0
886088cd35fffff,2024-01-01,pune,22.231035754050588,12.80813108655057,18.333071628255485,1.8623981151921192,198.49101854975245,0.19800431899218934,0.2868359135381279,26.263881614996087,50.63066708109133,0.7064010832837754,4.3290505436489735,13.101237671761584,0.37960715009898066,0.37153902107607495,0.23269045422686013,0.300541216438239,0.09829536201359149,0.9072083594430651,0.0,0.0,0.16810137700686748,0.0,0.0
886088cd35fffff,2024-02-01,pune,24.078167262054773,16.544224539271145,4.5816533525737935,3.089085151685029,222.10503184856657,0.17628726041341117,0.26779571518836637,29.038748217031582,52.37719350651849,0.6924087130935169,5.867378456122162,219.36607734602336,0.6256797146527497,0.15378141970433612,0.12711306528539534,0.25390247251208076,0.11978345208766249,0.8630737894950745,0.0,0.0,0.309953371117573,0.0,0.3929960056188322
886088cd37fffff,2024-01-01,pune,21.69184382743556,14.102369560427421,5.634898708826766,4.028834434454591,196.81686235153234,0.2058515120699692,0.3426129348036621,28.56243479988944,41.00809652164126,0.7170812870724945,25.36955944688374,1.6889929069440408,0.4719174161005132,0.2707901656513066,0.11458582226398059,0.30493048404250744,0.05912119663440394,0.9088736891129219,0.0,0.0,0.0,0.0,0.3892003859704846
886088cd37fffff,2024-02-01,pune,26.164672584344764,15.187722227701762,17.851213214945943,5.666769770994495,242.1922869808702,0.14523170288508047,0.18408333300632046,31.39380468142742,49.33726026270773,0.4986600986923441,2.5199020773581844,318.0639922142342,0.6950033824519375,0.09746488562775171,0.12105680820120596,0.2560270099350796,0.10429882390889628,0.8528921573191978,0.0,0.0,0.06305152851160371,0.0,0.5897820054229433
88608e2481fffff,2024-01-01,pune,24.901435477139547,15.01539010370229,5.868131157526796,8.295308071904401,198.17088642235268,0.1455146144700498,0.3161815687454943,27.38229664307242,43.75991311211568,0.6662721033389674,12.804324718713707,124.30581440636594,0.037377659322586174,0.001956780796268689,0.1512521788393374,0.24647293981777635,0.10408737269987246,0.9430802697071308,0.0,0.0,0.0,0.0,0.0
88608e2481fffff,2024-02-01,pune,23.79151043711794,15.94567544548978,6.585716847293944,1.2910458831870604,269.9331202679032,0.12440239493028003,0.3603405016562182,28.450751307342067,48.157863788339405,0.4584021251141023,2.9765349650552104,184.09223222392959,0.3552298648118647,0.27003764467984126,0.17723229998881224,0.2615951537577109,0.09482004096003827,0.9252478092253025,0.0,0.0,0.0,0.0,0.0
88608e2483fffff,2024-01-01,pune,20.717049711036765,13.769433611059668,0.2680628326838308,0.5,197.8682594000207,0.21172451396881062,0.30091634588932764,24.367901923525487,53.92127479407934,0.08939486245158731,8.027763496061853,48.602508374157445,0.3504759979872353,0.08142789028579328,0.10062257360853903,0.3040285541849284,0.1287802411022905,0.9054454197502348,0.0,0.0,0.43536287338488744,0.0,0.0
88608e2483fffff,2024-02-01,pune,26.165101679767712,20.20395023514473,9.725670058103852,1.0366207529444116,253.5045725552667,0.13055663594019146,0.3094425812552879,32.5629675352551,50.129058190253104,0.47601901757504245,1.843499520599787,0.18341367270854098,0.46698970654504135,0.2694299307272065,0.13312583018133378,0.2811839062595425,0.09428984414832105,0.8654337338134844,0.0,0.0,0.12736095625333707,0.0,0.0
88608e2485fffff,2024-01-01,pune,23.700922938764723,12.697664557308926,1.7111096457492003,3.1471757539475087,200.22655996688792,0.13971082447825506,0.33846567564684715,31.595368293041727,40.660890324251206,0.3170547613679601,1.2681145137418883,423.1049681918589,0.18861531007349247,0.0023334997933724187,0.1467913414929153,0.3019241045924221,0.030709961681936168,0.9100129624800021,0.0,0.0,0.0,0.0,0.0
88608e2485fffff,2024-02-01,pune,24.793247593932083,17.81168477698272,3.4239762597946837,1.351136475188257,258.4988957122772,0.1175076484164078,0.23972553007217423,32.613107783936655,50.78757455697278,0.29090768949879436,23.041541963055437,56.95514288606338,0.528006731510521,0.10000136013222025,0.1242075966307774,0.2888684426314965,0.10969690941929719,0.8839537737008092,0.0,0.0,0.18084532294471226,0.0,0.8929568360472726
88608e2487fffff,2024-01-01,pune,20.67147288137502,13.248846105813335,15.993107217567745,0.5,186.94596175966512,0.17675160384392816,0.3349162095372641,24.030939872512842,37.49149169702246,0.6173735677287121,17.362509190386398,270.6655452698202,0.33515238366406475,0.24833257899269742,0.13976301905528365,0.22660564029404195,0.10066779094498939,0.9184702395917929,0.0,0.0,0.0,0.0,0.1895327470605572
88608e2487fffff,2024-02-01,pune,21.256050428181496,10.236156737839439,17.233877452262224,1.4332700053710097,240.8398295159658,0.12025687894678427,0.21248647550863906,28.593629483663754,59.403211157883135,0.3287377468254357,5.861210443106979,79.53665866398661,0.5740510754084277,0.2618987622548217,0.07417132421678674,0.2606954886716334,0.045533562633431654,0.9069651917501682,0.0,0.0,0.8806029759521143,0.0,0.0
88608e2489fffff,2024-01-01,pune,20.982185185408373,14.745194301419222,2.6903760456462074,0.6230082115996247,194.0588689974732,0.23420255346947527,0.3896059942027801,25.57271399068651,37.54386566683341,0.8193827105525513,3.2573277217522736,91.44858745741024,0.30549682447202003,0.08687432630533262,0.12294003152488911,0.24338564623687992,0.07519515121003655,0.8812762542381627,0.0,0.0,0.0,0.0,0.0
88608e2489fffff,2024-02-01,pune,22.791318722614015,14.79820667487621,30.167630617606996,0.9891651517661029,215.86957784140608,0.15841171388120442,0.30238714328221283,30.656268205383803,53.58111078268173,0.43515861626945485,26.091962619936186,89.61715717189291,0.4370170409392681,0.14455372247522552,0.07513027640358586,0.2633567422227311,0.09366649135832222,0.8984827136531117,0.0,0.0,0.40773492419445667,0.0,0.6536037778627379
88608e248bfffff,2024-01-01,pune,21.920857912338384,15.550548637246406,18.305037167024153,1.9008859739844168,201.7905961525751,0.16557306552404324,0.39245641474379556,29.634048998081706,42.71840579433657,0.39443634857547205,33.04120476119452,145.50321492821922,0.8300779278804866,0.006183618590270557,0.08888997353849734,0.34731995993996667,0.09678851122159378,0.8759967495516314,0.0,0.0,0.0,0.0,2.5582280179996735
88608e248bfffff,2024-02-01,pune,22.338669479447017,16.488551714433626,8.577781857362357,5.50745494411143,255.53961666301228,0.09716604296254745,0.3121493967313444,30.07979585665266,55.53489225149119,0.39972376541497623,16.20291503553773,305.58215653325595,0.257517739012994,0.11647672124775475,0.11995668306363687,0.2926074482126565,0.0766756488926865,0.8611263523774447,0.0,0.0,0.5664200682451004,0.0,0.3516339651375902
88608e248dfffff,2024-01-01,pune,23.318016315594974,17.769146891352378,9.451972355011007,3.2449026440042648,213.74215556142306,0.15522835287284598,0.3679746425528314,28.86088920087266,42.51303828260082,0.419861671827384,0.8125738642038834,168.50158821277353,0.3033834899930228,0.2785009150802041,0.13069230316101454,0.27967165435574537,0.09911260182782977,0.8876435448797493,0.0,0.0,0.0,0.0,0.0
88608e248dfffff,2024-02-01,pune,25.220208550235903,19.316779944275734,9.032333579498045,1.0498733440606667,258.30802624858944,0.11309189135929568,0.37205630600252854,31.414781068606146,50.4548204069724,0.6808287945601245,2.9421439779200536,987.7177017253323,0.4936005969984179,0.00034643508549429006,0.1704211919088493,0.25085759464454654,0.08812041432000381,0.9032357170395037,0.0,0.0,0.15381919895427676,0.0,1.6153501521970284
88608e2491fffff,2024-01-01,pune,20.741951390608158,9.994854047098064,0.008735892381433775,1.1977397117416648,174.89951993037883,0.23203515601548022,0.35948069646022796,28.331402804586396,50.13531974335491,0.5388750670991312,0.3317189161157069,21.554110060986677,0.3254880757230013,0.08222713835992307,0.11960101494713106,0.2607626142149381,0.12265568619161465,0.8934285899504278,0.0,0.0,0.1278695164335843,0.0,0.0
88608e2491fffff,2024-02-01,pune,23.824798503912298,14.032548877425727,17.98259005090356,1.2636848217952958,256.4682629978883,0.1588214779151696,0.2729277191764884,28.248375948888146,50.890131719899216,0.08771033947580884,11.742787158018603,106.06996694505631,0.2561835938728295,0.041193154846734775,0.12193769686197166,0.22001325267142713,0.12021633617882833,0.9014671760298182,0.0,0.0,0.18917496391644487,0.0,0.0
88608e2493fffff,2024-01-01,pune,22.546784086405456,15.516066354910729,14.378722738261704,7.686519982271812,199.7031924578096,0.2272627093464081,0.32610071367537313,27.411368139881695,34.76866851058318,0.7467258492670326,4.433900803411621,238.84358907050768,0.9517867203395237,0.438859980073903,0.12191354253575636,0.2656933128793715,0.07708051267381383,0.887130905499047,0.0,0.0,0.0,0.0,0.6482971759323394
88608e2493fffff,2024-02-01,pune,25.534120367986553,18.20954350938647,36.7809189630509,0.541417850143143,286.769363808485,0.10267853189278847,0.17978193700614375,29.01943964611926,59.22048241452146,0.5971681919593366,10.286042413395775,568.6063390002084,0.5571735723744856,0.09399064905517583,0.11749164147496387,0.2342159053554371,0.07044879355201003,0.9038710185140338,0.0,0.0,0.8657618397117294,0.0,0.9871103835148725
88608e2497fffff,2024-01-01,pune,22.602534724862572,10.79256101631958,6.568607870163117,1.6088133371433893,225.79412795558667,0.21197141304408046,0.38146116289658444,26.683193218071114,41.6416740082939,0.28684511006032826,0.45520393870050424,308.9329774603274,0.22797992121550859,0.0172830669351624,0.10323764484118898,0.26156884578165057,0.09036769516872581,0.8815909556191849,0.0,0.0,0.0,0.0,0.0
88608e2497fffff,2024-02-01,pune,23.088187202912124,14.930147672605852,12.037662622916642,3.2114159810379608,240.08176482934994,0.1527969217820509,0.308705273942789,29.850646305216113,52.44882211356515,0.2776010293407087,6.10350172703075,157.88187858978404,0.7022875550326272,0.040420820110648244,0.1211559233294671,0.2151485185718526,0.15067887263119428,0.8671122065611023,0.0,0.0,0.31577101040262184,0.0,0.5375726082807072
88608e2499fffff,2024-01-01,pune,23.152428424139124,17.790596198369474,4.779310609062835,1.5795593991097552,178.69774320569502,0.17086505800491492,0.427426601067432,26.719751230749257,39.53358418180754,0.8122814615317174,6.602136875119482,575.3280978046547,0.5086634908096141,0.22913805110057645,0.13047135191681292,0.3001302509088222,0.0776292026510532,0.9078067733916465,0.0,0.0,0.0,0.0,0.7164320036777242
88608e2499fffff,2024-02-01,pune,22.18295615878379,11.423777231183031,3.2704322748955246,0.8589172254089537,234.61181885292555,0.10875109659974691,0.32750054170811577,24.811812751138227,57.852403311282444,0.7374893239608195,9.654032680384976,185.6719300299164,0.19329547364604463,0.30953448428262975,0.13971540072223093,0.3020633730260441,0.11365070171823255,0.9300705116285424,0.0,0.0,0.7546471459571372,0.0,0.0
88608e249bfffff,2024-01-01,pune,19.15916258471252,8.282182766740029,0.7541372329719566,2.858262550631009,187.83059875882557,0.229793193734316,0.3489226853422056,26.792360115241294,40.68293346860499,0.5905831718728436,3.5632749077377266,485.49872151011584,0.7127559365426601,0.05519372895647325,0.08239619676283916,0.23636863177780826,0.1199281355037105,0.8687656588107948,0.0,0.0,0.0,0.0,0.9958352339117514
88608e249bfffff,2024-02-01,pune,23.892803088324953,17.72772426441432,5.319290531180233,0.6143623366670601,252.79643812364384,0.10595726786013769,0.29861032904893237,27.01723266030463,58.75183212760559,0.37308083833711053,7.819789897311649,375.14095967942234,0.28657259693602716,0.1505478024546052,0.14384229762746634,0.26060330872252135,0.10124781264479288,0.8957679850583494,0.0,0.0,0.8276983001215326,0.0,0.0
88608e249dfffff,2024-01-01,pune,19.796788977932525,13.354177534104762,2.281145971936214,0.8991846528738079,169.25476062704843,0.22690991965157523,0.2414801180002734,27.096298490877004,39.9224966340244,0.6388554873755304,0.7157858803645907,13.194130184632336,0.38638278139512516,0.19909481162171833,0.10685117570103268,0.3398936776616973,0.056380635124690236,0.8922540329545959,0.0,0.0,0.0,0.0,0.0
88608e249dfffff,2024-02-01,pune,24.72165986937683,14.396650020202252,52.78855104858409,7.690620502461202,262.3235822198877,0.08784757490893935,0.35610589562128914,26.734324369679122,46.70320009963748,0.5250657728859609,5.964064349381688,144.62818091269256,0.15594703806524846,0.015729284478876154,0.15664497922557374,0.2702413046214011,0.033725735409427124,0.9106981002582242,0.0,0.0,0.0,0.0,0.0
88608e24a1fffff,2024-01-01,pune,22.520714938479188,16.244415315092972,5.676064240064576,0.8545739986276989,172.5564643345788,0.2135912514520422,0.2974549827867124,26.836479211286658,55.35222077906682,0.039093639729574886,2.175073374751303,220.5219084056179,0.5922803810183189,0.3028193048544422,0.16191317385607082,0.25325500950889424,0.125239542236412,0.8800925306435206,0.0,0.0,0.5515835835213162,0.0,0.0
88608e24a1fffff,2024-02-01,pune,25.178865211634772,16.80438032621683,6.99843735688807,1.0961212928260946,249.82145413305508,0.11448079134152572,0.25783622701793146,32.36458623937934,49.577653107875065,0.6194275428440658,7.8419573507191975,187.85156932808079,0.3610978280484021,0.06326016060412792,0.08789945038430258,0.2466880352160413,0.1306465577261718,0.8713493368625451,0.0,0.0,0.0825761139747711,0.0,0.0
88608e24a3fffff,2024-01-01,pune,18.72808348902429,10.426742923960033,16.53703100855947,3.81738973138759,177.58330196436168,0.16165647859013138,0.3166880287957418,21.805426871269763,46.7855650751931,0.17713806814991784,1.4037145917428193,71.72934366152863,0.29571442131546516,0.18576987333297892,0.0777025447380317,0.2344759043330855,0.10427445833730431,0.8914670101783039,0.0,0.0,0.0,0.0,0.0
88608e24a3fffff,2024-02-01,pune,23.24988726714527,13.847318181398268,19.537889567171536,3.014409973620622,206.13852517316127,0.12209740019268256,0.25032502373029897,28.913678981913097,54.523574234902185,0.7930461767132482,2.844365007981318,148.9202610414723,0.5012596627648817,0.1465334614065192,0.18377757443105042,0.2728046850818851,0.07659663074042355,0.9813093872311549,0.0,0.0,0.4842813297498339,0.0,0.0
88608e24a7fffff,2024-01-01,pune,26.21635045863195,20.348918850043965,4.8739651770822,1.9364872087106852,184.41914673055754,0.20550172582530096,0.3527727055649495,29.271162342704347,48.99101014459779,0.6996881907281731,7.228476849374516,149.20274256735098,0.8436647518230102,0.11684329314126549,0.12710893822614097,0.24993498968814304,0.10863200245308684,0.9018012735904155,0.0,0.0,0.034929268808061305,0.0,0.6659520377603172
88608e24a7fffff,2024-02-01,pune,20.703881531522224,15.026568579916304,0.06919197865541611,0.5,264.22904208852805,0.09605307858286855,0.3937356941107549,27.57837604274741,50.18513403242268,0.6939753354377511,0.11853470344119658,59.47145350347653,0.4536353052063204,0.21622363423996246,0.0974483770227988,0.21929661740230239,0.060179613495004954,0.9344473995785865,0.0,0.0,0.13191540783069952,0.0,0.0
88608e24a9fffff,2024-01-01,pune,23.83483443687462,14.68253052135469,2.316250470063082,5.61619370753805,208.33642570007225,0.20755472984255346,0.35248423422025027,26.231928606334428,34.26951544858436,0.3527429453946802,7.6056170225547115,51.52913073831061,0.5579498051324003,0.09201392510923122,0.17752243530814027,0.3195763623839776,0.06943900312198434,0.9256634544247417,0.0,0.0,0.0,0.0,0.0
88608e24a9fffff,2024-02-01,pune,22.242766843551845,12.27453337670433,64.0795171092582,9.16192332217553,252.28682728051874,0.10751786908137992,0.216957096758347,27.008538531756237,45.955338947187954,0.19830453909378956,6.106432873428237,255.52272557301262,0.40043387516118617,0.04612308594164864,0.1265545014610065,0.29248333092434675,0.07973241798233777,0.8441081912006045,0.0,0.0,0.0,0.0,0.06553492551136236
88608e24abfffff,2024-01-01,pune,21.653544225005454,14.871354487193688,22.340699294073673,2.0872169907295715,217.6910011470222,0.22616211320833285,0.3800600151891783,26.908843798033725,39.04176319085978,0.46519131065250463,9.467932948547015,928.3859415848058,0.6053916859212978,0.028162578255315606,0.08857318734236011,0.22526238868256554,0.08480757588022794,0.8835708560394138,0.0,0.0,0.0,0.0,1.9799901889693918
88608e24abfffff,2024-02-01,pune,24.260801384343146,13.791073789078023,0.13470815556716081,5.090289876685005,270.2100110288335,0.11336040572441677,0.2592919633376834,28.768325634289884,55.435034426674974,0.514636696398103,1.9622665683528018,114.93907737518134,0.3480272163413959,0.3259630635041718,0.11403387581680152,0.2658939652316693,0.12018156514249803,0.9243657054023031,0.0,0.0,0.5583096661512568,0.0,0.0
88608e24adfffff,2024-01-01,pune,22.56133220902668,13.271027529022287,4.302001252679087,1.0272816432191372,191.4528262717426,0.16455744993950777,0.3920344413190492,28.268990796040555,52.01516838526264,0.3383893539628841,2.798906260385276,622.1389958069542,0.16816394607377616,0.015500376595750513,0.1581812905266958,0.2941957233727266,0.13285409466696343,0.9040596770783095,0.0,0.0,0.2805498736264015,0.0,0.21058342721327392
88608e24adfffff,2024-02-01,pune,22.4296239616776,14.021600246634337,7.373317593812886,0.7678683859333044,237.4049121871873,0.15282126134248164,0.2585846895689929,25.75630950664547,59.639646301835114,0.332898212278688,8.35640041319012,69.66527595904856,0.3383738750802932,0.0014495641427429483,0.1371044273262859,0.25154060547999446,0.13212781190105233,0.9354852171382043,0.0,0.0,0.899806118921587,0.0,0.0
88608e24b3fffff,2024-01-01,pune,20.925898397242953,15.70295711344077,4.7040084040931385,1.287606234917549,204.33981518772154,0.17756739595168203,0.5046492348853462,24.73289187834582,47.119009578399535,0.9091897568482348,1.271000689612803,313.9373522052498,0.6931507102180852,0.09819068646666788,0.15123580928349445,0.3316427406843897,0.03643078326721795,0.8930864198563022,0.0,0.0,0.0,0.0,0.32773981523798973
88608e24b3fffff,2024-02-01,pune,23.6501103603884,14.859098654261823,3.1574522883213536,2.105207420167112,278.7424563483135,0.14607886642173662,0.2862167290275857,31.268778666550205,50.97382581528938,0.9190343849959081,7.4596384156374125,1003.6330050761075,0.08383132789130604,0.06749176808180325,0.1319824455380258,0.26238689639516544,0.12016935007631936,0.9156745896551686,0.0,0.0,0.19597255607052996,0.0,0.9438844298263519
88608e24bdfffff,2024-01-01,pune,20.89845496097398,13.963807432507524,22.918008221188057,1.4571869388286784,199.7359321899121,0.16687012148653804,0.4399628898633436,25.699831519055653,47.090097707042666,0.6083514042527581,9.241526182320861,401.7202998413747,0.2931748448252224,0.2865525424609572,0.09287273921871134,0.2873517258633933,0.14335434179189158,0.9333584376049744,0.0,0.0,0.0,0.0,0.0
88608e24bdfffff,2024-02-01,pune,21.98666977273991,11.006035668308943,8.642047673299354,0.5,250.24566862818014,0.11071798077607696,0.28168966526213945,28.72169614937795,48.94951411447431,0.7084545240375164,9.38849705135991,327.91272345128027,0.8119707870237819,0.037818270553819,0.1605920574524097,0.2143253171283551,0.10245189111946153,0.8897044371133421,0.0,0.0,0.03155898220088695,0.0,1.2237640003725168
88608e24c3fffff,2024-01-01,pune,20.905515078569483,13.820317064353748,9.579507836634727,1.5203779445412273,184.24630570856752,0.1954669302990307,0.4113705414901507,26.972268617128137,57.20606405135024,0.6160390567818128,31.08765067600621,254.33438388140377,0.11662194407278251,0.12564941556968107,0.1273227298921364,0.27660584230842117,0.1269079240033632,0.929862750248522,0.0,0.0,0.7021517977284399,0.0,0.7539051813589602
88608e24c3fffff,2024-02-01,pune,24.134454619693877,17.54309954250919,20.195820931116625,0.7895581823886566,269.19925411812903,0.12310684517419573,0.2889158292798086,28.329047374856092,53.21728570199992,0.6283405414224491,3.1349001710608206,1248.4845236859671,0.3309302506492687,0.007771825269026447,0.13163284813842124,0.28270849377295654,0.15529415057722878,0.8816880896109714,0.0,0.0,0.3781852349078593,0.0,2.1473665885457236
88608e24d1fffff,2024-01-01,pune,22.833332208266153,17.227575507637127,6.179376641641263,9.014228535229533,224.25522668932354,0.21736145375545993,0.4144508132070105,26.858279929007843,49.521326024755,0.25176770345044663,7.484492802405144,168.9767715844942,0.30133352603273567,0.36578755002182484,0.11417888868636418,0.26656750231644216,0.10040135705131137,0.898083306947605,0.0,0.0,0.078001256734311,0.0,0.0
88608e24d1fffff,2024-02-01,pune,21.67795981271494,13.573507960167035,6.210886345171197,6.218505647178585,262.9505090417065,0.12190809845034424,0.28442597575331785,27.145513310519682,49.73589924757716,0.546378794350302,1.0492582342429801,287.03499218879546,0.4082544336323745,0.17734761958371556,0.14551130243272364,0.27417354850442427,0.08237951781444024,0.920018178939679,0.0,0.0,0.09542878551197588,0.0,0.0
88608e24d3fffff,2024-01-01,pune,20.464750142874873,14.102831246994047,20.79673193264208,1.9839740669419743,200.9005075260703,0.16150977777076506,0.37969928886456505,23.30329513014589,41.65410787396035,0.7445776611695915,3.462427198256213,343.60156331723954,0.0631069305031789,0.031145552337514388,0.18259214414729708,0.23015094231158367,0.08201339013054683,0.9465670928385324,0.0,0.0,0.0,0.0,0.0
88608e24d3fffff,2024-02-01,pune,21.509350009638315,12.67521652094931,1.3790281655902639,0.8420059034929237,252.06809333330983,0.11062284961561418,0.2827343753937893,26.431822635183476,50.32806106384979,0.3508426291430745,1.5682464929835203,156.64835686591954,0.14865301088278127,0.02213196138358693,0.08837246131959528,0.25666505429643527,0.0834557835813563,0.8999033560124874,0.0,0.0,0.143523869131421,0.0,0.0
88608e24d5fffff,2024-01-01,pune,19.604422401068586,10.54243908285168,3.206196606794467,1.6708681790990365,211.36413797036874,0.18423622476520177,0.3139358653407944,26.74205777885586,42.700135218290285,0.22516375038841188,2.5912653863917288,81.98960568372449,0.13051125614255676,0.3730927558300916,0.14880347664409363,0.2732853799959358,0.13434138882019575,0.8954205069766016,0.0,0.0,0.0,0.0,0.0
88608e24d5fffff,2024-02-01,pune,25.294624633183858,18.955811213514824,2.906048401326941,1.5237368574605972,263.9250885538973,0.11306761781940866,0.2999564116456895,29.322651780049647,49.00334644702698,0.6218299392169021,12.079171342265845,827.8888315200838,0.4697679642030779,0.0689163767414711,0.09655482757334094,0.3503920409386468,0.12670456204200237,0.8374257663450572,0.0,0.0,0.03593121706035034,0.0,2.162840408195368
88608e24d7fffff,2024-01-01,pune,19.713033885214053,9.471018298178514,19.180859830035836,1.6237219797021687,219.0383183186751,0.15468052537837876,0.36398312625211665,26.58280113349376,39.005412140167884,0.737867418028759,7.4015137554355075,407.860025220783,0.6452531686267404,0.005288842297142037,0.1462852943740622,0.3007362921949881,0.17382837644515717,0.8927336123669735,0.0,0.0,0.0,0.0,1.3085696321106226
88608e24d7fffff,2024-02-01,pune,24.90777602738842,19.05466061681234,7.4477944608361435,3.0919140096838458,254.58731335924915,0.13118368682616285,0.3141652517060721,31.943425249529678,57.90882183678211,0.4761267481466063,4.739737135817274,744.4229367365745,0.29383166141965594,0.26213326485165417,0.14810353615623495,0.2444520246830582,0.10482460230280267,0.9244878290976452,0.0,0.0,0.759229430101482,0.0,0.4095823636886141
88608e24d9fffff,2024-01-01,pune,21.298159637772375,12.811172829051147,2.209566477956306,1.43307763292009,219.88655269458206,0.1593004391641569,0.3981284560198954,23.67579573048646,54.06422118629695,0.6154557485566977,2.922826648758134,112.54499912682357,0.09083394177015379,0.08288886157771526,0.13235737383405044,0.27378081796894815,0.1318202366212559,0.9246875883680294,0.0,0.0,0.44697290715923466,0.0,0.0
88608e24d9fffff,2024-02-01,pune,25.484790792865883,19.90077657141353,8.133898909303364,2.8999300337788587,227.91145802945422,0.15236006326593413,0.3261305919949462,30.337879529382032,46.08530049126255,0.4727748555870879,6.083664859504127,180.64843040924572,0.37804142499953663,0.0070183675696419414,0.1193331977644021,0.32181854373102764,0.1188189817376506,0.901444961070513,0.0,0.0,0.0,0.0,0.0
88608e24dbfffff,2024-01-01,pune,19.066480785223614,12.20075362910321,9.513784334852232,4.366206361790199,194.77418101446517,0.1741255901483788,0.27540351790206224,21.80108945864591,40.49357721445922,0.7890270787351014,8.436162517424766,407.88496963514956,0.563620226422643,0.126960266202498,0.13589225942159128,0.27200714646410873,0.1272080817871449,0.8816344008399792,0.0,0.0,0.0,0.0,0.8824503648728435
88608e24dbfffff,2024-02-01,pune,22.628086773094786,14.437200494239796,1.2019901699334514,8.202097487555275,270.9222208732383,0.1453859140790724,0.32141783497532156,29.479017400496378,44.15686187604861,0.6135077946857943,1.6042949574006131,81.97593072338763,0.35865995287790664,0.23619509470659913,0.11802454824023868,0.2844597404730828,0.06791166731283976,0.9062844649748107,0.0,0.0,0.0,0.0,0.0
88608e24ddfffff,2024-01-01,pune,22.332752406629567,11.818743664729022,3.6567876563924147,0.5,191.97618584313506,0.2161550241214011,0.28757495609478684,26.134468617523343,43.354895016087085,0.7541018275678303,19.73044755907235,12.426482387453879,0.25219073400887554,0.12394124053884589,0.1342273325122307,0.22909790958842882,0.07438863024700712,0.8769868591223253,0.0,0.0,0.0,0.0,0.0
88608e24ddfffff,2024-02-01,pune,25.265828209403637,16.486200188934617,10.117474881091471,2.991042127805919,237.98589073371932,0.14426043358527094,0.2015505425139546,28.178584878860594,47.795581037571374,0.147997492049607,22.914566438089825,86.17289267351454,0.6191731825731714,0.5183416757292131,0.08782119636935401,0.2843926960805046,0.05966005565718385,0.8780313384074774,0.0,0.0,0.0,0.0,0.5867270448756037
88608e24e3fffff,2024-01-01,pune,21.122919697760775,14.582224938005943,6.089179188585297,5.8269602659637725,205.16974424875744,0.16181277545054942,0.2970458513587067,26.814649278788465,41.882825510228756,0.508259368761685,9.768335862627314,84.03714561771154,0.17876908438109276,0.05309026977282863,0.12121039935194282,0.2813633146229094,0.09112545288492924,0.8721297302570744,0.0,0.0,0.0,0.0,0.0
88608e24e3fffff,2024-02-01,pune,24.07791049007609,12.26730857099177,3.361769194987028,3.633443989514524,237.23403022491578,0.12709022337193152,0.24108950324445508,29.682692222423803,46.25352440724199,0.23277138163477556,12.493134334745262,522.5766885732476,0.11003411668089026,0.30520409588150726,0.11597597969130424,0.268530345752624,0.10043445857263829,0.8589181389315671,0.0,0.0,0.0,0.0,0.14727625787113785
88608e26b7fffff,2024-01-01,pune,21.60908020297944,10.724431465434469,24.878690296941706,0.5,187.28109372459224,0.2788338704474935,0.3976761118253872,28.357305494996975,39.552288915688024,0.21101093892892367,6.735901833701967,113.82833003009524,0.10135693093672775,0.3150743770446308,0.12524457319693005,0.24783791027738306,0.0994485439612063,0.8661756422476056,0.0,0.0,0.0,0.0,0.0
88608e26b7fffff,2024-02-01,pune,22.652046219194876,17.55106926118868,13.333823333594786,0.5,268.39529993827927,0.1232593346696882,0.28986634981011344,25.43035996447507,54.70764596321895,0.6946591412666299,6.243523492069622,827.0306229908776,0.5723100935024921,0.3741208363523155,0.1437493692572393,0.21635226824027123,0.08761711903714244,0.8904776856113021,0.0,0.0,0.4992315425499358,0.0,1.2535734720860134
